submission_id,age,cups,where_drink,brew,purchase,favorite,roast_level,style,strength,caffeine,expertise,coffee_a_personal_preference,coffee_b_personal_preference,coffee_c_personal_preference,coffee_d_personal_preference,prefer_overall,total_spend,gender,education_level,employment_status
gMR29l,18-24 years old,,,,,Regular drip coffee,,Complex,,,,,,,,,,,,
BkPN0e,25-34 years old,,,Pod/capsule machine (e.g. Keurig/Nespresso),,Iced coffee,,Light,,,,,,,,,,,,
W5G8jj,25-34 years old,,,Bean-to-cup machine,,Regular drip coffee,,Complex,,,,,,,,,,,,
4xWgGr,35-44 years old,,,Coffee brewing machine (e.g. Mr. Coffee),,Iced coffee,,Complex,,,,,,,,,,,,
QD27Q8,25-34 years old,,,Pour over,,Latte,,Sweet,,,,,,,,,,,,
V0LPeM,55-64 years old,,,"Pod/capsule machine (e.g. Keurig/Nespresso), Espresso, French press",,Iced coffee,,,,,,,,,,,,,,
V0Gaxg,18-24 years old,,"At a cafe, At the office, At home, On the go","Pour over, French press, Espresso, Instant coffee, Pod/capsule machine (e.g. Keurig/Nespresso)","National chain (e.g. Starbucks, Dunkin), Local cafe, Drive-thru, Specialty coffee shop, Other",Pourover,,Complex,,,,,,,,,,,,
AdzRL0,,,,,,,,,,,,,,,,,,,,
LbWda2,25-34 years old,Less than 1,At a cafe,,,Regular drip coffee,,Light,,,,4.0,4.0,4.0,4.0,,,,,
EXQLWN,,,,,,,,,,,,,,,,,,,,
2eNLJg,18-24 years old,,,,,,,,,,,,,,,,,,,
xpa2K9,,,,,,,,,,,,,,,,,,,,
V00RoJ,,,,,,,,,,,,,,,,,,,,
7WWB4A,<18 years old,2,"On the go, At a cafe, At home, At the office","Pour over, Coffee brewing machine (e.g. Mr. Coffee), Espresso, Bean-to-cup machine","Local cafe, Specialty coffee shop",Other,Light,Full Bodied,Somewhat light,Full caffeine,,,,,,,,,,
pKL8aB,25-34 years old,1,At the office,,,Pourover,Light,Fruity,Somewhat strong,Full caffeine,7.0,,,,,,,,,
Zd694B,<18 years old,3,"At home, At the office, At a cafe","Pour over, Espresso, Instant coffee",,Pourover,Light,Bright,Medium,Full caffeine,10.0,1.0,1.0,1.0,1.0,Coffee B,>$100,Other (please specify),Bachelor's degree,Employed full-time
QAeYZY,>65 years old,3,"At the office, At a cafe",,,Cortado,Blonde,Fruity,Somewhat strong,Full caffeine,7.0,3.0,3.0,3.0,3.0,Coffee D,,,,
QA5JYA,25-34 years old,1,"At home, At the office, On the go","Pour over, Coffee brewing machine (e.g. Mr. Coffee)","National chain (e.g. Starbucks, Dunkin), Local cafe, Specialty coffee shop",Regular drip coffee,Medium,Sweet,Somewhat strong,Full caffeine,6.0,3.0,3.0,3.0,3.0,Coffee B,$40-$60,Female,Bachelor's degree,Employed full-time
Rz5BPj,25-34 years old,2,At a cafe,,,,,,,,,,,,,,,,,
jyDqva,18-24 years old,2,At the office,,,Iced coffee,Nordic,Nutty,Somewhat strong,Full caffeine,4.0,4.0,4.0,4.0,4.0,Coffee A,,,,
eB7QoJ,18-24 years old,3,At home,Pour over,,,,,,,,,,,,,,,,
24xzlg,18-24 years old,,At home,Other,,Pourover,Light,Bright,Somewhat light,Full caffeine,6.0,,,,,,,,,
DVvoqX,35-44 years old,,"At the office, On the go, At home",Espresso,Local cafe,Cappuccino,Medium,Caramalized,Somewhat strong,Full caffeine,9.0,,,,,,,,,
1r2YJQ,25-34 years old,More than 4,"At the office, At home, At a cafe, On the go",Coffee extract (e.g. Cometeer),"National chain (e.g. Starbucks, Dunkin), Specialty coffee shop, Local cafe",Regular drip coffee,,Bold,Very strong,Full caffeine,8.0,,,,,,,,,
24xYOV,45-54 years old,1,At home,Pour over,,Regular drip coffee,Light,Fruity,Medium,Full caffeine,5.0,,,,,,,,,
AlbYao,18-24 years old,2,"At the office, At home","Pod/capsule machine (e.g. Keurig/Nespresso), French press",,Latte,Medium,Full Bodied,Somewhat strong,Full caffeine,7.0,,,,,,,,,
J2krYz,35-44 years old,1,"At home, At a cafe","Pour over, Espresso",,Pourover,Medium,Fruity,,Full caffeine,7.0,,,,,,,,,
WAp6ak,,,,,,,,,,,,,,,,,,,,
aBr18q,25-34 years old,3,"At home, On the go",,,,,,,,,,,,,,,,,
42NYWO,18-24 years old,,,,,,,,,,,,,,,,,,,
6dQ08e,25-34 years old,1,"At a cafe, At home, On the go","Espresso, Cold brew, Pour over",Specialty coffee shop,Latte,Medium,Chocolatey,Very strong,Full caffeine,7.0,,,,,,,,,
J2kj9J,18-24 years old,2,,"French press, Cold brew",,Iced coffee,,,,,,,,,,,,,,
8dpDNA,18-24 years old,3,,"Pour over, Espresso",,Pourover,,,,,,,,,,,,,,
EPbVlL,<18 years old,,At home,Pour over,,Regular drip coffee,Light,Fruity,Somewhat strong,Full caffeine,7.0,,,,,,,,,
ylqbBg,45-54 years old,2,"At home, At the office, At a cafe, On the go","Pour over, French press, Espresso","Local cafe, Specialty coffee shop",Regular drip coffee,Light,Floral,Medium,Full caffeine,8.0,4.0,5.0,3.0,3.0,Coffee B,$20-$40,Male,Master's degree,Employed full-time
vNx6A4,18-24 years old,,,,,,,,,,,,,,,,,,,
KMB2og,,,,,,,,,,,,,,,,,,,,
qbEQPO,18-24 years old,3,"At the office, At home, At a cafe","Pour over, Cold brew, Other",,Pourover,Light,Fruity,Somewhat strong,Full caffeine,8.0,,,,,,,,,
9dJ0O5,25-34 years old,2,"At home, At the office, At a cafe","French press, Pod/capsule machine (e.g. Keurig/Nespresso), Other",,Cortado,Light,Fruity,Somewhat strong,Full caffeine,5.0,,,,,,,,,
BGboZR,18-24 years old,3,"At home, At a cafe, On the go","Pour over, French press, Espresso, Other, Cold brew, Coffee brewing machine (e.g. Mr. Coffee)","Local cafe, Specialty coffee shop",Espresso,Light,Full Bodied,Medium,Full caffeine,,,,,,,,,,
oAVNdO,>65 years old,1,At home,Pod/capsule machine (e.g. Keurig/Nespresso),,Regular drip coffee,Dark,Full Bodied,Somewhat strong,,2.0,3.0,3.0,,4.0,Coffee C,,,,
YZzBdN,25-34 years old,2,"At home, At the office","Pour over, Espresso",,Pourover,Light,Floral,Medium,Full caffeine,10.0,4.0,4.0,4.0,4.0,Coffee A,$40-$60,Male,Master's degree,Unemployed
VZ17Z6,35-44 years old,1,"At the office, At home",Pour over,,Iced coffee,Light,Fruity,Very strong,Full caffeine,6.0,3.0,4.0,1.0,5.0,Coffee D,$20-$40,Male,Bachelor's degree,Employed full-time
RzBeZj,45-54 years old,More than 4,At home,"Pour over, French press, Pod/capsule machine (e.g. Keurig/Nespresso)",,Pourover,Dark,Full Bodied,Somewhat strong,Full caffeine,7.0,4.0,2.0,2.0,2.0,Coffee A,$40-$60,Male,Bachelor's degree,Employed full-time
0Ej0GZ,35-44 years old,1,"At the office, At a cafe, At home","Pour over, Espresso, Other",,Cappuccino,Medium,Nutty,Medium,Full caffeine,8.0,2.0,,,,,,,,
eBxO4l,,2,,,,,,,,,,,,,,,,,,
WApbkQ,35-44 years old,2,"At a cafe, At home","Espresso, Pod/capsule machine (e.g. Keurig/Nespresso)",,Cappuccino,Blonde,Floral,Somewhat strong,Full caffeine,4.0,5.0,4.0,4.0,3.0,Coffee A,$60-$80,Male,Less than high school,Unemployed
0Ej0WA,45-54 years old,2,At home,"Coffee extract (e.g. Cometeer), Pour over",,Pourover,Light,Fruity,Somewhat light,Full caffeine,8.0,3.0,4.0,3.0,5.0,Coffee D,>$100,Male,Bachelor's degree,Employed full-time
9dJYlQ,35-44 years old,2,"At home, At the office",Other,,Latte,Medium,Nutty,Somewhat strong,Full caffeine,2.0,2.0,3.0,4.0,5.0,Coffee D,$20-$40,Male,Bachelor's degree,Employed full-time
BGbJzQ,35-44 years old,1,"At home, At the office, On the go","Espresso, Pod/capsule machine (e.g. Keurig/Nespresso)","National chain (e.g. Starbucks, Dunkin)",Latte,Light,Chocolatey,Medium,Full caffeine,7.0,,,,,,,,,
OABqpR,25-34 years old,1,At home,French press,,Cappuccino,Medium,Chocolatey,Medium,Half caff,7.0,1.0,3.0,2.0,2.0,Coffee B,,,,
bl41Zg,45-54 years old,Less than 1,At a cafe,,,Iced coffee,Medium,Sweet,Somewhat strong,Half caff,2.0,4.0,2.0,5.0,4.0,Coffee D,<$20,Male,Some college or associate's degree,Employed full-time
GrBVrk,25-34 years old,1,On the go,,Deli or supermarket,Cold brew,Medium,Chocolatey,Somewhat strong,Full caffeine,1.0,3.0,3.0,3.0,2.0,Coffee C,,,,
WApbYk,35-44 years old,1,"At the office, At home",Other,,Americano,Light,Nutty,Medium,Full caffeine,7.0,3.0,2.0,1.0,5.0,Coffee D,,Female,Bachelor's degree,Employed full-time
eBxG20,35-44 years old,3,"At home, At the office","Espresso, Pour over, French press, Cold brew",,Espresso,Medium,Nutty,Somewhat strong,Half caff,8.0,1.0,2.0,3.0,4.0,Coffee C,$20-$40,Male,Doctorate or professional degree,Employed full-time
24x9NA,25-34 years old,2,At home,"Pour over, Instant coffee, Cold brew",,Pourover,,,,,,,,,,,,,,
NAB2qB,25-34 years old,2,At home,Espresso,,Cortado,Dark,Chocolatey,Somewhat strong,Full caffeine,7.0,3.0,5.0,4.0,2.0,Coffee B,$60-$80,Male,Bachelor's degree,Employed full-time
RzBqoJ,35-44 years old,2,At home,"Espresso, Cold brew, Pour over",,Cold brew,Light,Nutty,Medium,Full caffeine,7.0,4.0,2.0,3.0,5.0,Coffee D,$40-$60,Male,Bachelor's degree,Employed full-time
jB98xY,35-44 years old,Less than 1,On the go,,Local cafe,Espresso,Medium,Nutty,Very strong,Half caff,8.0,,,,,,,,,
LdMxB2,35-44 years old,2,"At the office, At home, On the go","Espresso, Cold brew",Local cafe,Iced coffee,Medium,Full Bodied,,Full caffeine,6.0,,,,,,,,,
GrBOrz,25-34 years old,,,,,,Dark,Chocolatey,Medium,,5.0,,3.0,,,,,,,
5dqajd,25-34 years old,More than 4,"At home, At a cafe",Other,,Cappuccino,Light,Fruity,Somewhat strong,Full caffeine,6.0,4.0,2.0,3.0,5.0,Coffee D,>$100,Male,Bachelor's degree,Employed full-time
VZ1W0E,35-44 years old,More than 4,"At home, At a cafe","Pod/capsule machine (e.g. Keurig/Nespresso), Cold brew, French press, Pour over, Coffee brewing machine (e.g. Mr. Coffee)",,Espresso,Medium,Bold,Very strong,Full caffeine,8.0,4.0,3.0,3.0,1.0,Coffee A,>$100,Male,Master's degree,Employed full-time
NABN5G,45-54 years old,More than 4,At home,"Pod/capsule machine (e.g. Keurig/Nespresso), Other",,Americano,Dark,Bold,Somewhat strong,Half caff,6.0,1.0,5.0,3.0,1.0,Coffee B,$40-$60,Female,,
6dQY8o,25-34 years old,2,"At home, At a cafe, On the go, At the office","Pour over, Espresso",Specialty coffee shop,Cappuccino,Light,Juicy,Somewhat strong,Full caffeine,8.0,4.0,4.0,3.0,5.0,Coffee D,>$100,Male,Bachelor's degree,Employed full-time
WAp6va,45-54 years old,More than 4,At home,"Espresso, Bean-to-cup machine, Pour over",,Espresso,Dark,Bold,Somewhat strong,Full caffeine,8.0,2.0,4.0,3.0,2.0,Coffee B,$60-$80,Male,Master's degree,Employed full-time
EPbVGA,25-34 years old,,"At home, At the office, At a cafe","Coffee brewing machine (e.g. Mr. Coffee), Cold brew",,Latte,Medium,Chocolatey,Medium,Full caffeine,,4.0,3.0,,,,,,,
OABqQp,35-44 years old,2,"On the go, At a cafe, At the office",,"Local cafe, National chain (e.g. Starbucks, Dunkin)",Latte,Medium,Sweet,Very strong,Full caffeine,3.0,5.0,4.0,4.0,4.0,Coffee A,$20-$40,Male,Some college or associate's degree,Employed full-time
DVvOop,35-44 years old,2,At home,Espresso,,Cold brew,Dark,Nutty,Somewhat strong,Full caffeine,5.0,,3.0,,,,,,,
KMBrLz,25-34 years old,3,"At the office, At home","Pour over, French press, Espresso, Cold brew",,Cappuccino,Medium,Caramalized,Somewhat strong,Full caffeine,3.0,,,,,,,,,
jB9r21,25-34 years old,1,"At home, At a cafe","Pour over, Espresso, Coffee brewing machine (e.g. Mr. Coffee), Cold brew",,Latte,Medium,Chocolatey,Somewhat strong,Full caffeine,5.0,3.0,3.0,3.0,4.0,Coffee D,>$100,Male,Bachelor's degree,Employed full-time
pLPYLE,25-34 years old,2,"At the office, On the go",,"Drive-thru, National chain (e.g. Starbucks, Dunkin)",Iced coffee,Light,Caramalized,Very strong,Full caffeine,8.0,5.0,1.0,2.0,4.0,Coffee A,$40-$60,Male,Bachelor's degree,Employed full-time
oAV8yX,35-44 years old,2,At home,Espresso,,Other,Light,Floral,Somewhat strong,Full caffeine,9.0,5.0,1.0,1.0,5.0,Coffee A,,,,
aBrp0W,18-24 years old,4,At home,"Coffee brewing machine (e.g. Mr. Coffee), Cold brew",,Cold brew,Light,Sweet,Medium,Full caffeine,5.0,,,,,,,,,
g5NPxK,25-34 years old,2,"At home, At the office","Espresso, Pour over",,Cappuccino,Light,Fruity,Somewhat strong,Full caffeine,9.0,3.0,3.0,3.0,4.0,Coffee D,$40-$60,Male,,
bl41kE,25-34 years old,2,"At home, At a cafe, On the go","Pour over, French press, Espresso, Coffee brewing machine (e.g. Mr. Coffee)","Specialty coffee shop, Drive-thru, Local cafe, National chain (e.g. Starbucks, Dunkin)",Pourover,Light,Nutty,Somewhat strong,Full caffeine,7.0,5.0,2.0,4.0,3.0,Coffee A,$80-$100,Male,Bachelor's degree,Employed full-time
GrBO1z,45-54 years old,2,"At home, At the office","Pour over, French press",,Cappuccino,Medium,Chocolatey,Medium,Full caffeine,6.0,4.0,4.0,1.0,5.0,Coffee D,$40-$60,Male,Master's degree,Employed full-time
xdN8Q9,25-34 years old,2,"At home, At a cafe, On the go","Pour over, French press, Espresso, Coffee brewing machine (e.g. Mr. Coffee), Cold brew",Local cafe,Pourover,Light,Fruity,Very strong,Full caffeine,8.0,4.0,3.0,3.0,4.0,Coffee D,$40-$60,Male,Master's degree,Employed full-time
vNx8Xv,35-44 years old,1,At home,French press,,Cold brew,Medium,Chocolatey,Medium,Full caffeine,6.0,4.0,5.0,2.0,1.0,Coffee B,$20-$40,Female,Bachelor's degree,Unemployed
dY2JPN,18-24 years old,2,"At home, At a cafe",Pour over,,Pourover,Light,Nutty,Somewhat strong,Full caffeine,6.0,4.0,3.0,3.0,2.0,Coffee C,$20-$40,Male,,
MAdjLE,35-44 years old,2,At home,"Espresso, Pour over",,Espresso,Nordic,Fruity,Somewhat strong,Full caffeine,9.0,3.0,2.0,3.0,4.0,Coffee D,>$100,Male,Doctorate or professional degree,Employed full-time
6dQ6xo,25-34 years old,3,"At the office, At home","Espresso, Pour over",,Latte,Medium,Chocolatey,Somewhat strong,Full caffeine,7.0,5.0,2.0,5.0,4.0,Coffee C,$40-$60,Male,Master's degree,Employed full-time
7d97lZ,25-34 years old,2,"At home, At the office",Coffee extract (e.g. Cometeer),,Americano,Dark,Full Bodied,Medium,Full caffeine,3.0,2.0,4.0,3.0,2.0,Coffee B,>$100,Female,Doctorate or professional degree,Employed full-time
0EjqPQ,25-34 years old,3,At home,Pour over,,Pourover,Light,Fruity,Somewhat strong,Full caffeine,7.0,2.0,2.0,3.0,5.0,Coffee D,$40-$60,Male,Bachelor's degree,Employed full-time
BGbJD4,25-34 years old,1,At the office,,,Pourover,Light,Chocolatey,Medium,Full caffeine,2.0,5.0,4.0,2.0,3.0,Coffee A,$20-$40,Male,Bachelor's degree,Employed full-time
9dJYbp,25-34 years old,3,"At home, At the office","Pour over, Espresso, Coffee brewing machine (e.g. Mr. Coffee)",,Latte,Light,Chocolatey,Medium,Full caffeine,8.0,5.0,3.0,2.0,1.0,Coffee D,$20-$40,Male,Master's degree,Student
xdNbJ9,25-34 years old,1,"At home, On the go, At the office, At a cafe",Espresso,"National chain (e.g. Starbucks, Dunkin)",Espresso,Medium,Fruity,Very strong,Full caffeine,6.0,4.0,3.0,3.0,5.0,Coffee D,$20-$40,Male,Bachelor's degree,Employed full-time
EPbVLl,45-54 years old,2,"At home, At the office, On the go",Pod/capsule machine (e.g. Keurig/Nespresso),Local cafe,Regular drip coffee,Italian,Full Bodied,Somewhat strong,Full caffeine,6.0,1.0,4.0,5.0,,Coffee C,,,,
pLPNQJ,35-44 years old,1,"At home, On the go",Pour over,Local cafe,Pourover,Medium,Chocolatey,Somewhat strong,Full caffeine,7.0,5.0,4.0,3.0,1.0,Coffee A,$40-$60,Female,Doctorate or professional degree,Employed full-time
AlbMLW,25-34 years old,2,"At home, At a cafe","Pour over, Other",,Iced coffee,Light,Bright,Medium,Decaf,7.0,4.0,2.0,2.0,5.0,Coffee D,$80-$100,Male,Bachelor's degree,Employed full-time
EPboPq,25-34 years old,3,At home,"Pour over, Cold brew",,Latte,Medium,Full Bodied,Medium,Full caffeine,3.0,4.0,5.0,2.0,1.0,Coffee C,>$100,Male,Master's degree,Employed full-time
ylq8yW,25-34 years old,3,"At home, At the office, On the go, At a cafe","Espresso, Coffee brewing machine (e.g. Mr. Coffee)","Local cafe, National chain (e.g. Starbucks, Dunkin)",Americano,Light,Full Bodied,Somewhat strong,Full caffeine,7.0,2.0,3.0,5.0,3.0,Coffee C,$20-$40,Male,Bachelor's degree,Employed full-time
J2kEDz,45-54 years old,1,"At the office, At home","Espresso, Pour over, Coffee brewing machine (e.g. Mr. Coffee)",,Cappuccino,Medium,Nutty,Somewhat strong,Decaf,5.0,4.0,2.0,1.0,2.0,Coffee A,$20-$40,Male,Some college or associate's degree,Employed full-time
24x9Lg,25-34 years old,2,At home,Pour over,,Pourover,Light,Juicy,Somewhat strong,Full caffeine,6.0,3.0,2.0,3.0,5.0,Coffee D,$20-$40,Male,Some college or associate's degree,Employed full-time
0EjYb6,35-44 years old,3,At home,"Pour over, Espresso",,Pourover,Light,Fruity,Medium,Full caffeine,8.0,2.0,2.0,4.0,5.0,Coffee D,>$100,Male,Some college or associate's degree,Employed full-time
ZdRb6a,25-34 years old,2,At home,"Espresso, Pour over",,Cortado,Medium,Nutty,Somewhat strong,Full caffeine,7.0,3.0,2.0,4.0,5.0,Coffee D,$20-$40,Male,Doctorate or professional degree,Employed full-time
WApbdP,25-34 years old,3,"At the office, At home",Other,,Espresso,Light,Floral,Medium,Full caffeine,7.0,2.0,2.0,3.0,4.0,Coffee D,$20-$40,Male,Bachelor's degree,Employed full-time
24xY69,18-24 years old,2,At home,"French press, Cold brew",,Cold brew,Medium,Chocolatey,Somewhat strong,Full caffeine,2.0,1.0,4.0,5.0,2.0,Coffee C,$20-$40,Male,Some college or associate's degree,Student
RzBqWd,25-34 years old,1,At home,Pour over,,Pourover,Light,Fruity,Medium,Full caffeine,5.0,4.0,2.0,3.0,5.0,Coffee D,$40-$60,Male,,
RzBqLv,25-34 years old,More than 4,"At home, At the office, At a cafe","Pour over, French press, Espresso, Coffee brewing machine (e.g. Mr. Coffee)",,Espresso,Medium,Full Bodied,Somewhat strong,Full caffeine,5.0,4.0,3.0,4.0,2.0,Coffee A,$40-$60,Male,High school graduate,Employed full-time
oAV8d5,35-44 years old,3,"At home, At a cafe",French press,,Americano,Medium,Nutty,Very strong,Full caffeine,7.0,3.0,4.0,5.0,2.0,Coffee C,$40-$60,Male,Bachelor's degree,Employed full-time
oAV8OM,25-34 years old,2,At home,"Pour over, Espresso, Cold brew",,Pourover,Light,Fruity,Somewhat light,Full caffeine,7.0,4.0,3.0,1.0,5.0,Coffee D,$60-$80,Male,Bachelor's degree,Employed full-time
AlbYyW,25-34 years old,1,At the office,,,Mocha,Light,Floral,Somewhat strong,Full caffeine,4.0,4.0,3.0,2.0,5.0,Coffee D,$20-$40,Male,Bachelor's degree,Employed full-time
KMB4kk,25-34 years old,1,"At the office, At home","Cold brew, Coffee extract (e.g. Cometeer), Pod/capsule machine (e.g. Keurig/Nespresso), Other",,Cappuccino,Light,Chocolatey,Medium,Full caffeine,3.0,2.0,5.0,4.0,1.0,Coffee B,$60-$80,Female,Doctorate or professional degree,Employed full-time
42N0Kd,18-24 years old,2,"At home, At the office, At a cafe","French press, Pod/capsule machine (e.g. Keurig/Nespresso)",,Latte,Medium,Full Bodied,Somewhat strong,Full caffeine,7.0,3.0,5.0,4.0,1.0,Coffee B,$60-$80,Male,Some college or associate's degree,Employed full-time
0Ej0VZ,25-34 years old,1,At home,"French press, Cold brew",,Latte,Medium,Sweet,Medium,Full caffeine,6.0,4.0,3.0,2.0,4.0,Coffee A,<$20,Female,Some college or associate's degree,Employed part-time
rlrQQo,35-44 years old,1,"At home, On the go, At a cafe",Instant coffee,"Specialty coffee shop, Local cafe",Latte,Dark,Nutty,Somewhat strong,Half caff,7.0,3.0,3.0,4.0,1.0,Coffee C,$20-$40,Female,Master's degree,Employed full-time
vNx84X,35-44 years old,2,At home,Espresso,,Espresso,Light,Fruity,Very strong,Full caffeine,7.0,5.0,4.0,4.0,2.0,Coffee A,$40-$60,Male,Doctorate or professional degree,Employed full-time
OABxLk,25-34 years old,1,"At a cafe, At home","Pour over, Espresso",,Iced coffee,Light,Fruity,Medium,Full caffeine,8.0,5.0,1.0,2.0,4.0,Coffee A,$60-$80,Male,Master's degree,Student
MAd2V0,25-34 years old,1,At home,Coffee brewing machine (e.g. Mr. Coffee),,Regular drip coffee,Dark,Bold,Somewhat strong,Full caffeine,4.0,3.0,5.0,4.0,1.0,Coffee B,<$20,Male,Bachelor's degree,Employed full-time
8dpbGk,25-34 years old,2,"At home, At a cafe","Pour over, Espresso, French press",,Espresso,Nordic,Floral,Medium,Full caffeine,8.0,4.0,3.0,2.0,3.0,Coffee A,$80-$100,Male,Bachelor's degree,Employed full-time
zKQ8ja,25-34 years old,1,"At the office, At home",Espresso,,Latte,Medium,Chocolatey,Somewhat strong,Full caffeine,7.0,4.0,4.0,3.0,4.0,Coffee A,$20-$40,Male,Bachelor's degree,Employed full-time
YZzBLJ,35-44 years old,1,At home,Cold brew,,Cold brew,Medium,Caramalized,Somewhat strong,Full caffeine,5.0,1.0,3.0,3.0,2.0,Coffee C,$60-$80,Female,Bachelor's degree,Employed full-time
QABNdl,25-34 years old,3,At home,"Pour over, French press, Espresso",,Cortado,Medium,Chocolatey,Medium,Full caffeine,5.0,2.0,4.0,3.0,1.0,Coffee B,$40-$60,Male,Master's degree,Employed full-time
8dpbko,25-34 years old,2,At home,Espresso,,Espresso,Light,Fruity,Very strong,Full caffeine,7.0,5.0,5.0,2.0,3.0,Coffee B,>$100,Male,Bachelor's degree,Employed full-time
XeB6Ee,25-34 years old,4,"At home, At the office",Bean-to-cup machine,,Americano,Light,Sweet,Very strong,Full caffeine,6.0,5.0,2.0,1.0,4.0,Coffee A,$80-$100,Male,Doctorate or professional degree,Employed full-time
KMBroK,25-34 years old,Less than 1,"At home, On the go",Pour over,"National chain (e.g. Starbucks, Dunkin)",Latte,Medium,Caramalized,Weak,Decaf,1.0,2.0,5.0,1.0,4.0,Coffee B,<$20,Female,Master's degree,Employed full-time
24x9rg,35-44 years old,1,At home,"Pour over, Pod/capsule machine (e.g. Keurig/Nespresso)",,Cortado,Light,Fruity,Somewhat strong,Half caff,6.0,4.0,3.0,2.0,5.0,Coffee D,$20-$40,Male,Doctorate or professional degree,Employed full-time
dY2JjD,25-34 years old,2,"At the office, At home","Pour over, Espresso",,Pourover,Light,Fruity,Medium,Full caffeine,8.0,4.0,3.0,2.0,5.0,Coffee D,$20-$40,Male,Master's degree,Employed full-time
LdMjyz,18-24 years old,1,At home,"Pour over, Coffee extract (e.g. Cometeer)",,Pourover,Medium,Fruity,Somewhat strong,Full caffeine,8.0,3.0,5.0,4.0,5.0,Coffee D,$20-$40,Male,High school graduate,Employed full-time
9dJYM1,55-64 years old,4,"At home, At the office, On the go, At a cafe","Espresso, French press, Pour over","Specialty coffee shop, Local cafe",Americano,French,Bright,Medium,Full caffeine,7.0,1.0,3.0,4.0,5.0,Coffee D,$40-$60,Male,Some college or associate's degree,Employed full-time
kYR4rj,25-34 years old,2,"At home, At the office, At a cafe, On the go","Espresso, Pour over, French press",Local cafe,Americano,Medium,Full Bodied,Somewhat strong,Full caffeine,8.0,2.0,3.0,4.0,1.0,Coffee C,$20-$40,Male,Bachelor's degree,Employed full-time
pLPN7q,35-44 years old,1,"At home, At a cafe","Pour over, Espresso, French press, Cold brew, Other",,Pourover,Light,Juicy,Somewhat strong,Full caffeine,8.0,4.0,2.0,2.0,5.0,Coffee D,$40-$60,Male,Bachelor's degree,Employed full-time
6dQ0eO,25-34 years old,Less than 1,"At the office, At home","Espresso, Cold brew",,Cold brew,Medium,Sweet,Somewhat strong,Full caffeine,3.0,3.0,4.0,3.0,1.0,Coffee B,<$20,Male,Bachelor's degree,Employed full-time
42NlLd,25-34 years old,2,"At home, At a cafe",Coffee brewing machine (e.g. Mr. Coffee),,Regular drip coffee,Medium,Caramalized,Medium,Full caffeine,4.0,3.0,5.0,4.0,3.0,Coffee D,$20-$40,Male,Bachelor's degree,Employed full-time
LdMxaj,25-34 years old,2,"At home, At a cafe","Pour over, Other",,Cortado,Medium,Fruity,Somewhat strong,Full caffeine,6.0,5.0,3.0,1.0,4.0,Coffee A,$60-$80,Male,Master's degree,Employed full-time
BGbJZ4,35-44 years old,2,At home,"Bean-to-cup machine, Pour over",,Cortado,Blonde,Fruity,Medium,Half caff,8.0,5.0,3.0,2.0,4.0,Coffee A,$60-$80,Male,Bachelor's degree,Employed full-time
J2kER7,55-64 years old,2,"At home, At the office","French press, Coffee brewing machine (e.g. Mr. Coffee), Other",,Regular drip coffee,Dark,Full Bodied,Very strong,Full caffeine,7.0,1.0,3.0,2.0,2.0,Coffee B,$20-$40,Male,Master's degree,Employed full-time
eBxgQO,25-34 years old,Less than 1,None of these,,,Blended drink (e.g. Frappuccino),Italian,Sweet,Weak,Decaf,1.0,5.0,4.0,2.0,5.0,Coffee A,<$20,Male,Bachelor's degree,Employed full-time
J2kELz,25-34 years old,2,At home,"Pour over, French press, Coffee brewing machine (e.g. Mr. Coffee), Instant coffee, Cold brew",,Mocha,Medium,Bright,Somewhat strong,Full caffeine,5.0,1.0,4.0,3.0,4.0,Coffee B,$20-$40,Non-binary,High school graduate,Employed part-time
LdMjqJ,35-44 years old,More than 4,On the go,,Specialty coffee shop,Iced coffee,Light,Nutty,Somewhat strong,Full caffeine,8.0,4.0,4.0,3.0,5.0,Coffee A,>$100,Male,Doctorate or professional degree,Employed full-time
oAVNeM,45-54 years old,3,At home,Coffee brewing machine (e.g. Mr. Coffee),,Espresso,Medium,Bright,Somewhat strong,Full caffeine,6.0,4.0,3.0,4.0,2.0,Coffee C,$20-$40,Male,Bachelor's degree,Employed full-time
oAVZ95,35-44 years old,2,"At home, At the office","Pour over, Espresso, Cold brew",,Pourover,Light,Fruity,Medium,Full caffeine,6.0,3.0,2.0,4.0,5.0,Coffee D,$40-$60,Male,Some college or associate's degree,Employed full-time
eBxGvE,25-34 years old,More than 4,"At home, On the go, At a cafe, At the office","Pour over, Espresso, French press, Other","National chain (e.g. Starbucks, Dunkin), Local cafe, Specialty coffee shop",Pourover,Light,Fruity,Somewhat strong,Full caffeine,8.0,4.0,2.0,3.0,5.0,Coffee D,$60-$80,Non-binary,Bachelor's degree,Employed full-time
g5NPYO,25-34 years old,3,"At a cafe, At the office, On the go, At home","Espresso, Pod/capsule machine (e.g. Keurig/Nespresso), Cold brew, Pour over","Local cafe, Specialty coffee shop, National chain (e.g. Starbucks, Dunkin)",Cappuccino,Medium,Chocolatey,Somewhat strong,Full caffeine,7.0,5.0,2.0,4.0,3.0,Coffee A,$40-$60,Male,Bachelor's degree,Employed full-time
xdNbxo,45-54 years old,2,"At home, At a cafe",Coffee brewing machine (e.g. Mr. Coffee),,Espresso,Light,Full Bodied,Medium,Full caffeine,6.0,5.0,4.0,4.0,1.0,Coffee A,$20-$40,Female,Some college or associate's degree,Unemployed
zKQ8ZZ,35-44 years old,3,"At home, On the go, At a cafe, At the office","Pour over, Espresso, Coffee brewing machine (e.g. Mr. Coffee), French press","National chain (e.g. Starbucks, Dunkin), Specialty coffee shop, Local cafe",Pourover,Light,Fruity,Somewhat strong,Full caffeine,6.0,4.0,3.0,3.0,5.0,Coffee D,$60-$80,Male,Doctorate or professional degree,Employed full-time
rlrQxl,25-34 years old,2,"At the office, At home, At a cafe","Pour over, French press",,Regular drip coffee,Light,Fruity,Somewhat strong,Full caffeine,8.0,5.0,1.0,3.0,5.0,Coffee D,$20-$40,Prefer not to say,,
VZ1W8N,25-34 years old,2,"At home, At a cafe","Espresso, Coffee brewing machine (e.g. Mr. Coffee), French press, Pour over",,Latte,Medium,Chocolatey,Medium,Full caffeine,8.0,3.0,1.0,5.0,3.0,Coffee C,$40-$60,,,
WAp6PN,25-34 years old,2,"At the office, At home, At a cafe, On the go","Pour over, Coffee brewing machine (e.g. Mr. Coffee), Espresso","National chain (e.g. Starbucks, Dunkin), Local cafe, Drive-thru",Pourover,Medium,Full Bodied,Somewhat strong,Full caffeine,8.0,3.0,5.0,4.0,1.0,Coffee B,$20-$40,Male,Bachelor's degree,Student
DVvo9l,25-34 years old,3,"On the go, At home","French press, Espresso, Cold brew","Specialty coffee shop, National chain (e.g. Starbucks, Dunkin), Local cafe",Espresso,Medium,Caramalized,Somewhat strong,Full caffeine,6.0,2.0,5.0,4.0,5.0,Coffee D,$40-$60,Male,Bachelor's degree,Employed full-time
ylqAdB,>65 years old,More than 4,At home,"Pour over, Pod/capsule machine (e.g. Keurig/Nespresso)",,Regular drip coffee,French,Full Bodied,Very strong,Full caffeine,5.0,1.0,5.0,4.0,2.0,Coffee B,$40-$60,Male,Bachelor's degree,Retired
rlrQP2,25-34 years old,3,"At the office, At home",Pour over,,Regular drip coffee,Light,Bright,Somewhat strong,Full caffeine,7.0,2.0,1.0,3.0,4.0,Coffee D,,,,
EPbo0L,35-44 years old,More than 4,"At the office, At home, On the go","Pour over, Cold brew, Other","National chain (e.g. Starbucks, Dunkin), Local cafe",Iced coffee,Medium,Full Bodied,Somewhat strong,Full caffeine,8.0,3.0,4.0,3.0,2.0,Coffee C,$80-$100,Male,Master's degree,Employed full-time
ylqAY6,25-34 years old,1,"At home, At a cafe",French press,,Regular drip coffee,Medium,Full Bodied,Medium,Full caffeine,2.0,3.0,4.0,1.0,5.0,Coffee D,$20-$40,Male,Master's degree,Employed full-time
AlbR7B,25-34 years old,3,At home,"Pour over, Coffee brewing machine (e.g. Mr. Coffee)",,Regular drip coffee,Light,Fruity,Somewhat strong,Full caffeine,7.0,4.0,2.0,3.0,5.0,Coffee D,$40-$60,Male,Master's degree,Student
EPbVxA,18-24 years old,Less than 1,"At a cafe, At home","Espresso, Cold brew",,Cortado,Light,Juicy,Medium,Full caffeine,6.0,3.0,4.0,3.0,5.0,Coffee B,$40-$60,Female,Bachelor's degree,Employed full-time
BGboo4,25-34 years old,2,"At home, At a cafe","Pour over, Espresso, Cold brew",,Americano,Light,Fruity,Medium,Full caffeine,8.0,3.0,3.0,2.0,5.0,Coffee C,$60-$80,Male,Bachelor's degree,Employed full-time
dY2GGD,25-34 years old,Less than 1,On the go,,"National chain (e.g. Starbucks, Dunkin)",Mocha,Dark,Chocolatey,Medium,Full caffeine,1.0,4.0,4.0,5.0,2.0,Coffee C,<$20,Female,Bachelor's degree,Employed full-time
oAV8o5,25-34 years old,2,At home,"Pour over, Espresso, Bean-to-cup machine",,Pourover,Medium,Chocolatey,Somewhat strong,Decaf,6.0,2.0,3.0,3.0,1.0,Coffee C,$40-$60,Female,Doctorate or professional degree,Employed full-time
WApa9N,18-24 years old,Less than 1,At the office,,,Mocha,Medium,Sweet,Medium,Full caffeine,1.0,1.0,3.0,5.0,4.0,Coffee C,<$20,Male,Some college or associate's degree,Employed full-time
BGbJE5,25-34 years old,Less than 1,None of these,,,Other,Dark,Sweet,Medium,Full caffeine,1.0,1.0,2.0,3.0,3.0,Coffee D,<$20,Male,Bachelor's degree,Employed full-time
0EjzA9,35-44 years old,2,"On the go, At home, At a cafe","French press, Pour over, Espresso","Specialty coffee shop, National chain (e.g. Starbucks, Dunkin)",Latte,Light,Bright,Somewhat strong,Full caffeine,6.0,4.0,5.0,3.0,5.0,Coffee D,$40-$60,Male,Bachelor's degree,Employed part-time
vNx6YX,25-34 years old,2,"At home, On the go, At the office",French press,"National chain (e.g. Starbucks, Dunkin), Local cafe",Latte,Medium,Nutty,Very strong,Full caffeine,7.0,4.0,5.0,2.0,1.0,Coffee B,$20-$40,Female,Bachelor's degree,Employed full-time
WApaAQ,25-34 years old,2,At home,"Pour over, French press, Espresso, Other",,Cortado,Light,Fruity,Medium,Full caffeine,8.0,4.0,1.0,3.0,5.0,Coffee B,$40-$60,Male,Bachelor's degree,Employed full-time
J2krZX,25-34 years old,3,"At the office, At home","Pour over, Coffee brewing machine (e.g. Mr. Coffee)",,Pourover,Light,Fruity,Somewhat strong,Full caffeine,6.0,4.0,2.0,3.0,5.0,Coffee D,$40-$60,Male,Bachelor's degree,Employed full-time
oAVN6V,35-44 years old,2,At home,Pour over,,Regular drip coffee,Light,Juicy,Medium,Full caffeine,6.0,2.0,4.0,3.0,3.0,Coffee D,$40-$60,Male,Bachelor's degree,Employed full-time
VZ1WVN,25-34 years old,Less than 1,"At home, At a cafe",Pour over,,Cappuccino,Light,Juicy,Somewhat strong,Half caff,5.0,4.0,2.0,3.0,5.0,Coffee D,<$20,Male,Doctorate or professional degree,Employed full-time
42Nlko,25-34 years old,2,"At the office, At home","Pour over, Espresso",,Espresso,Light,Fruity,Somewhat strong,Full caffeine,8.0,3.0,2.0,3.0,4.0,Coffee D,$40-$60,Male,Bachelor's degree,Employed full-time
RzBq4P,35-44 years old,Less than 1,At home,"Espresso, Coffee brewing machine (e.g. Mr. Coffee), Other",,Other,Light,Fruity,Somewhat strong,Full caffeine,5.0,5.0,3.0,3.0,5.0,Coffee D,$20-$40,Male,Bachelor's degree,Employed full-time
1r2QM4,25-34 years old,1,"At home, At a cafe","Pour over, Espresso, Cold brew",,Pourover,Medium,Fruity,Medium,Full caffeine,7.0,4.0,5.0,2.0,5.0,Coffee D,<$20,Male,Master's degree,Employed full-time
LdM4d2,25-34 years old,2,"At the office, On the go",,"Drive-thru, National chain (e.g. Starbucks, Dunkin), Specialty coffee shop",Latte,Medium,Nutty,Somewhat strong,Full caffeine,6.0,2.0,3.0,5.0,2.0,Coffee C,<$20,Female,Some college or associate's degree,Employed full-time
42N0dB,35-44 years old,3,"At the office, At a cafe",,,Iced coffee,Medium,Fruity,Medium,Full caffeine,3.0,3.0,4.0,3.0,1.0,Coffee C,$20-$40,Male,Bachelor's degree,Employed full-time
jB98M9,25-34 years old,2,At home,Pour over,,Pourover,Nordic,Sweet,Medium,Full caffeine,7.0,5.0,2.0,3.0,4.0,Coffee A,$40-$60,Male,Bachelor's degree,Employed full-time
1r205O,35-44 years old,1,At home,Pour over,,Latte,Medium,Chocolatey,Medium,Decaf,4.0,5.0,4.0,3.0,1.0,Coffee A,$20-$40,Female,Master's degree,Employed full-time
5dq0yE,35-44 years old,3,"At the office, At home, On the go","Espresso, Other",Other,Espresso,Light,Fruity,Very strong,Full caffeine,7.0,4.0,1.0,3.0,5.0,Coffee D,$20-$40,Male,Doctorate or professional degree,Employed full-time
YZzb4N,25-34 years old,1,At home,Coffee brewing machine (e.g. Mr. Coffee),,Latte,Light,Fruity,Somewhat strong,Full caffeine,7.0,5.0,4.0,3.0,5.0,Coffee A,$40-$60,Male,Bachelor's degree,Employed full-time
QABq7Y,35-44 years old,1,At home,"Pour over, Espresso, Cold brew",,Pourover,Light,Juicy,Medium,Full caffeine,7.0,4.0,3.0,2.0,5.0,Coffee D,$40-$60,Male,Bachelor's degree,Employed full-time
PABQDd,25-34 years old,1,At home,Pour over,,Regular drip coffee,Light,Bright,Medium,Full caffeine,10.0,4.0,3.0,2.0,5.0,Coffee D,$20-$40,Male,Master's degree,Employed part-time
9dJY7E,25-34 years old,2,"At home, At a cafe, At the office",Other,,Iced coffee,Medium,Chocolatey,Somewhat strong,Full caffeine,3.0,3.0,4.0,5.0,3.0,Coffee C,$20-$40,Male,Master's degree,Employed full-time
24xYgM,18-24 years old,1,"At home, At the office",Pour over,,Regular drip coffee,Dark,Chocolatey,Very strong,Full caffeine,7.0,3.0,5.0,1.0,3.0,Coffee B,$40-$60,Male,Bachelor's degree,Employed full-time
KMB25K,25-34 years old,2,At home,Pour over,,Pourover,Light,Fruity,Medium,Full caffeine,9.0,5.0,3.0,3.0,5.0,Coffee D,$20-$40,Male,Master's degree,Employed full-time
RzBqzP,35-44 years old,2,"At home, At the office",Pour over,,Pourover,Light,Fruity,Very strong,Full caffeine,7.0,,,,,Coffee A,,,,
GrBEvo,25-34 years old,3,"At home, At a cafe, At the office","Pour over, Espresso",,Cortado,Light,Bright,Somewhat strong,Full caffeine,6.0,4.0,2.0,3.0,4.0,Coffee D,$40-$60,Male,Bachelor's degree,Employed full-time
rlrQrv,25-34 years old,2,"At home, On the go",Pour over,Specialty coffee shop,Pourover,Medium,Caramalized,Somewhat strong,Full caffeine,7.0,4.0,3.0,4.0,1.0,Coffee C,$60-$80,Female,Bachelor's degree,Employed full-time
LdMxpz,25-34 years old,2,"At the office, At home, On the go",Other,"National chain (e.g. Starbucks, Dunkin), Specialty coffee shop",Americano,Light,Fruity,Very strong,Full caffeine,6.0,4.0,4.0,3.0,3.0,Coffee B,$60-$80,Male,Some college or associate's degree,Employed full-time
ZdRblA,25-34 years old,2,At home,"Espresso, Cold brew",,Cappuccino,Medium,Nutty,Somewhat strong,Full caffeine,6.0,5.0,4.0,1.0,3.0,Coffee A,$20-$40,Male,Bachelor's degree,Employed full-time
bl4My7,25-34 years old,3,At home,Pour over,,Regular drip coffee,Light,Floral,Somewhat strong,Full caffeine,6.0,3.0,5.0,2.0,4.0,Coffee B,$40-$60,Male,Bachelor's degree,Employed full-time
XeB72d,18-24 years old,1,"At home, At a cafe, On the go","Pour over, Espresso","Specialty coffee shop, National chain (e.g. Starbucks, Dunkin)",Latte,Light,Full Bodied,Somewhat strong,Full caffeine,6.0,3.0,4.0,4.0,2.0,Coffee C,$20-$40,Male,Bachelor's degree,Unemployed
zKQBXq,25-34 years old,2,"At home, At a cafe","Pour over, Espresso, Instant coffee",,Cortado,Medium,Full Bodied,Medium,Full caffeine,9.0,4.0,5.0,3.0,4.0,Coffee B,<$20,Male,Bachelor's degree,Employed full-time
rlr9Yv,18-24 years old,2,"At the office, At home","Coffee brewing machine (e.g. Mr. Coffee), Pod/capsule machine (e.g. Keurig/Nespresso)",,Americano,Medium,Caramalized,Somewhat strong,Full caffeine,3.0,2.0,3.0,4.0,1.0,Coffee C,$20-$40,Male,Bachelor's degree,Employed full-time
dY2GNy,25-34 years old,1,"At home, At a cafe","Pour over, French press, Instant coffee, Other",,Cappuccino,Medium,Chocolatey,Somewhat strong,Full caffeine,6.0,1.0,3.0,3.0,3.0,Coffee D,$20-$40,Female,Bachelor's degree,Student
zKQA18,18-24 years old,Less than 1,"On the go, At home","Other, Bean-to-cup machine, Cold brew","National chain (e.g. Starbucks, Dunkin), Drive-thru",Blended drink (e.g. Frappuccino),Medium,Sweet,Somewhat light,Full caffeine,2.0,3.0,2.0,4.0,5.0,Coffee D,$40-$60,Non-binary,Bachelor's degree,Student
ZdRAAV,35-44 years old,3,"At home, On the go","Pour over, Espresso, Pod/capsule machine (e.g. Keurig/Nespresso), Instant coffee, Coffee extract (e.g. Cometeer), Other","National chain (e.g. Starbucks, Dunkin)",Pourover,Light,Bright,Medium,Full caffeine,6.0,3.0,2.0,1.0,5.0,Coffee D,$20-$40,Male,Master's degree,Employed full-time
VZ17Ev,25-34 years old,1,"At a cafe, At the office, At home",Pour over,,Cappuccino,Light,Fruity,Somewhat strong,Full caffeine,4.0,3.0,2.0,3.0,4.0,Coffee D,$40-$60,Female,Bachelor's degree,Employed full-time
NAB2Ab,25-34 years old,3,"At a cafe, At home","Pour over, Espresso, Instant coffee",,Pourover,Medium,Fruity,Medium,Decaf,7.0,4.0,2.0,2.0,5.0,Coffee D,$40-$60,Male,Bachelor's degree,Employed full-time
rlr9yM,25-34 years old,3,"At home, At the office","Pour over, Espresso, Cold brew",,Mocha,Light,Sweet,Somewhat strong,Full caffeine,8.0,4.0,3.0,2.0,5.0,Coffee D,$40-$60,Male,Master's degree,Employed full-time
5dqYbv,35-44 years old,3,At home,"Pour over, Espresso",,Cappuccino,Medium,Nutty,Medium,Full caffeine,7.0,5.0,5.0,4.0,2.0,Coffee A,$60-$80,Male,Bachelor's degree,Employed full-time
AlbRKW,35-44 years old,1,"At a cafe, At the office, At home","Pour over, Espresso",,Espresso,Medium,Floral,Medium,Full caffeine,5.0,4.0,2.0,3.0,4.0,Coffee D,$40-$60,Male,Bachelor's degree,Employed full-time
ylqb6X,25-34 years old,2,"At the office, At home","Pour over, Espresso, Cold brew",,Latte,Medium,Full Bodied,Medium,Full caffeine,6.0,3.0,4.0,2.0,5.0,Coffee D,$20-$40,Male,Bachelor's degree,Employed full-time
dY2o6d,25-34 years old,1,"At the office, On the go, At a cafe, At home",Coffee brewing machine (e.g. Mr. Coffee),"National chain (e.g. Starbucks, Dunkin), Local cafe",Latte,Dark,Chocolatey,Medium,Full caffeine,6.0,3.0,4.0,4.0,2.0,Coffee C,,,,
dY2oKz,45-54 years old,1,"At the office, At home","Pour over, Espresso",,Pourover,Dark,Full Bodied,Somewhat strong,Full caffeine,6.0,2.0,4.0,4.0,1.0,Coffee B,$40-$60,Male,Bachelor's degree,Employed full-time
oAVN61,25-34 years old,2,"At home, At a cafe, At the office, On the go","French press, Espresso","Specialty coffee shop, Local cafe, National chain (e.g. Starbucks, Dunkin)",Latte,Light,Bright,Medium,Full caffeine,6.0,3.0,1.0,2.0,4.0,Coffee D,$20-$40,Male,Master's degree,Employed full-time
rlr9yv,35-44 years old,3,At home,"Pour over, French press, Coffee brewing machine (e.g. Mr. Coffee)",,Pourover,Light,Sweet,Somewhat strong,Full caffeine,6.0,5.0,4.0,3.0,4.0,Coffee A,$40-$60,Male,Some college or associate's degree,Employed full-time
kYR4Nr,18-24 years old,2,"At home, At a cafe, On the go, At the office","Pour over, French press, Espresso, Coffee brewing machine (e.g. Mr. Coffee), Cold brew","Local cafe, Specialty coffee shop, Other",Latte,Light,Fruity,Medium,Full caffeine,7.0,2.0,4.0,3.0,4.0,Coffee B,$20-$40,Male,Some college or associate's degree,Employed part-time
zKQ4kq,45-54 years old,2,At home,"Pour over, Coffee brewing machine (e.g. Mr. Coffee), Cold brew, French press",,Pourover,Medium,Fruity,Somewhat strong,Full caffeine,8.0,1.0,4.0,3.0,5.0,Coffee D,$20-$40,Male,Bachelor's degree,Employed full-time
RzBeoP,<18 years old,2,At home,Pour over,,Espresso,Light,Fruity,Somewhat strong,Decaf,5.0,4.0,3.0,3.0,5.0,Coffee D,$20-$40,Male,Less than high school,Unemployed
24xYJL,18-24 years old,1,"At home, At a cafe",Other,,Espresso,Light,Bright,Somewhat strong,Full caffeine,7.0,3.0,2.0,3.0,4.0,Coffee D,<$20,Male,Bachelor's degree,Unemployed
ZdRAWA,45-54 years old,4,"At home, At the office",Espresso,,Mocha,Medium,Chocolatey,Somewhat strong,Full caffeine,7.0,2.0,4.0,5.0,3.0,Coffee C,$60-$80,Male,Bachelor's degree,Employed full-time
rlr9OL,25-34 years old,2,"At home, At a cafe","French press, Espresso, Cold brew",,Cortado,Medium,Nutty,Somewhat strong,Half caff,8.0,4.0,3.0,3.0,5.0,Coffee D,$40-$60,Male,Bachelor's degree,Employed full-time
PABQdQ,55-64 years old,4,"At the office, At home, On the go","Espresso, Coffee brewing machine (e.g. Mr. Coffee), Other","National chain (e.g. Starbucks, Dunkin)",Latte,Dark,Full Bodied,Somewhat strong,Full caffeine,6.0,4.0,3.0,2.0,1.0,Coffee A,$40-$60,Female,Some college or associate's degree,Employed full-time
1r20NQ,25-34 years old,3,"At the office, At a cafe, At home","Pour over, Espresso, Other",,Pourover,Light,Fruity,Somewhat light,Full caffeine,10.0,5.0,1.0,3.0,4.0,Coffee A,$40-$60,Male,Bachelor's degree,Employed full-time
qbEqj2,35-44 years old,2,"At home, At the office","French press, Other",,Latte,Medium,Chocolatey,Somewhat strong,Full caffeine,6.0,2.0,4.0,3.0,3.0,Coffee B,$20-$40,Male,Bachelor's degree,Employed full-time
g5NV9P,35-44 years old,2,"At home, At the office","Espresso, Coffee brewing machine (e.g. Mr. Coffee), Pour over",,Pourover,Medium,Fruity,Somewhat strong,Full caffeine,7.0,2.0,4.0,3.0,5.0,Coffee D,$20-$40,Male,Some college or associate's degree,Employed full-time
42NY8Y,25-34 years old,1,"At home, At the office","Pour over, Other",,Iced coffee,Light,Chocolatey,Somewhat strong,Full caffeine,2.0,2.0,1.0,3.0,5.0,Coffee D,<$20,Male,Master's degree,Employed full-time
GrBVJp,35-44 years old,1,At home,French press,,Regular drip coffee,Medium,Chocolatey,Medium,Full caffeine,2.0,1.0,5.0,3.0,2.0,Coffee D,$20-$40,Female,Master's degree,Employed full-time
7d90RL,18-24 years old,2,"At home, At a cafe","Pour over, Other",,Pourover,Light,Juicy,Medium,Full caffeine,7.0,2.0,3.0,3.0,4.0,Coffee D,$80-$100,Male,Bachelor's degree,Employed full-time
lNl8WV,18-24 years old,1,"At the office, At a cafe",,,Latte,Light,Sweet,Medium,Full caffeine,3.0,2.0,3.0,5.0,3.0,Coffee B,$20-$40,Female,Some college or associate's degree,Employed full-time
vNxaEA,45-54 years old,2,"At a cafe, On the go, At home","Pour over, Coffee brewing machine (e.g. Mr. Coffee)","National chain (e.g. Starbucks, Dunkin)",Regular drip coffee,Light,Juicy,Somewhat strong,Full caffeine,8.0,4.0,2.0,3.0,5.0,Coffee D,$40-$60,Male,Bachelor's degree,Employed full-time
0EjY5P,25-34 years old,1,At home,Pour over,,Pourover,Light,Fruity,Somewhat strong,Full caffeine,6.0,4.0,3.0,2.0,5.0,Coffee D,$20-$40,Male,Doctorate or professional degree,Student
eBxO5q,18-24 years old,Less than 1,At home,French press,,Cold brew,Medium,Caramalized,Medium,Half caff,3.0,1.0,5.0,2.0,3.0,Coffee B,<$20,Non-binary,Bachelor's degree,Unemployed
blx47Z,18-24 years old,2,"At home, At a cafe, At the office","Pour over, Coffee extract (e.g. Cometeer), Cold brew",,Pourover,Light,Bright,Somewhat strong,Full caffeine,9.0,4.0,3.0,4.0,5.0,Coffee D,,,,
lNlXyB,45-54 years old,1,At the office,,,Americano,Medium,Fruity,Medium,Full caffeine,5.0,5.0,4.0,2.0,4.0,Coffee C,$20-$40,Female,Bachelor's degree,Employed full-time
1r2Yx4,25-34 years old,3,At home,"Pour over, Coffee brewing machine (e.g. Mr. Coffee)",,Cappuccino,Light,Fruity,Somewhat strong,Full caffeine,6.0,5.0,2.0,1.0,4.0,Coffee A,$40-$60,Male,Bachelor's degree,Employed full-time
1r20WM,35-44 years old,1,At home,"Espresso, Pour over, Other",,Latte,Medium,Caramalized,Medium,Half caff,5.0,3.0,3.0,2.0,2.0,Coffee A,$20-$40,Male,Bachelor's degree,Employed full-time
J2krad,25-34 years old,2,At home,"Pour over, Espresso, French press, Cold brew",,Pourover,Light,Fruity,Medium,Full caffeine,9.0,4.0,2.0,3.0,5.0,Coffee D,$20-$40,Male,Doctorate or professional degree,Student
DVvo05,18-24 years old,2,"At home, On the go",Pour over,Drive-thru,Mocha,Light,Bright,Somewhat strong,Full caffeine,7.0,2.0,2.0,4.0,4.0,Coffee C,$40-$60,Male,High school graduate,Employed full-time
VZ1aJj,25-34 years old,1,At home,Espresso,,Espresso,Medium,Bright,Somewhat strong,Full caffeine,5.0,4.0,3.0,3.0,5.0,Coffee B,$20-$40,Male,Bachelor's degree,Employed full-time
42N0ab,45-54 years old,1,,Pour over,,Pourover,Light,Juicy,Medium,Full caffeine,6.0,,,,,,,,,
aBrJxZ,35-44 years old,1,At home,French press,,Regular drip coffee,Medium,Caramalized,Medium,Half caff,6.0,3.0,5.0,4.0,1.0,Coffee B,<$20,Male,Bachelor's degree,Employed full-time
9dJ0qG,25-34 years old,1,At home,Pour over,,Pourover,Light,Fruity,Medium,Full caffeine,5.0,4.0,2.0,2.0,5.0,Coffee D,$20-$40,Male,Bachelor's degree,Employed full-time
PABN1x,25-34 years old,3,At home,"Pour over, Espresso, Coffee brewing machine (e.g. Mr. Coffee)",,Cappuccino,Medium,Caramalized,Medium,Full caffeine,6.0,2.0,4.0,2.0,4.0,Coffee B,$20-$40,Male,Bachelor's degree,Employed full-time
8dpDDk,25-34 years old,1,"At a cafe, At home",Pour over,,Cappuccino,Light,Fruity,Somewhat strong,Full caffeine,6.0,3.0,2.0,2.0,4.0,Coffee D,$80-$100,Male,,
qA2y0O,18-24 years old,2,"At home, At a cafe, On the go","Pour over, Espresso, Instant coffee","Local cafe, Specialty coffee shop",Mocha,French,Full Bodied,Very strong,Full caffeine,4.0,2.0,4.0,4.0,4.0,Coffee A,,,,
V0ELg6,25-34 years old,,At home,Pod/capsule machine (e.g. Keurig/Nespresso),,Regular drip coffee,Medium,Caramalized,Somewhat strong,Full caffeine,5.0,,,,,,,,,
zKQ8Qg,35-44 years old,3,At home,"Pour over, Espresso",,Espresso,Light,Fruity,Medium,Full caffeine,7.0,,,,,,,,,
VZ1WYN,25-34 years old,2,At home,Pour over,,Regular drip coffee,Light,Floral,Medium,Full caffeine,7.0,4.0,3.0,1.0,3.0,Coffee A,$20-$40,Male,Bachelor's degree,Employed full-time
jB98W1,45-54 years old,2,"At the office, At home","Pour over, Espresso",,Latte,Medium,Bold,Medium,Full caffeine,6.0,,,,,,,,,
24x9Rj,18-24 years old,,,,,,,,,,,,,,,,,,,
rlr82o,25-34 years old,3,"At a cafe, At home, At the office, On the go","Pour over, Cold brew",Specialty coffee shop,Cortado,Light,Floral,Medium,Full caffeine,6.0,,,,,,,,,
QABNj7,25-34 years old,2,"At home, At the office",,,,,,,,,,,,,,,,,
vNx8El,35-44 years old,3,At home,"Pour over, Espresso",,Espresso,Nordic,Fruity,Medium,Full caffeine,8.0,3.0,1.0,1.0,4.0,Coffee D,,,,
jB98WY,25-34 years old,2,"At the office, At home, On the go","Pour over, Espresso",Specialty coffee shop,Pourover,Light,Chocolatey,Medium,Full caffeine,6.0,3.0,3.0,4.0,2.0,Coffee C,$20-$40,Female,Doctorate or professional degree,Employed full-time
LdM4Op,25-34 years old,2,At home,"Pour over, Espresso",,Pourover,Medium,Nutty,Somewhat strong,Full caffeine,5.0,,,,,,,,,
qbE8gG,25-34 years old,1,At home,,,Pourover,,,,,,,,,,,,,,
bl41zZ,18-24 years old,1,At home,Pour over,,Pourover,Light,Sweet,Medium,Full caffeine,7.0,2.0,3.0,2.0,5.0,Coffee D,,,,
xdN8yk,25-34 years old,More than 4,"At home, At the office","Pour over, Espresso",,Iced coffee,Light,Floral,Somewhat strong,Full caffeine,6.0,4.0,5.0,3.0,1.0,Coffee B,$40-$60,Male,Master's degree,Employed full-time
rlr8LX,45-54 years old,1,"At home, On the go","Pod/capsule machine (e.g. Keurig/Nespresso), Cold brew","Specialty coffee shop, National chain (e.g. Starbucks, Dunkin)",Cold brew,Medium,Chocolatey,Somewhat strong,Full caffeine,6.0,3.0,4.0,3.0,1.0,Coffee B,$40-$60,Male,Bachelor's degree,Employed full-time
jB98ga,25-34 years old,1,At home,Pod/capsule machine (e.g. Keurig/Nespresso),,Regular drip coffee,,,,,,,,,,,,,,
pLPY01,45-54 years old,2,At home,Coffee brewing machine (e.g. Mr. Coffee),,Mocha,Light,Bright,Medium,Full caffeine,7.0,4.0,1.0,3.0,5.0,Coffee D,,,,
GrBODO,>65 years old,More than 4,At home,Bean-to-cup machine,,Regular drip coffee,Medium,Full Bodied,Somewhat strong,Full caffeine,6.0,5.0,3.0,3.0,1.0,Coffee A,$20-$40,Female,Doctorate or professional degree,Retired
7d97a0,25-34 years old,1,At home,Pour over,,Iced coffee,Light,Caramalized,Somewhat strong,Full caffeine,6.0,3.0,2.0,2.0,4.0,Coffee D,$20-$40,Male,Bachelor's degree,Employed full-time
WApale,45-54 years old,1,"At home, At the office",Bean-to-cup machine,,Americano,Medium,Caramalized,Somewhat strong,Full caffeine,7.0,2.0,4.0,3.0,1.0,Coffee B,$20-$40,Male,Master's degree,Employed full-time
0EjqlN,35-44 years old,,"At home, On the go, At the office",Coffee brewing machine (e.g. Mr. Coffee),"National chain (e.g. Starbucks, Dunkin)",Regular drip coffee,,,,,,,,,,,,,,
oAV8dN,25-34 years old,2,At home,Pour over,,Americano,Medium,Chocolatey,Very strong,Full caffeine,7.0,3.0,4.0,4.0,2.0,Coffee C,$40-$60,Male,Doctorate or professional degree,Employed full-time
0Ejqaj,25-34 years old,2,At home,Pour over,,Pourover,Medium,Chocolatey,Somewhat strong,Full caffeine,6.0,5.0,3.0,2.0,2.0,Coffee A,,,,
5dqaeZ,25-34 years old,3,"At home, At a cafe","Pour over, Espresso",,Pourover,Dark,Chocolatey,Very strong,Full caffeine,6.0,3.0,2.0,5.0,4.0,Coffee C,$80-$100,Male,Bachelor's degree,Employed full-time
g5N8v4,35-44 years old,2,"At the office, At home","Espresso, Coffee brewing machine (e.g. Mr. Coffee)",,Americano,Light,Fruity,Somewhat strong,Full caffeine,8.0,3.0,2.0,3.0,5.0,Coffee D,$60-$80,Male,Master's degree,Employed full-time
oAV8lb,35-44 years old,1,At home,"Pour over, French press, Cold brew",,Cappuccino,Light,Floral,Somewhat strong,Full caffeine,5.0,5.0,3.0,3.0,4.0,Coffee A,$40-$60,Male,Doctorate or professional degree,Employed full-time
AlbMyz,55-64 years old,2,At home,Coffee brewing machine (e.g. Mr. Coffee),,Regular drip coffee,Medium,Full Bodied,Somewhat strong,Full caffeine,7.0,5.0,3.0,3.0,3.0,Coffee A,,,,
jB9871,45-54 years old,2,At home,Pour over,,Regular drip coffee,Medium,Fruity,Somewhat strong,Full caffeine,6.0,2.0,3.0,2.0,4.0,Coffee D,$40-$60,Male,Some college or associate's degree,Employed full-time
9dJA2E,18-24 years old,1,At home,Coffee brewing machine (e.g. Mr. Coffee),,Pourover,Light,Fruity,Somewhat strong,Full caffeine,8.0,4.0,2.0,3.0,5.0,Coffee D,$20-$40,Male,Bachelor's degree,Employed full-time
PABZBx,25-34 years old,1,"At the office, At home","Pour over, French press",,Pourover,Light,Fruity,Somewhat strong,Full caffeine,6.0,2.0,4.0,3.0,3.0,Coffee B,$20-$40,Male,Bachelor's degree,Employed full-time
DVvRWR,25-34 years old,1,At home,"Espresso, Pour over",,Cortado,Light,Fruity,Medium,Full caffeine,9.0,4.0,2.0,3.0,5.0,Coffee D,$40-$60,Male,Bachelor's degree,Employed full-time
dY2JDV,25-34 years old,4,"At home, At a cafe, At the office","Pour over, Coffee brewing machine (e.g. Mr. Coffee), Pod/capsule machine (e.g. Keurig/Nespresso), Instant coffee",,Americano,Light,Floral,Somewhat light,Full caffeine,4.0,4.0,2.0,1.0,5.0,Coffee D,>$100,Male,Doctorate or professional degree,Employed full-time
bl41Y1,25-34 years old,1,"At home, At the office","Pour over, Coffee brewing machine (e.g. Mr. Coffee), Pod/capsule machine (e.g. Keurig/Nespresso)",,Cappuccino,Medium,Juicy,Somewhat strong,Decaf,4.0,2.0,4.0,2.0,1.0,Coffee B,<$20,Male,Bachelor's degree,Employed full-time
rlr8vR,25-34 years old,2,"At home, On the go","Espresso, Pour over, Cold brew",Specialty coffee shop,Pourover,Light,Juicy,Somewhat strong,Full caffeine,6.0,5.0,1.0,3.0,5.0,Coffee D,$80-$100,Male,Bachelor's degree,Employed full-time
xdN89d,45-54 years old,3,"At home, At a cafe","Pour over, Pod/capsule machine (e.g. Keurig/Nespresso), French press",,Pourover,Light,Fruity,Medium,Full caffeine,5.0,5.0,2.0,3.0,4.0,Coffee A,$40-$60,Male,Some college or associate's degree,Employed full-time
kYR8Jo,35-44 years old,2,At home,"Pour over, Espresso",,Pourover,Light,Fruity,Medium,Full caffeine,8.0,3.0,2.0,3.0,5.0,Coffee D,$80-$100,Male,Doctorate or professional degree,Employed full-time
YZz7xW,25-34 years old,1,At home,"Coffee extract (e.g. Cometeer), Pour over, French press",,Pourover,Light,Floral,Medium,Full caffeine,5.0,1.0,2.0,2.0,3.0,Coffee D,$60-$80,Male,High school graduate,Employed full-time
RzBq29,35-44 years old,1,At home,Pour over,,Pourover,Light,Nutty,,Full caffeine,4.0,4.0,3.0,5.0,,Coffee C,,,,
24x9DD,35-44 years old,2,"At a cafe, At home","Pour over, French press, Espresso, Coffee brewing machine (e.g. Mr. Coffee), Coffee extract (e.g. Cometeer), Cold brew",,Regular drip coffee,Light,Fruity,Medium,Full caffeine,10.0,5.0,,,,,,,,
rlr8k2,35-44 years old,1,"At home, On the go","Pour over, Espresso",Drive-thru,Pourover,Light,Fruity,Medium,Decaf,6.0,5.0,3.0,3.0,3.0,Coffee A,$20-$40,Male,Some college or associate's degree,Employed full-time
7d97ER,25-34 years old,1,At home,Other,,Other,Light,Nutty,Somewhat strong,Full caffeine,7.0,5.0,3.0,2.0,1.0,Coffee A,$20-$40,Male,,
GrBOBO,25-34 years old,2,At home,"Espresso, Coffee brewing machine (e.g. Mr. Coffee)",,Cold brew,Medium,Full Bodied,Somewhat strong,Full caffeine,7.0,3.0,2.0,4.0,1.0,Coffee C,$40-$60,Male,Bachelor's degree,Employed full-time
42NlPr,25-34 years old,3,"At a cafe, At the office, On the go, At home","Pour over, French press, Cold brew, Other","Local cafe, Specialty coffee shop",Pourover,Light,Full Bodied,Medium,Full caffeine,8.0,3.0,3.0,5.0,4.0,Coffee B,$40-$60,Male,Some college or associate's degree,Employed full-time
XeB6OP,25-34 years old,1,"At home, On the go, At the office, At a cafe",Espresso,Local cafe,Latte,Light,Fruity,Medium,Full caffeine,6.0,4.0,2.0,1.0,5.0,Coffee D,$40-$60,Female,Master's degree,Employed full-time
VZ1W4y,25-34 years old,More than 4,"At home, At the office, At a cafe","Espresso, Pour over",,Espresso,Light,Fruity,Very strong,Full caffeine,10.0,4.0,3.0,4.0,1.0,Coffee A,>$100,Male,Less than high school,Employed full-time
kYR8ve,25-34 years old,2,"At the office, At home",Pour over,,Regular drip coffee,Medium,Caramalized,Very strong,Full caffeine,6.0,5.0,2.0,3.0,4.0,Coffee A,$20-$40,Male,Master's degree,Employed full-time
YZz7oN,35-44 years old,2,"At the office, At home","Pour over, Espresso",,Pourover,Light,Bright,Very strong,Full caffeine,7.0,4.0,3.0,2.0,5.0,Coffee D,$20-$40,Male,Some college or associate's degree,Employed full-time
OABxYM,25-34 years old,2,"At home, At the office, On the go","Pour over, French press, Pod/capsule machine (e.g. Keurig/Nespresso)","National chain (e.g. Starbucks, Dunkin), Local cafe, Specialty coffee shop",Cortado,Light,Chocolatey,Somewhat strong,Full caffeine,6.0,4.0,3.0,5.0,2.0,Coffee C,$20-$40,Male,Master's degree,Employed full-time
xdN8lv,18-24 years old,1,At the office,,,Cappuccino,Light,Fruity,Medium,Full caffeine,4.0,2.0,2.0,4.0,3.0,Coffee C,<$20,Male,Some college or associate's degree,Employed full-time
eBxgYk,25-34 years old,1,"At home, At a cafe",Espresso,,Latte,Light,Sweet,Somewhat light,Full caffeine,3.0,2.0,2.0,4.0,1.0,Coffee D,$40-$60,Male,Bachelor's degree,Employed full-time
RzBqj9,25-34 years old,2,At home,"Pour over, Cold brew, Coffee brewing machine (e.g. Mr. Coffee)",,Iced coffee,Medium,Chocolatey,Medium,Full caffeine,3.0,3.0,4.0,4.0,1.0,Coffee A,<$20,Female,High school graduate,Employed part-time
1r2QGg,35-44 years old,2,At home,"Pour over, Espresso, French press",,Pourover,Light,Bright,Somewhat strong,Full caffeine,8.0,4.0,1.0,2.0,5.0,Coffee D,$60-$80,Male,,
pLPYZJ,45-54 years old,2,At home,Pour over,,Pourover,Light,Fruity,Somewhat light,Full caffeine,8.0,3.0,1.0,4.0,5.0,Coffee D,,,,
MAdj6k,18-24 years old,3,"At home, At a cafe","Pour over, Espresso",,Espresso,Nordic,Juicy,Somewhat strong,Full caffeine,8.0,4.0,2.0,2.0,5.0,Coffee D,>$100,Male,High school graduate,Employed full-time
OABxER,18-24 years old,1,At home,Pour over,,Cappuccino,Light,Fruity,Somewhat strong,Decaf,4.0,1.0,3.0,3.0,4.0,Coffee A,$20-$40,Male,Bachelor's degree,Student
BGbJ0K,25-34 years old,2,At home,"Pour over, Espresso",,Cappuccino,Medium,Fruity,Medium,Full caffeine,5.0,3.0,4.0,5.0,2.0,Coffee C,$20-$40,Male,Bachelor's degree,Employed full-time
qbE8jO,45-54 years old,More than 4,"At home, At the office",Pour over,,Pourover,Medium,Bright,Medium,Full caffeine,5.0,2.0,3.0,4.0,5.0,Coffee D,$40-$60,Male,Bachelor's degree,Employed full-time
kYR8ze,>65 years old,1,"At the office, At a cafe",,,Latte,Medium,Fruity,Medium,Full caffeine,6.0,4.0,5.0,4.0,1.0,Coffee B,>$100,Male,Bachelor's degree,Employed part-time
GrBODQ,45-54 years old,More than 4,"At the office, At home","Pour over, French press, Coffee brewing machine (e.g. Mr. Coffee)",,Regular drip coffee,Dark,Bold,Very strong,Full caffeine,5.0,3.0,2.0,3.0,1.0,Coffee D,$20-$40,Male,Bachelor's degree,Employed full-time
vNx8KD,35-44 years old,2,"At the office, At home","Pour over, Cold brew, Other",,Pourover,Light,Bright,Medium,Full caffeine,8.0,4.0,2.0,5.0,3.0,Coffee C,$40-$60,Male,Bachelor's degree,Employed full-time
oAV8VN,35-44 years old,1,At home,"Pour over, Cold brew, Coffee brewing machine (e.g. Mr. Coffee), Espresso",,Regular drip coffee,Light,Juicy,Medium,Full caffeine,5.0,4.0,2.0,2.0,4.0,Coffee D,$20-$40,Male,Bachelor's degree,Employed full-time
VZ1Wxg,35-44 years old,2,"At the office, On the go, At home",Pour over,"Specialty coffee shop, Local cafe",Pourover,Light,Bright,Medium,Full caffeine,7.0,5.0,2.0,3.0,4.0,Coffee A,$40-$60,Male,Doctorate or professional degree,Employed full-time
24x9Oe,25-34 years old,2,"At home, At a cafe, On the go, At the office","Pour over, Espresso, Cold brew","Specialty coffee shop, Local cafe",Pourover,Light,Fruity,Medium,Full caffeine,4.0,4.0,3.0,4.0,5.0,Coffee D,$40-$60,Male,Bachelor's degree,Employed full-time
KMBrO8,55-64 years old,1,"At home, At the office","Pour over, Espresso, Coffee brewing machine (e.g. Mr. Coffee)",,Cortado,Medium,Nutty,Medium,Full caffeine,8.0,4.0,2.0,3.0,5.0,Coffee D,$20-$40,Male,Bachelor's degree,Employed full-time
WApa1v,18-24 years old,1,At home,"Pour over, Other",,Mocha,Medium,Chocolatey,Somewhat strong,Full caffeine,6.0,2.0,5.0,4.0,3.0,Coffee A,$20-$40,Male,Some college or associate's degree,Student
bl41gL,25-34 years old,1,"At home, At a cafe, At the office",Pod/capsule machine (e.g. Keurig/Nespresso),,Cortado,Italian,Caramalized,Medium,Full caffeine,3.0,2.0,3.0,4.0,1.0,Coffee D,<$20,Female,Bachelor's degree,Employed full-time
EPbovB,25-34 years old,1,On the go,,"Specialty coffee shop, National chain (e.g. Starbucks, Dunkin)",Iced coffee,Medium,Sweet,Somewhat light,Full caffeine,4.0,5.0,1.0,3.0,2.0,Coffee A,$60-$80,Female,Master's degree,Employed full-time
ylq8e8,55-64 years old,3,"At home, At the office",Pour over,,Pourover,Dark,Bold,Somewhat strong,Full caffeine,2.0,4.0,2.0,3.0,4.0,Coffee A,$20-$40,Female,Master's degree,Employed full-time
24x9ZL,35-44 years old,2,"At home, At the office","Coffee extract (e.g. Cometeer), Espresso",,Espresso,Medium,Fruity,Medium,Full caffeine,4.0,5.0,3.0,2.0,4.0,Coffee A,>$100,Male,Doctorate or professional degree,Employed full-time
MAdjGM,35-44 years old,2,At home,Pour over,,Pourover,Light,Fruity,Somewhat light,Full caffeine,5.0,3.0,2.0,4.0,5.0,Coffee D,$20-$40,Male,Bachelor's degree,Employed full-time
24x9Zj,35-44 years old,1,At home,Other,,Other,Medium,Juicy,Somewhat strong,Full caffeine,2.0,4.0,2.0,1.0,3.0,Coffee A,$20-$40,Male,Master's degree,Employed full-time
rlr8kR,25-34 years old,2,"At the office, At home, At a cafe","Coffee brewing machine (e.g. Mr. Coffee), Cold brew",,Cappuccino,Light,Sweet,Somewhat strong,Full caffeine,3.0,2.0,4.0,5.0,3.0,Coffee C,$40-$60,Female,Bachelor's degree,Employed full-time
g5N8pl,25-34 years old,2,"At the office, At home",Pour over,,Cappuccino,Blonde,Floral,Somewhat light,Full caffeine,7.0,5.0,2.0,3.0,4.0,Coffee A,$40-$60,Male,,
rlr8qN,55-64 years old,3,At the office,,,Cortado,Medium,Chocolatey,Somewhat strong,Full caffeine,5.0,2.0,3.0,4.0,1.0,Coffee C,$20-$40,Male,,
ylq87g,25-34 years old,1,At home,Pour over,,Pourover,Light,Floral,Somewhat strong,Full caffeine,8.0,3.0,3.0,4.0,2.0,Coffee C,$20-$40,Male,Bachelor's degree,Employed full-time
GrBO7Z,35-44 years old,3,At home,"Espresso, Pour over, Coffee brewing machine (e.g. Mr. Coffee)",,Cappuccino,Light,Fruity,Medium,Full caffeine,9.0,5.0,2.0,3.0,4.0,Coffee A,>$100,Male,Some college or associate's degree,Employed full-time
NAB2Rj,35-44 years old,1,"At home, At a cafe","Espresso, Pour over, Cold brew",,Espresso,Medium,Sweet,Medium,Full caffeine,8.0,4.0,2.0,3.0,5.0,Coffee D,$20-$40,Male,Bachelor's degree,Employed full-time
RzBqkj,35-44 years old,2,At home,"Pour over, French press, Espresso, Coffee brewing machine (e.g. Mr. Coffee)",,Pourover,Light,Juicy,Medium,Full caffeine,8.0,4.0,3.0,1.0,5.0,Coffee D,$40-$60,Male,Master's degree,Employed full-time
xdN86r,18-24 years old,1,At home,Pour over,,Pourover,Light,Fruity,Medium,Full caffeine,6.0,4.0,3.0,2.0,5.0,Coffee D,$20-$40,Male,Some college or associate's degree,Student
9dJArQ,25-34 years old,1,At the office,,,Iced coffee,Medium,Floral,Medium,Full caffeine,5.0,3.0,1.0,5.0,4.0,Coffee C,>$100,Female,Doctorate or professional degree,Employed full-time
EPboa4,35-44 years old,2,At home,Pour over,,Regular drip coffee,Medium,Bright,Somewhat strong,Half caff,6.0,3.0,4.0,4.0,2.0,Coffee B,$80-$100,Female,,
WApaQN,18-24 years old,1,At a cafe,,,Latte,Medium,Fruity,Medium,Full caffeine,1.0,4.0,2.0,2.0,5.0,Coffee D,$20-$40,Female,,
42NlN5,35-44 years old,1,"At home, At a cafe","French press, Other",,Iced coffee,Dark,Fruity,Medium,Half caff,7.0,3.0,3.0,3.0,3.0,Coffee A,$20-$40,Female,Bachelor's degree,Employed full-time
AlbM50,25-34 years old,2,"At a cafe, At the office, On the go, At home",French press,Specialty coffee shop,Latte,Light,Chocolatey,Somewhat strong,Full caffeine,3.0,3.0,4.0,4.0,2.0,Coffee B,$40-$60,Male,Bachelor's degree,Employed full-time
QABNap,35-44 years old,2,"At the office, On the go, At home",Coffee extract (e.g. Cometeer),Other,Iced coffee,Medium,Full Bodied,Somewhat strong,Full caffeine,7.0,3.0,2.0,2.0,5.0,Coffee D,<$20,Male,Bachelor's degree,Employed full-time
dY2Jkd,45-54 years old,1,At home,Cold brew,,Cold brew,Medium,Chocolatey,Somewhat strong,Full caffeine,4.0,4.0,4.0,3.0,1.0,Coffee D,$40-$60,Female,Some college or associate's degree,Employed part-time
RzBqr9,18-24 years old,1,"At a cafe, At home","Pour over, Espresso, Cold brew",,Espresso,Light,Bold,Somewhat strong,Full caffeine,7.0,4.0,3.0,2.0,4.0,Coffee A,$40-$60,Male,Bachelor's degree,
lNl89W,18-24 years old,3,At the office,,,Iced coffee,Light,Nutty,Somewhat light,Full caffeine,1.0,1.0,3.0,4.0,2.0,Coffee B,$80-$100,Female,Bachelor's degree,Employed full-time
PABZGB,25-34 years old,1,"At home, On the go, At a cafe","Coffee brewing machine (e.g. Mr. Coffee), Pour over","National chain (e.g. Starbucks, Dunkin), Drive-thru, Local cafe, Specialty coffee shop",Latte,Light,Bright,Somewhat light,Full caffeine,7.0,5.0,3.0,3.0,4.0,Coffee A,$80-$100,Female,Some college or associate's degree,Employed part-time
RzBqjj,25-34 years old,1,"At home, On the go, At a cafe","Pour over, French press, Pod/capsule machine (e.g. Keurig/Nespresso)","Local cafe, National chain (e.g. Starbucks, Dunkin)",Pourover,Light,Fruity,Somewhat strong,Full caffeine,6.0,3.0,2.0,2.0,4.0,Coffee B,$40-$60,Male,Bachelor's degree,Employed full-time
LdM4ov,25-34 years old,1,At home,"Pour over, Espresso, Other",,Regular drip coffee,Nordic,Floral,Medium,Half caff,9.0,5.0,3.0,2.0,5.0,Coffee A,$20-$40,Male,Bachelor's degree,Employed full-time
GrBO5k,55-64 years old,2,At home,"Pour over, Other",,Pourover,Light,Fruity,Medium,Full caffeine,7.0,4.0,3.0,2.0,3.0,Coffee A,$40-$60,Male,Master's degree,Employed full-time
ZdRbWo,25-34 years old,2,"At the office, At home",Coffee brewing machine (e.g. Mr. Coffee),,Regular drip coffee,Medium,Chocolatey,Medium,Full caffeine,7.0,1.0,5.0,5.0,5.0,Coffee C,$80-$100,Female,Master's degree,Employed full-time
AlbMQD,25-34 years old,1,"At home, On the go","Pour over, Cold brew","Local cafe, National chain (e.g. Starbucks, Dunkin)",Cappuccino,Medium,Caramalized,Medium,Full caffeine,7.0,4.0,3.0,5.0,2.0,Coffee C,$20-$40,Female,Some college or associate's degree,Unemployed
42NlqX,45-54 years old,1,"At the office, At home",Espresso,,Latte,Medium,Chocolatey,Somewhat strong,Full caffeine,8.0,2.0,3.0,4.0,3.0,Coffee C,$20-$40,Male,Doctorate or professional degree,Employed full-time
24x9D9,35-44 years old,3,"At home, At the office",Coffee brewing machine (e.g. Mr. Coffee),,Regular drip coffee,Light,Caramalized,Medium,Full caffeine,6.0,1.0,4.0,4.0,3.0,Coffee A,$20-$40,Female,Master's degree,Employed full-time
oAV81V,35-44 years old,1,At home,Pour over,,Pourover,Light,Bright,Somewhat strong,Full caffeine,7.0,2.0,2.0,3.0,5.0,Coffee D,,,,
QABNE7,25-34 years old,More than 4,"At home, On the go",Coffee extract (e.g. Cometeer),Specialty coffee shop,Pourover,Light,Full Bodied,Somewhat strong,Full caffeine,10.0,2.0,4.0,3.0,5.0,Coffee D,$80-$100,Male,Bachelor's degree,Employed full-time
6dQ6QN,25-34 years old,2,"At the office, On the go, At home",Other,Specialty coffee shop,Pourover,Light,Floral,Somewhat strong,Full caffeine,7.0,4.0,1.0,2.0,5.0,Coffee D,$40-$60,Male,Master's degree,Employed full-time
KMBrkV,25-34 years old,1,At home,Espresso,,Latte,Medium,Nutty,Somewhat strong,Decaf,6.0,4.0,2.0,3.0,4.0,Coffee A,$20-$40,Male,Bachelor's degree,Employed full-time
g5N8NJ,25-34 years old,2,"At home, At a cafe, At the office","Pour over, Espresso, Coffee brewing machine (e.g. Mr. Coffee), Cold brew",,Americano,Dark,Chocolatey,Somewhat strong,Half caff,5.0,4.0,3.0,3.0,5.0,Coffee D,$40-$60,Female,Bachelor's degree,Employed full-time
aBrpab,25-34 years old,Less than 1,"At a cafe, At the office",,,Blended drink (e.g. Frappuccino),Dark,Caramalized,Somewhat strong,Full caffeine,1.0,2.0,5.0,3.0,2.0,Coffee B,$20-$40,Non-binary,Bachelor's degree,Employed full-time
OABxVR,55-64 years old,4,,"Espresso, Pour over",,Cappuccino,Medium,Chocolatey,Somewhat strong,Full caffeine,8.0,3.0,5.0,4.0,2.0,Coffee B,,,,
aBrpPq,35-44 years old,1,"At home, At a cafe",Espresso,,Americano,Light,Chocolatey,Very strong,Full caffeine,3.0,3.0,4.0,3.0,4.0,Coffee D,,,,
bl41vZ,55-64 years old,2,At home,Coffee brewing machine (e.g. Mr. Coffee),,Regular drip coffee,Medium,Caramalized,Somewhat strong,Full caffeine,10.0,1.0,4.0,5.0,3.0,Coffee C,<$20,Female,Some college or associate's degree,Homemaker
oAV8kO,>65 years old,2,"At home, On the go",Pod/capsule machine (e.g. Keurig/Nespresso),"National chain (e.g. Starbucks, Dunkin)",Regular drip coffee,Dark,Bold,Medium,Full caffeine,8.0,3.0,5.0,2.0,1.0,Coffee B,,,,
qbE8NG,25-34 years old,2,"At home, At the office","Espresso, Pour over",,Cortado,Medium,Caramalized,Very strong,Full caffeine,5.0,2.0,4.0,3.0,3.0,Coffee B,>$100,Male,Bachelor's degree,Employed full-time
eBxgoe,25-34 years old,2,"At the office, At home, At a cafe","Pour over, Cold brew",,Cortado,Light,Fruity,Somewhat strong,Full caffeine,7.0,4.0,3.0,2.0,3.0,Coffee C,$20-$40,Male,Master's degree,Employed full-time
aBrpkB,25-34 years old,2,"At the office, At a cafe, On the go, At home",Other,Local cafe,Cappuccino,Dark,Caramalized,Somewhat strong,Full caffeine,6.0,4.0,3.0,2.0,5.0,Coffee D,$60-$80,Female,Bachelor's degree,Employed full-time
vNx8g0,25-34 years old,1,"At home, At the office, At a cafe",Espresso,,Latte,Medium,Caramalized,Medium,Full caffeine,4.0,4.0,2.0,3.0,5.0,Coffee D,$20-$40,Male,Master's degree,Employed full-time
NAB2Ol,25-34 years old,1,"At home, On the go, At the office",Coffee brewing machine (e.g. Mr. Coffee),Specialty coffee shop,Latte,Light,Caramalized,Medium,Full caffeine,2.0,5.0,1.0,3.0,4.0,Coffee A,$60-$80,Female,Bachelor's degree,Employed full-time
GrBObk,25-34 years old,2,At home,Pour over,,Cappuccino,Medium,Full Bodied,Somewhat strong,Decaf,7.0,2.0,4.0,5.0,4.0,Coffee A,$20-$40,Male,Master's degree,Unemployed
kYR8x1,25-34 years old,1,"At the office, At home",Espresso,,Latte,Dark,Nutty,Somewhat strong,Full caffeine,1.0,2.0,5.0,3.0,1.0,Coffee B,>$100,Female,Doctorate or professional degree,Employed full-time
g5N8z4,18-24 years old,2,At home,"Pour over, Cold brew",,Latte,Dark,Full Bodied,Medium,Full caffeine,4.0,1.0,2.0,4.0,3.0,Coffee C,$20-$40,Other (please specify),High school graduate,Unemployed
lNl8zv,25-34 years old,2,"At a cafe, At home","Pour over, Espresso, Cold brew",,Latte,Light,Juicy,Medium,Full caffeine,7.0,4.0,3.0,5.0,4.0,Coffee C,$40-$60,Male,Bachelor's degree,Employed full-time
jB98z4,18-24 years old,2,"At home, At the office",French press,,Regular drip coffee,Light,Full Bodied,Somewhat strong,Full caffeine,7.0,3.0,1.0,5.0,4.0,Coffee C,$20-$40,Male,Bachelor's degree,Employed part-time
RzBqVj,45-54 years old,1,At home,"Pour over, Espresso",,Pourover,Medium,Nutty,Somewhat strong,Full caffeine,10.0,3.0,3.0,4.0,5.0,Coffee D,$40-$60,Male,Master's degree,Employed full-time
BGbJ6Q,35-44 years old,2,"At the office, At home",Pour over,,Pourover,Medium,Chocolatey,Medium,Full caffeine,8.0,3.0,2.0,3.0,4.0,Coffee D,>$100,Male,Bachelor's degree,Employed full-time
5dqagd,45-54 years old,3,"At the office, On the go, At home","Coffee extract (e.g. Cometeer), Espresso",Other,Espresso,Light,Fruity,Very strong,Full caffeine,8.0,3.0,4.0,4.0,5.0,Coffee D,,,,
QABN8Y,25-34 years old,3,At home,"Pour over, French press, Coffee brewing machine (e.g. Mr. Coffee)",,Latte,Medium,Sweet,Somewhat strong,Full caffeine,6.0,4.0,1.0,5.0,3.0,Coffee C,$60-$80,Female,Some college or associate's degree,Retired
24x9o9,35-44 years old,1,"At home, At the office",Espresso,,Other,Medium,Sweet,Very strong,Full caffeine,4.0,4.0,2.0,1.0,3.0,Coffee A,$40-$60,Male,Some college or associate's degree,Employed full-time
BGbJ9Q,25-34 years old,2,"At the office, At a cafe, At home, On the go",Coffee brewing machine (e.g. Mr. Coffee),"Local cafe, Deli or supermarket, Specialty coffee shop",Regular drip coffee,Light,Fruity,Medium,Full caffeine,7.0,4.0,1.0,3.0,5.0,Coffee D,$20-$40,Female,Master's degree,Employed full-time
PABZrV,25-34 years old,2,At home,Pour over,,Pourover,Nordic,Juicy,Somewhat strong,Full caffeine,8.0,5.0,3.0,2.0,5.0,Coffee A,$20-$40,Male,Master's degree,Employed full-time
lNl84k,25-34 years old,2,"On the go, At home",Pour over,Local cafe,Latte,Medium,Fruity,Medium,Full caffeine,2.0,4.0,2.0,2.0,2.0,Coffee B,>$100,Male,Bachelor's degree,Employed full-time
rlr8YR,45-54 years old,3,At home,"Pour over, Espresso, Other",,Cappuccino,Light,Fruity,Somewhat strong,Full caffeine,7.0,4.0,3.0,2.0,5.0,Coffee D,$80-$100,Male,High school graduate,Employed full-time
zKQ8L0,25-34 years old,1,"At home, At the office, At a cafe","Pour over, Espresso",,Cortado,Light,Full Bodied,Somewhat strong,Full caffeine,7.0,4.0,3.0,2.0,5.0,Coffee D,$40-$60,Male,Bachelor's degree,Employed full-time
NAB2El,35-44 years old,2,"At home, On the go, At a cafe","Pour over, Espresso, Cold brew","National chain (e.g. Starbucks, Dunkin), Specialty coffee shop, Local cafe",Latte,Dark,Bright,Somewhat strong,Full caffeine,8.0,4.0,3.0,2.0,1.0,Coffee A,$80-$100,Male,High school graduate,Unemployed
9dJAMV,25-34 years old,3,At home,"Pour over, Espresso",,Espresso,Light,Juicy,Somewhat strong,Full caffeine,8.0,5.0,2.0,1.0,4.0,Coffee A,$60-$80,Male,Bachelor's degree,Employed full-time
YZz79J,25-34 years old,2,"At home, At a cafe","Pour over, Cold brew",,Regular drip coffee,Light,Chocolatey,Medium,Full caffeine,6.0,2.0,3.0,5.0,3.0,Coffee C,$40-$60,Female,Bachelor's degree,Homemaker
5dqaod,25-34 years old,2,At home,Pod/capsule machine (e.g. Keurig/Nespresso),,Regular drip coffee,Light,Bright,Medium,Full caffeine,2.0,3.0,2.0,3.0,4.0,Coffee B,$40-$60,Male,Bachelor's degree,Employed full-time
GrBOgp,35-44 years old,1,At home,"Coffee extract (e.g. Cometeer), Cold brew",,Iced coffee,Dark,Bold,Somewhat strong,Full caffeine,4.0,3.0,5.0,4.0,2.0,Coffee B,>$100,Male,,
dY2Jgo,25-34 years old,3,"At home, On the go, At the office","Pour over, Coffee brewing machine (e.g. Mr. Coffee)","Other, Deli or supermarket",Regular drip coffee,Medium,Sweet,Medium,Full caffeine,6.0,5.0,4.0,3.0,5.0,Coffee C,$40-$60,Female,Doctorate or professional degree,Employed full-time
AlbMAe,25-34 years old,2,At home,Pour over,,Cappuccino,Light,Floral,Very strong,Full caffeine,7.0,1.0,2.0,3.0,5.0,Coffee D,$20-$40,Male,Some college or associate's degree,Unemployed
XeB6d4,25-34 years old,More than 4,At home,"Pour over, Espresso",,Pourover,Nordic,Fruity,Medium,Full caffeine,7.0,3.0,1.0,3.0,4.0,Coffee D,>$100,Male,Some college or associate's degree,Employed full-time
QABNX8,25-34 years old,1,At home,Espresso,,Latte,Medium,Sweet,Medium,Full caffeine,4.0,4.0,2.0,3.0,5.0,Coffee D,$20-$40,Female,Master's degree,Employed part-time
1r2QBp,55-64 years old,2,"At home, At the office","Pour over, Espresso, Other",,Pourover,Light,Fruity,Somewhat strong,Full caffeine,5.0,5.0,3.0,2.0,5.0,Coffee D,$40-$60,Female,Bachelor's degree,Employed full-time
VZ1WY6,35-44 years old,2,"At home, At a cafe","Pour over, French press, Instant coffee, Cold brew",,Pourover,Light,Juicy,Somewhat strong,Full caffeine,7.0,2.0,3.0,5.0,3.0,Coffee C,$40-$60,Prefer not to say,Bachelor's degree,Employed full-time
LdM4Vv,55-64 years old,1,At home,Coffee brewing machine (e.g. Mr. Coffee),,Mocha,Dark,Full Bodied,Somewhat strong,Full caffeine,4.0,2.0,2.0,5.0,1.0,Coffee C,,Female,Doctorate or professional degree,Retired
6dQ6MJ,45-54 years old,1,At home,"Pour over, Coffee extract (e.g. Cometeer)",,Pourover,Medium,Sweet,Medium,Full caffeine,5.0,5.0,4.0,3.0,2.0,Coffee A,$40-$60,Female,Bachelor's degree,Retired
oAV8vx,25-34 years old,2,"At home, At the office","Pour over, Other, French press",,Pourover,Light,Fruity,Somewhat strong,Full caffeine,6.0,3.0,5.0,4.0,5.0,Coffee D,$20-$40,Male,Master's degree,Employed full-time
oAV8gP,25-34 years old,1,At home,Pod/capsule machine (e.g. Keurig/Nespresso),,Latte,Dark,Nutty,Somewhat strong,Full caffeine,6.0,2.0,4.0,5.0,3.0,Coffee C,$40-$60,Male,Master's degree,Employed full-time
EPboJ2,25-34 years old,1,"At the office, At home, On the go","Pour over, Espresso",Local cafe,Latte,Light,Juicy,Somewhat strong,Full caffeine,7.0,5.0,3.0,4.0,4.0,Coffee C,$60-$80,Male,Bachelor's degree,Employed full-time
MAdjVA,25-34 years old,1,"At the office, On the go, At home",Other,Specialty coffee shop,Mocha,Medium,Bright,Medium,Full caffeine,6.0,3.0,5.0,1.0,5.0,Coffee B,$40-$60,Male,Some college or associate's degree,Employed full-time
EPboEX,25-34 years old,3,At home,"Pour over, Other",,Pourover,Medium,Nutty,Somewhat strong,Full caffeine,5.0,4.0,5.0,3.0,1.0,Coffee B,$20-$40,Male,Some college or associate's degree,Employed full-time
6dQ64k,35-44 years old,3,"At the office, At home, At a cafe","Pour over, French press",,Cortado,Medium,Fruity,Medium,Full caffeine,3.0,4.0,5.0,2.0,5.0,Coffee B,$40-$60,Male,Bachelor's degree,Employed full-time
NAB240,55-64 years old,3,At home,Pour over,,Pourover,Light,Floral,Medium,Full caffeine,6.0,5.0,3.0,2.0,4.0,Coffee A,$20-$40,Male,Master's degree,Employed part-time
pLPYzB,55-64 years old,2,At home,"Pour over, French press, Pod/capsule machine (e.g. Keurig/Nespresso), Cold brew",,Other,Light,Sweet,Medium,Full caffeine,4.0,4.0,1.0,2.0,3.0,Coffee B,,Male,High school graduate,Retired
OABxEg,55-64 years old,2,At home,Pour over,,Cappuccino,Dark,Full Bodied,Very strong,Full caffeine,5.0,1.0,5.0,4.0,3.0,Coffee B,$80-$100,Male,Doctorate or professional degree,Employed full-time
NAB2gB,25-34 years old,2,"At home, At the office",Pour over,,Pourover,Light,Floral,Medium,Full caffeine,5.0,4.0,1.0,3.0,2.0,Coffee A,$40-$60,Male,Doctorate or professional degree,Employed full-time
vNx8vQ,25-34 years old,1,"At home, At the office",Pour over,,Mocha,Light,Sweet,Medium,Full caffeine,1.0,3.0,5.0,3.0,1.0,Coffee B,$20-$40,Female,Bachelor's degree,Employed full-time
LdM4yj,45-54 years old,2,At home,"Espresso, French press, Coffee brewing machine (e.g. Mr. Coffee), Pour over",,Cappuccino,Medium,Nutty,Somewhat strong,Full caffeine,7.0,1.0,1.0,,4.0,Coffee D,,,,
qbE8k9,35-44 years old,2,"At home, On the go, At the office",Pour over,Specialty coffee shop,Pourover,Light,Fruity,Medium,Full caffeine,8.0,4.0,1.0,3.0,4.0,Coffee D,$40-$60,Male,Master's degree,Employed full-time
qbE8v9,25-34 years old,1,"At the office, At home",Espresso,,Americano,Dark,Caramalized,Somewhat strong,Half caff,7.0,5.0,3.0,4.0,5.0,Coffee D,$20-$40,Male,Bachelor's degree,Employed full-time
dY2J8d,45-54 years old,3,At home,Espresso,,Cortado,Light,Fruity,Very strong,Full caffeine,6.0,4.0,2.0,3.0,5.0,Coffee D,,Male,Master's degree,Employed full-time
jB98Yx,35-44 years old,Less than 1,On the go,,"National chain (e.g. Starbucks, Dunkin)",Mocha,Light,Chocolatey,Weak,Half caff,1.0,4.0,2.0,3.0,1.0,Coffee A,<$20,Female,Master's degree,Employed full-time
rlr8gN,25-34 years old,1,"At home, At the office",Coffee brewing machine (e.g. Mr. Coffee),,Regular drip coffee,Medium,Nutty,Medium,Full caffeine,6.0,1.0,4.0,5.0,3.0,Coffee C,$80-$100,Male,Doctorate or professional degree,Employed full-time
XeB6Ng,45-54 years old,2,At home,"Espresso, French press",,Latte,Medium,Nutty,Medium,Full caffeine,4.0,4.0,4.0,5.0,3.0,Coffee C,$20-$40,Male,Bachelor's degree,Unemployed
OABx97,45-54 years old,3,"At home, At a cafe","Pod/capsule machine (e.g. Keurig/Nespresso), Pour over",,Pourover,Medium,Chocolatey,Medium,Full caffeine,5.0,5.0,1.0,4.0,1.0,Coffee A,$40-$60,Female,Some college or associate's degree,Employed full-time
42NlEX,25-34 years old,1,"At home, At a cafe","Pour over, French press",,Cortado,Light,Sweet,Somewhat strong,Full caffeine,7.0,4.0,3.0,2.0,5.0,Coffee D,$40-$60,Male,Bachelor's degree,Employed full-time
LdM4al,25-34 years old,2,At the office,,,Pourover,Medium,Juicy,Medium,Full caffeine,5.0,5.0,3.0,2.0,4.0,Coffee A,$20-$40,Male,Bachelor's degree,Employed full-time
ZdRbDB,18-24 years old,1,At home,"Espresso, Pour over",,Pourover,Medium,Sweet,Medium,Full caffeine,3.0,5.0,2.0,4.0,2.0,Coffee A,$20-$40,Male,High school graduate,Employed full-time
6dQ6Vk,25-34 years old,2,"At home, At a cafe, On the go, At the office","Pour over, Other",Local cafe,Americano,Light,Fruity,Somewhat strong,Full caffeine,6.0,2.0,4.0,3.0,3.0,Coffee B,$40-$60,Male,Master's degree,Employed full-time
8dpbVx,18-24 years old,1,At home,"Espresso, Pour over, Coffee brewing machine (e.g. Mr. Coffee), Cold brew",,Cappuccino,Medium,Nutty,Medium,Full caffeine,7.0,4.0,5.0,3.0,2.0,Coffee D,$20-$40,Male,Doctorate or professional degree,Student
6dQ65P,>65 years old,2,At home,Coffee brewing machine (e.g. Mr. Coffee),,Regular drip coffee,Dark,Bold,Somewhat strong,Full caffeine,4.0,2.0,3.0,4.0,1.0,Coffee C,,Prefer not to say,Master's degree,
1r2Q6l,35-44 years old,3,At home,Pour over,,Pourover,Medium,Fruity,Somewhat strong,Full caffeine,8.0,4.0,2.0,5.0,2.0,Coffee C,<$20,Male,Bachelor's degree,Employed full-time
7d97MR,18-24 years old,Less than 1,"At home, On the go",Coffee brewing machine (e.g. Mr. Coffee),"National chain (e.g. Starbucks, Dunkin), Drive-thru",Iced coffee,Light,Sweet,Medium,Full caffeine,6.0,4.0,3.0,3.0,3.0,Coffee A,$20-$40,Male,Bachelor's degree,Employed full-time
ylq8GB,25-34 years old,1,"At a cafe, At home","Espresso, French press",,Latte,Medium,Chocolatey,Somewhat strong,Full caffeine,3.0,1.0,2.0,5.0,4.0,Coffee C,<$20,Male,Bachelor's degree,Employed full-time
kYR8p1,35-44 years old,2,"At home, At the office",Espresso,,Cappuccino,Light,Fruity,Somewhat strong,Full caffeine,7.0,3.0,4.0,4.0,5.0,Coffee D,$60-$80,Male,Doctorate or professional degree,Employed full-time
8dpbgx,18-24 years old,2,"At home, At the office","Pour over, Espresso",,Espresso,Medium,Chocolatey,Somewhat strong,Full caffeine,5.0,3.0,2.0,3.0,5.0,Coffee D,$40-$60,Male,Bachelor's degree,Employed full-time
VZ1Wqg,25-34 years old,2,"At home, At a cafe",Pour over,,Cappuccino,Light,Fruity,Medium,Full caffeine,7.0,4.0,3.0,3.0,5.0,Coffee D,$20-$40,Female,Bachelor's degree,Employed full-time
WApaBa,35-44 years old,2,"At home, At a cafe","Pour over, Coffee extract (e.g. Cometeer)",,Latte,Light,Nutty,Medium,Full caffeine,5.0,5.0,3.0,4.0,2.0,Coffee A,$40-$60,Female,Doctorate or professional degree,Employed full-time
dY2J1q,35-44 years old,2,At home,"Pour over, French press, Coffee brewing machine (e.g. Mr. Coffee)",,Pourover,Light,Juicy,Somewhat strong,Full caffeine,6.0,4.0,3.0,5.0,2.0,Coffee C,$20-$40,Male,High school graduate,Employed full-time
vNx8W0,25-34 years old,1,"At home, At a cafe",Pour over,,Espresso,Light,Bright,Somewhat strong,Full caffeine,8.0,3.0,2.0,1.0,4.0,Coffee D,$40-$60,Male,Master's degree,Employed full-time
5dqaOo,35-44 years old,2,At a cafe,,,Americano,Light,Chocolatey,Medium,Full caffeine,7.0,3.0,4.0,3.0,1.0,Coffee B,$60-$80,Male,,
QABNWp,25-34 years old,Less than 1,At home,Espresso,,Latte,Medium,Full Bodied,Somewhat strong,Half caff,6.0,2.0,3.0,5.0,4.0,Coffee C,<$20,Female,Bachelor's degree,Employed full-time
ZdRbQo,35-44 years old,1,"At home, At the office","French press, Other",,Americano,Medium,Bold,Somewhat strong,Full caffeine,7.0,2.0,3.0,5.0,4.0,Coffee C,$40-$60,Male,Bachelor's degree,Employed full-time
NAB2yB,55-64 years old,2,At the office,,,Cold brew,Medium,Bold,Very strong,Full caffeine,5.0,1.0,2.0,3.0,4.0,Coffee D,>$100,Male,Some college or associate's degree,Employed full-time
oAV81e,18-24 years old,2,At home,"Espresso, Pour over, Cold brew",,Espresso,Light,Floral,Medium,Full caffeine,8.0,4.0,3.0,4.0,5.0,Coffee D,$40-$60,Male,Some college or associate's degree,Student
PABZYx,35-44 years old,2,"At a cafe, At home, At the office","Pour over, Cold brew, Coffee extract (e.g. Cometeer)",,Latte,Light,Juicy,Somewhat strong,Full caffeine,6.0,4.0,2.0,3.0,5.0,Coffee D,$20-$40,Female,Bachelor's degree,Employed full-time
PABZWb,25-34 years old,1,At home,Pod/capsule machine (e.g. Keurig/Nespresso),,Regular drip coffee,Medium,Sweet,Medium,Full caffeine,6.0,1.0,4.0,4.0,3.0,Coffee B,$20-$40,Female,Bachelor's degree,Employed full-time
XeB6v4,18-24 years old,More than 4,At home,"Instant coffee, Coffee brewing machine (e.g. Mr. Coffee), Pour over, Cold brew",,Regular drip coffee,Medium,Chocolatey,Medium,Full caffeine,7.0,2.0,4.0,4.0,1.0,Coffee C,$20-$40,Male,Some college or associate's degree,Employed part-time
9dJAxQ,25-34 years old,2,At home,Other,,Pourover,Medium,Full Bodied,Medium,Full caffeine,7.0,2.0,3.0,4.0,1.0,Coffee C,$40-$60,Male,Master's degree,Employed part-time
DVvRE5,<18 years old,2,"At home, At a cafe","Coffee brewing machine (e.g. Mr. Coffee), Instant coffee, Cold brew, Pour over",,Latte,Medium,Chocolatey,Medium,Full caffeine,7.0,2.0,4.0,5.0,1.0,Coffee C,$40-$60,Female,High school graduate,Student
lNl87X,25-34 years old,1,"At home, On the go","French press, Pod/capsule machine (e.g. Keurig/Nespresso), Pour over","Specialty coffee shop, National chain (e.g. Starbucks, Dunkin)",Latte,Medium,Chocolatey,Somewhat strong,Full caffeine,4.0,4.0,3.0,5.0,2.0,Coffee A,$20-$40,Female,Bachelor's degree,Employed part-time
eBxgye,25-34 years old,1,At home,Coffee brewing machine (e.g. Mr. Coffee),,Latte,Light,Bold,Medium,Full caffeine,2.0,3.0,4.0,1.0,3.0,Coffee B,$20-$40,Female,Bachelor's degree,Homemaker
aBrpgq,25-34 years old,1,"At the office, At home",Bean-to-cup machine,,Cappuccino,Medium,Bold,Somewhat strong,Full caffeine,4.0,3.0,1.0,5.0,4.0,Coffee C,$20-$40,Female,Bachelor's degree,Employed full-time
OABxrR,25-34 years old,3,"At home, At the office",Pour over,,Iced coffee,Medium,Chocolatey,Somewhat strong,Full caffeine,6.0,3.0,3.0,5.0,3.0,Coffee A,$40-$60,Male,Doctorate or professional degree,Employed full-time
WApajv,35-44 years old,3,At home,"Espresso, Pour over",,Latte,Light,Fruity,Somewhat strong,Full caffeine,5.0,,1.0,3.0,5.0,,,,,
1r2QxQ,25-34 years old,1,"At home, At the office","Pour over, French press, Other",,Regular drip coffee,Medium,Bright,Somewhat strong,Full caffeine,6.0,3.0,3.0,1.0,4.0,Coffee D,$40-$60,Male,High school graduate,Employed full-time
AlbM9z,25-34 years old,3,"At home, At the office, At a cafe","Espresso, Pour over",,Pourover,Light,Fruity,Somewhat strong,Full caffeine,9.0,4.0,3.0,1.0,5.0,Coffee C,$40-$60,Male,Bachelor's degree,Employed full-time
8dpbWO,25-34 years old,1,"At the office, At home, On the go, At a cafe","Pour over, Espresso","Specialty coffee shop, Local cafe",Espresso,Light,Fruity,Medium,Full caffeine,5.0,4.0,2.0,2.0,3.0,Coffee B,$40-$60,Female,Master's degree,Employed full-time
7d97zA,18-24 years old,1,At home,Pour over,,Latte,Light,Juicy,Medium,Full caffeine,6.0,4.0,2.0,2.0,5.0,Coffee D,$20-$40,Female,Bachelor's degree,Employed part-time
24x9zV,18-24 years old,2,At home,Espresso,,Espresso,Dark,Bold,Very strong,Full caffeine,4.0,2.0,1.0,3.0,1.0,Coffee D,<$20,Non-binary,Bachelor's degree,Student
VZ1W9j,25-34 years old,2,"At home, At the office",Pour over,,Cold brew,Medium,Bright,Somewhat strong,Full caffeine,2.0,3.0,4.0,4.0,4.0,Coffee B,,,,
rlr8YN,25-34 years old,2,"At home, At the office","Pour over, French press",,Latte,Light,Fruity,Medium,Full caffeine,8.0,5.0,3.0,2.0,4.0,Coffee A,$40-$60,Male,Doctorate or professional degree,Unemployed
xdN80d,25-34 years old,2,"At home, At a cafe","Pour over, French press, Espresso, Cold brew",,Pourover,Light,Floral,Medium,Full caffeine,7.0,4.0,2.0,5.0,3.0,Coffee A,$40-$60,Male,Some college or associate's degree,Employed full-time
1r2QgW,55-64 years old,3,At home,Espresso,,Latte,Medium,Chocolatey,Somewhat strong,Full caffeine,7.0,2.0,4.0,3.0,4.0,Coffee D,$20-$40,Male,Bachelor's degree,Employed full-time
EPbo64,25-34 years old,2,At home,"Coffee extract (e.g. Cometeer), Pod/capsule machine (e.g. Keurig/Nespresso), Bean-to-cup machine",,Cold brew,Medium,Nutty,Medium,Full caffeine,6.0,2.0,3.0,4.0,4.0,Coffee B,$60-$80,Prefer not to say,,
qbE877,35-44 years old,3,At home,"Pour over, French press, Espresso, Other",,Pourover,Light,Fruity,Medium,Full caffeine,2.0,4.0,3.0,3.0,1.0,Coffee B,$40-$60,Male,Some college or associate's degree,Employed full-time
KMBrGV,35-44 years old,2,"At home, At the office","Espresso, Coffee extract (e.g. Cometeer)",,Latte,Light,Fruity,Somewhat strong,Full caffeine,8.0,3.0,3.0,4.0,5.0,Coffee A,$40-$60,Female,Bachelor's degree,Employed full-time
6dQ6WY,35-44 years old,2,"At home, On the go, At a cafe",Pour over,"Local cafe, Specialty coffee shop, National chain (e.g. Starbucks, Dunkin)",Cappuccino,Dark,Caramalized,Somewhat strong,Full caffeine,5.0,3.0,4.0,5.0,2.0,Coffee C,>$100,Non-binary,Bachelor's degree,Employed full-time
EPboA4,45-54 years old,1,At home,Espresso,,Cappuccino,Medium,Caramalized,Medium,Full caffeine,5.0,5.0,4.0,3.0,1.0,Coffee A,<$20,Male,Bachelor's degree,Employed full-time
PABZy5,25-34 years old,1,At home,Other,,Latte,Medium,Nutty,Medium,Full caffeine,3.0,2.0,4.0,4.0,1.0,Coffee C,$20-$40,Female,Bachelor's degree,Employed full-time
ZdRbgz,25-34 years old,1,At the office,,,Latte,Medium,Caramalized,Very strong,Full caffeine,7.0,3.0,5.0,3.0,2.0,Coffee B,$20-$40,Male,Bachelor's degree,Employed full-time
EPbo6r,25-34 years old,1,At home,Bean-to-cup machine,,Cortado,Blonde,Full Bodied,Very strong,Full caffeine,5.0,4.0,1.0,4.0,5.0,Coffee D,$40-$60,Male,Bachelor's degree,Employed full-time
6dQ6zB,35-44 years old,2,At home,Espresso,,Iced coffee,Dark,Nutty,Somewhat strong,Full caffeine,6.0,4.0,2.0,4.0,4.0,Coffee C,$40-$60,Male,Master's degree,Employed full-time
LdM4Ey,25-34 years old,3,"At home, At a cafe, At the office","Pour over, Coffee brewing machine (e.g. Mr. Coffee)",,Regular drip coffee,Medium,Floral,Somewhat strong,Full caffeine,8.0,4.0,3.0,2.0,4.0,Coffee D,$40-$60,Male,Master's degree,Employed full-time
ylq8gg,35-44 years old,1,At home,"Pour over, Coffee brewing machine (e.g. Mr. Coffee), Bean-to-cup machine",,Pourover,Medium,Sweet,Medium,Full caffeine,4.0,4.0,3.0,3.0,4.0,Coffee A,$20-$40,Male,Bachelor's degree,Unemployed
42NlOY,25-34 years old,2,"At home, At a cafe","Pour over, French press, Espresso",,Americano,Medium,Full Bodied,Somewhat strong,Half caff,8.0,3.0,4.0,5.0,1.0,Coffee C,$20-$40,Male,Master's degree,Employed full-time
MAdjPM,25-34 years old,2,At home,"Pour over, Espresso",,Espresso,Nordic,Fruity,Medium,Full caffeine,7.0,4.0,2.0,5.0,1.0,Coffee C,$60-$80,Male,Master's degree,Employed full-time
8dpb5O,55-64 years old,4,At home,"Other, Espresso",,Cortado,Medium,Fruity,Medium,Full caffeine,7.0,4.0,3.0,3.0,5.0,Coffee D,$60-$80,Male,Some college or associate's degree,Retired
1r2QRl,25-34 years old,2,"At home, At the office, On the go, At a cafe","Pour over, Espresso, Cold brew","Specialty coffee shop, National chain (e.g. Starbucks, Dunkin)",Pourover,Light,Fruity,Somewhat strong,Full caffeine,7.0,4.0,1.0,3.0,5.0,Coffee D,<$20,Male,Bachelor's degree,Employed full-time
jB985Q,45-54 years old,2,At home,Espresso,,Americano,Medium,Bold,Medium,Full caffeine,5.0,3.0,5.0,2.0,1.0,Coffee B,>$100,Female,Some college or associate's degree,Employed full-time
J2kEBo,55-64 years old,2,At home,Instant coffee,,Latte,Medium,Chocolatey,Somewhat strong,Full caffeine,4.0,5.0,3.0,2.0,4.0,Coffee A,<$20,Male,Bachelor's degree,Employed full-time
eBxgvk,55-64 years old,2,"At home, At a cafe","Pour over, Coffee brewing machine (e.g. Mr. Coffee)",,Pourover,Medium,Full Bodied,Somewhat strong,Full caffeine,2.0,1.0,5.0,5.0,2.0,Coffee B,$60-$80,Female,Master's degree,Employed part-time
7d97jZ,25-34 years old,2,"On the go, At a cafe",,"Local cafe, Specialty coffee shop",Latte,Medium,Caramalized,Somewhat strong,Full caffeine,5.0,2.0,3.0,4.0,4.0,Coffee D,$20-$40,Male,Some college or associate's degree,Employed full-time
dY2JzK,35-44 years old,1,"At home, On the go",Pour over,Specialty coffee shop,Pourover,Light,Juicy,Somewhat strong,Full caffeine,8.0,4.0,3.0,2.0,5.0,Coffee D,$40-$60,Male,Master's degree,Employed full-time
PABZe5,35-44 years old,1,At home,"Espresso, Coffee brewing machine (e.g. Mr. Coffee)",,Cappuccino,Medium,Nutty,Somewhat strong,Full caffeine,7.0,4.0,4.0,5.0,1.0,Coffee C,$40-$60,Male,Bachelor's degree,Employed full-time
J2kEGo,35-44 years old,1,"At home, At the office","Coffee brewing machine (e.g. Mr. Coffee), Cold brew, French press, Other",,Mocha,Dark,Chocolatey,Somewhat strong,Full caffeine,5.0,3.0,2.0,2.0,2.0,Coffee A,$20-$40,Male,Some college or associate's degree,Employed full-time
ylq8zx,25-34 years old,1,At home,"Espresso, Pod/capsule machine (e.g. Keurig/Nespresso), Instant coffee, Cold brew",,Latte,Dark,Chocolatey,Somewhat strong,Full caffeine,6.0,2.0,3.0,5.0,2.0,Coffee C,$40-$60,Female,Bachelor's degree,Employed full-time
WApapR,25-34 years old,Less than 1,At the office,,,Regular drip coffee,Medium,Fruity,Medium,Full caffeine,3.0,,,,,,,,,
xdN8z5,25-34 years old,2,"At home, At a cafe, At the office",Pour over,,Pourover,Medium,Fruity,Somewhat strong,Full caffeine,9.0,3.0,1.0,2.0,5.0,Coffee D,$20-$40,Male,Bachelor's degree,Employed full-time
NAB2dj,25-34 years old,2,"At the office, At home","Pour over, French press, Espresso",,Pourover,Medium,Chocolatey,Medium,Full caffeine,6.0,3.0,2.0,4.0,4.0,Coffee D,$20-$40,Male,Doctorate or professional degree,Employed full-time
ylq81x,18-24 years old,1,At home,Pour over,,Cortado,Light,Fruity,Medium,Full caffeine,6.0,4.0,4.0,2.0,5.0,Coffee D,$20-$40,Male,Some college or associate's degree,Employed full-time
vNx8zD,45-54 years old,1,"At home, At a cafe, On the go, At the office","Pour over, French press, Coffee brewing machine (e.g. Mr. Coffee), Instant coffee, Coffee extract (e.g. Cometeer), Cold brew, Other","National chain (e.g. Starbucks, Dunkin), Specialty coffee shop",Latte,Light,Full Bodied,Somewhat strong,Decaf,8.0,4.0,2.0,4.0,2.0,Coffee D,$40-$60,Male,Bachelor's degree,Employed part-time
oAV8zP,25-34 years old,3,"At home, At the office, At a cafe, On the go","Pour over, French press, Coffee brewing machine (e.g. Mr. Coffee)","Deli or supermarket, Specialty coffee shop",Pourover,Medium,Bold,Very strong,Full caffeine,6.0,4.0,5.0,3.0,5.0,Coffee D,$20-$40,Male,Master's degree,Employed full-time
QABNkG,35-44 years old,1,At home,"Pour over, Cold brew",,Cappuccino,Medium,Chocolatey,Somewhat strong,Full caffeine,7.0,1.0,1.0,4.0,2.0,Coffee C,$20-$40,Male,Doctorate or professional degree,Employed part-time
8dpbDA,>65 years old,1,At a cafe,,,,Medium,Juicy,Somewhat strong,Full caffeine,3.0,,,,,,,,,
YZz760,25-34 years old,2,At home,"Coffee brewing machine (e.g. Mr. Coffee), Espresso",,Pourover,Medium,Full Bodied,Somewhat strong,Full caffeine,6.0,,,,,Coffee C,,,,
PABZqd,35-44 years old,3,"At the office, At a cafe",,,Latte,Dark,Bold,Somewhat strong,Full caffeine,4.0,2.0,5.0,4.0,3.0,Coffee B,$80-$100,Male,Master's degree,Employed full-time
oAV8LX,18-24 years old,2,"At a cafe, At the office, On the go",,Local cafe,Cold brew,Medium,Nutty,Medium,Full caffeine,8.0,2.0,4.0,5.0,4.0,Coffee C,$80-$100,Male,,
XeB6Pd,18-24 years old,2,At home,Pod/capsule machine (e.g. Keurig/Nespresso),,Americano,Light,Caramalized,Very strong,Full caffeine,10.0,2.0,1.0,2.0,3.0,Coffee D,<$20,Female,Bachelor's degree,Employed full-time
AlbMRB,35-44 years old,2,"At home, At a cafe","Pour over, Espresso",,Pourover,Medium,Chocolatey,Somewhat strong,Full caffeine,8.0,4.0,2.0,3.0,5.0,Coffee D,$60-$80,Male,Some college or associate's degree,Employed full-time
jB98XR,18-24 years old,2,At home,Espresso,,Cappuccino,Medium,Sweet,Somewhat strong,Full caffeine,7.0,2.0,4.0,5.0,1.0,Coffee C,$20-$40,Female,Bachelor's degree,Student
NAB2Zb,25-34 years old,Less than 1,At a cafe,,,Latte,Light,Sweet,Somewhat light,Decaf,3.0,2.0,3.0,4.0,4.0,Coffee C,<$20,Female,Bachelor's degree,Employed full-time
aBrpMy,25-34 years old,2,"At the office, At home","Pour over, Espresso",,Latte,Dark,Chocolatey,Medium,Full caffeine,2.0,5.0,3.0,3.0,1.0,Coffee A,$20-$40,Female,Bachelor's degree,Employed full-time
OABxKK,18-24 years old,2,"On the go, At a cafe",,"Specialty coffee shop, Local cafe",Espresso,Light,Bright,Somewhat light,Full caffeine,4.0,4.0,2.0,3.0,5.0,Coffee D,$20-$40,Male,Some college or associate's degree,Student
pLPYlP,18-24 years old,Less than 1,"At home, At a cafe",Other,,,,,,,,,,,,,,,,
EPbooq,25-34 years old,Less than 1,At a cafe,,,Iced coffee,Blonde,Sweet,Weak,Decaf,1.0,4.0,2.0,5.0,1.0,Coffee C,<$20,Female,Bachelor's degree,Employed full-time
XeB6je,25-34 years old,2,At home,Coffee extract (e.g. Cometeer),,Espresso,Medium,Full Bodied,Medium,Full caffeine,4.0,,,,,,,,,
PABZq0,35-44 years old,2,"At home, At the office",Coffee extract (e.g. Cometeer),,Iced coffee,Medium,Full Bodied,Medium,Half caff,5.0,3.0,3.0,3.0,4.0,Coffee B,$60-$80,Male,Doctorate or professional degree,Employed full-time
GrBOE2,25-34 years old,1,"On the go, At home, At a cafe",Espresso,Local cafe,Latte,Medium,Chocolatey,Somewhat strong,Full caffeine,7.0,2.0,4.0,3.0,1.0,Coffee B,>$100,Male,Master's degree,Employed full-time
pLPYYZ,25-34 years old,1,At home,Pour over,,Latte,Light,Chocolatey,Medium,Full caffeine,3.0,3.0,1.0,3.0,4.0,Coffee D,$20-$40,Male,Master's degree,Employed full-time
GrBOVj,25-34 years old,2,At home,"Pour over, Espresso",,Espresso,Light,Fruity,Medium,Full caffeine,7.0,4.0,3.0,2.0,5.0,Coffee D,>$100,Male,Bachelor's degree,Employed full-time
DVvROb,25-34 years old,2,At home,"Espresso, Pour over, Coffee brewing machine (e.g. Mr. Coffee)",,Pourover,Light,Bright,Medium,Full caffeine,5.0,5.0,2.0,4.0,3.0,Coffee A,,,,
rlr8Z5,25-34 years old,1,"At a cafe, At the office, At home, On the go","Pour over, Coffee extract (e.g. Cometeer)","Local cafe, Specialty coffee shop, National chain (e.g. Starbucks, Dunkin)",Regular drip coffee,Medium,Bright,Medium,Full caffeine,6.0,5.0,4.0,5.0,3.0,Coffee C,$60-$80,Female,Bachelor's degree,Employed full-time
KMBr2M,25-34 years old,2,"At home, At the office",Other,,Regular drip coffee,Light,Fruity,Medium,Full caffeine,5.0,4.0,5.0,3.0,5.0,Coffee D,$20-$40,Male,Bachelor's degree,Employed full-time
kYR8BJ,25-34 years old,2,At home,Coffee extract (e.g. Cometeer),,Regular drip coffee,Light,Bright,Medium,Full caffeine,6.0,4.0,3.0,4.0,5.0,Coffee D,$40-$60,Female,Master's degree,Unemployed
aBrpJ9,25-34 years old,1,"At home, At a cafe",Espresso,,Latte,Medium,Chocolatey,Medium,Full caffeine,4.0,2.0,3.0,5.0,3.0,Coffee C,<$20,Female,Bachelor's degree,Employed full-time
bl41a0,25-34 years old,2,"At home, At a cafe, At the office","Pour over, Coffee brewing machine (e.g. Mr. Coffee), Cold brew",,Pourover,Medium,Bold,Somewhat strong,Full caffeine,7.0,2.0,3.0,3.0,4.0,Coffee D,$60-$80,Male,Bachelor's degree,Employed full-time
RzBqyp,25-34 years old,2,At home,"Espresso, Pour over, Cold brew",,Pourover,Light,Sweet,Somewhat strong,Full caffeine,6.0,3.0,1.0,3.0,5.0,Coffee D,$20-$40,Male,Bachelor's degree,Employed full-time
1r2Q0M,45-54 years old,2,At home,"Pour over, French press, Other",,Latte,Medium,Bright,Medium,Full caffeine,3.0,3.0,3.0,2.0,5.0,Coffee D,$40-$60,Male,Bachelor's degree,Employed full-time
GrBOO2,35-44 years old,3,At home,Pour over,,Pourover,Light,Sweet,Medium,Full caffeine,8.0,4.0,3.0,2.0,5.0,Coffee D,$20-$40,Male,Doctorate or professional degree,Employed full-time
jB98V6,35-44 years old,1,"At home, On the go","Pour over, Coffee brewing machine (e.g. Mr. Coffee)","Specialty coffee shop, National chain (e.g. Starbucks, Dunkin)",Pourover,Medium,Floral,Very strong,Half caff,8.0,3.0,4.0,3.0,4.0,Coffee D,$20-$40,Male,Bachelor's degree,Employed full-time
QABNpg,18-24 years old,3,"At home, At the office","French press, Pour over",,Pourover,Medium,Full Bodied,Somewhat strong,Full caffeine,6.0,3.0,3.0,4.0,3.0,Coffee C,$40-$60,Male,Master's degree,Student
DVvR6j,25-34 years old,2,At home,"Espresso, Pour over, Coffee extract (e.g. Cometeer)",,Cortado,Light,Fruity,Medium,Full caffeine,6.0,2.0,3.0,3.0,4.0,Coffee D,$40-$60,Male,Bachelor's degree,Employed full-time
xdN8q9,25-34 years old,1,At home,Pour over,,Pourover,Light,Bright,Somewhat strong,Full caffeine,6.0,4.0,3.0,3.0,4.0,Coffee D,$20-$40,Female,Bachelor's degree,Employed full-time
xdN8W9,25-34 years old,2,At home,Pour over,,Pourover,Light,Fruity,Medium,Full caffeine,5.0,5.0,2.0,3.0,4.0,Coffee A,$20-$40,Female,Bachelor's degree,Employed full-time
9dJAzX,25-34 years old,2,"At home, At the office","Pour over, Pod/capsule machine (e.g. Keurig/Nespresso)",,Americano,Medium,Nutty,Somewhat strong,Full caffeine,6.0,4.0,3.0,5.0,2.0,Coffee C,,,,
rlr8ep,>65 years old,4,"At the office, At home, On the go, At a cafe","Espresso, Pour over","Local cafe, Specialty coffee shop",Espresso,Medium,Chocolatey,Somewhat strong,Full caffeine,6.0,3.0,4.0,2.0,2.0,Coffee B,$20-$40,Female,Master's degree,Employed full-time
WApa4L,25-34 years old,2,"At home, At the office, On the go, At a cafe","Espresso, Cold brew, Pour over","National chain (e.g. Starbucks, Dunkin)",Iced coffee,Blonde,Fruity,Very strong,Full caffeine,4.0,4.0,2.0,2.0,5.0,Coffee D,$40-$60,Female,High school graduate,Employed full-time
lNl8pV,35-44 years old,2,At home,French press,,Latte,Medium,Chocolatey,Medium,Full caffeine,4.0,3.0,4.0,2.0,3.0,Coffee B,<$20,Male,Bachelor's degree,Employed full-time
9dJAbX,25-34 years old,2,"At home, At a cafe, On the go",Pour over,Specialty coffee shop,Pourover,Light,Juicy,Medium,Full caffeine,7.0,2.0,1.0,2.0,3.0,Coffee D,$60-$80,Female,Bachelor's degree,Employed full-time
zKQ8A1,25-34 years old,2,"At the office, At home, On the go","Pod/capsule machine (e.g. Keurig/Nespresso), Coffee extract (e.g. Cometeer), Espresso, Cold brew","Specialty coffee shop, National chain (e.g. Starbucks, Dunkin), Local cafe",Cappuccino,Medium,Caramalized,Somewhat strong,Full caffeine,5.0,3.0,1.0,5.0,3.0,Coffee C,<$20,Female,Some college or associate's degree,Employed full-time
QABNP1,35-44 years old,2,At home,"Coffee extract (e.g. Cometeer), Pour over",,Other,Medium,Floral,Very strong,Full caffeine,2.0,2.0,3.0,2.0,4.0,Coffee D,<$20,Female,Bachelor's degree,Employed full-time
pLPYEE,35-44 years old,Less than 1,At home,"Pour over, Cold brew, Other",,Latte,Medium,Full Bodied,Weak,Half caff,4.0,4.0,1.0,2.0,3.0,Coffee A,<$20,,,
GrBOMQ,35-44 years old,2,"At home, At a cafe","Coffee brewing machine (e.g. Mr. Coffee), Pour over",,Cortado,Light,Full Bodied,Medium,,6.0,2.0,2.0,5.0,4.0,Coffee B,$20-$40,Male,Some college or associate's degree,Employed full-time
RzBqpQ,25-34 years old,2,At home,"Pour over, Espresso",,Espresso,Nordic,Juicy,Medium,Full caffeine,5.0,4.0,2.0,3.0,5.0,Coffee D,$40-$60,Male,High school graduate,Employed full-time
24x9MM,18-24 years old,1,At home,Cold brew,,Cold brew,Medium,Sweet,Medium,Full caffeine,5.0,2.0,4.0,3.0,4.0,Coffee D,<$20,Male,Some college or associate's degree,Employed part-time
7d9rX0,25-34 years old,2,At home,Pour over,,Pourover,Light,Juicy,Medium,Full caffeine,7.0,4.0,3.0,3.0,5.0,Coffee D,<$20,Male,Bachelor's degree,Employed full-time
YZz72z,18-24 years old,Less than 1,"At a cafe, At home",Coffee brewing machine (e.g. Mr. Coffee),,Cappuccino,Medium,Nutty,Medium,Full caffeine,3.0,3.0,5.0,4.0,2.0,Coffee B,<$20,Other (please specify),Some college or associate's degree,Student
42Nl0b,18-24 years old,2,At home,Espresso,,Latte,Dark,Sweet,Medium,Full caffeine,3.0,2.0,1.0,3.0,4.0,Coffee D,$20-$40,Other (please specify),Some college or associate's degree,Student
lNl8JX,35-44 years old,1,At home,Espresso,,Espresso,Medium,Chocolatey,Very strong,Full caffeine,5.0,4.0,1.0,5.0,5.0,Coffee D,>$100,Male,Master's degree,Unemployed
xdN8kd,25-34 years old,Less than 1,At a cafe,,,Latte,Light,Sweet,Medium,Half caff,3.0,5.0,1.0,2.0,3.0,Coffee A,<$20,Female,Bachelor's degree,Employed full-time
VZ1WWE,35-44 years old,1,At home,"Pour over, French press, Cold brew, Other",,Pourover,Medium,Caramalized,Somewhat strong,Full caffeine,8.0,4.0,3.0,5.0,2.0,Coffee C,$20-$40,Male,Doctorate or professional degree,Employed full-time
bl4QV6,25-34 years old,1,At the office,,,Mocha,Medium,Bright,Medium,Full caffeine,1.0,4.0,5.0,3.0,1.0,Coffee A,<$20,Female,Some college or associate's degree,Employed full-time
LdM4xG,55-64 years old,3,At home,Pour over,,Pourover,Light,Floral,Medium,Full caffeine,7.0,3.0,4.0,2.0,4.0,Coffee D,$80-$100,Male,Bachelor's degree,Employed full-time
VZ1OLj,25-34 years old,2,"At the office, At home","Pour over, Espresso, Coffee extract (e.g. Cometeer)",,Espresso,Light,Juicy,Very strong,Full caffeine,6.0,3.0,2.0,4.0,5.0,Coffee D,$60-$80,Male,Bachelor's degree,Employed full-time
KMBrrk,35-44 years old,1,At home,Pour over,,Pourover,Light,Fruity,Medium,Full caffeine,7.0,4.0,1.0,2.0,5.0,Coffee A,$40-$60,Female,Bachelor's degree,Employed full-time
5dqaWQ,25-34 years old,2,"At home, At the office, At a cafe","Pour over, Other, Cold brew",,Cappuccino,Medium,Full Bodied,Very strong,Full caffeine,5.0,2.0,4.0,5.0,3.0,Coffee C,$60-$80,Male,Bachelor's degree,Employed full-time
NAB22W,35-44 years old,More than 4,"At the office, At home","French press, Espresso",,Regular drip coffee,Dark,Nutty,Medium,Full caffeine,8.0,2.0,4.0,3.0,2.0,Coffee B,>$100,Male,Master's degree,Employed full-time
eBxWZx,35-44 years old,3,"At home, At a cafe","Pour over, Espresso",,Espresso,Light,Fruity,Medium,Full caffeine,8.0,4.0,2.0,1.0,5.0,Coffee D,>$100,Male,Bachelor's degree,Employed full-time
OABxOM,25-34 years old,2,At home,Pour over,,Pourover,Light,Full Bodied,Somewhat strong,Full caffeine,7.0,4.0,4.0,2.0,3.0,Coffee B,$40-$60,Male,Bachelor's degree,Employed full-time
lNl825,25-34 years old,4,"At the office, At home","Espresso, Coffee brewing machine (e.g. Mr. Coffee), Pour over",,Latte,Medium,Caramalized,Medium,Full caffeine,5.0,4.0,2.0,4.0,3.0,Coffee D,$40-$60,Male,Bachelor's degree,Employed full-time
EPboy2,25-34 years old,1,"At home, At the office, At a cafe","Pour over, Espresso",,Cortado,Medium,Juicy,Somewhat strong,Full caffeine,8.0,4.0,3.0,2.0,4.0,Coffee A,$40-$60,Male,Master's degree,Employed full-time
LdM48z,25-34 years old,2,"At home, At the office",Pour over,,Pourover,Light,Fruity,Medium,Full caffeine,5.0,4.0,5.0,1.0,4.0,Coffee D,$40-$60,Female,Doctorate or professional degree,Employed full-time
KMBKYX,18-24 years old,3,"At a cafe, At home, At the office, On the go","Pour over, French press, Espresso, Other","Specialty coffee shop, Local cafe",Regular drip coffee,Medium,Bright,Very strong,Full caffeine,5.0,5.0,4.0,2.0,5.0,Coffee D,$40-$60,Male,Bachelor's degree,Employed full-time
NAB21W,25-34 years old,1,"At home, On the go, At the office","Pod/capsule machine (e.g. Keurig/Nespresso), Espresso","Deli or supermarket, Local cafe",Latte,Medium,Nutty,Medium,Half caff,5.0,3.0,5.0,3.0,1.0,Coffee B,<$20,Female,Doctorate or professional degree,Employed full-time
42NlMo,35-44 years old,Less than 1,"At home, At a cafe","Pour over, Other",,Cappuccino,Light,Fruity,Somewhat strong,Full caffeine,7.0,4.0,2.0,1.0,3.0,Coffee A,$20-$40,Female,Bachelor's degree,Employed full-time
BGbJv4,25-34 years old,2,"At a cafe, At home",Pour over,,Latte,Nordic,Fruity,Somewhat light,Full caffeine,7.0,5.0,2.0,1.0,5.0,Coffee C,$20-$40,Non-binary,Bachelor's degree,Employed full-time
rlr8No,35-44 years old,1,At home,Other,,Other,Light,Sweet,Medium,Decaf,5.0,2.0,4.0,3.0,1.0,Coffee B,$20-$40,Male,Master's degree,Employed full-time
24xGEe,45-54 years old,2,"At home, At the office",French press,,Pourover,Medium,Chocolatey,Somewhat strong,Full caffeine,8.0,3.0,3.0,4.0,4.0,Coffee C,$20-$40,Male,Master's degree,Employed full-time
lNlkBN,25-34 years old,2,At home,Pour over,,Pourover,Medium,Full Bodied,Somewhat strong,Half caff,3.0,1.0,3.0,2.0,3.0,Coffee D,$20-$40,Female,Master's degree,Employed full-time
eBxWae,25-34 years old,2,At home,Pour over,,Regular drip coffee,Medium,Full Bodied,Medium,Full caffeine,6.0,2.0,3.0,5.0,3.0,Coffee C,$20-$40,Male,Master's degree,Employed full-time
WApavR,25-34 years old,4,"At home, At the office","Espresso, Pour over, French press",,Pourover,Light,Fruity,Medium,Full caffeine,7.0,4.0,4.0,2.0,3.0,Coffee A,$40-$60,Male,Bachelor's degree,Employed full-time
1r2o9p,25-34 years old,2,At home,Espresso,,Cortado,Medium,Bright,Somewhat strong,Full caffeine,5.0,5.0,2.0,3.0,4.0,Coffee A,$20-$40,Male,Bachelor's degree,Employed full-time
OABM7R,35-44 years old,1,At home,Pour over,,Pourover,Light,Caramalized,Somewhat strong,Full caffeine,8.0,5.0,4.0,2.0,3.0,Coffee A,$20-$40,Male,Doctorate or professional degree,Employed full-time
aBrqOX,25-34 years old,2,"At home, At a cafe","Pour over, Espresso, Coffee brewing machine (e.g. Mr. Coffee)",,Cortado,Medium,Fruity,Somewhat strong,Full caffeine,7.0,4.0,4.0,5.0,4.0,Coffee D,$20-$40,Male,Master's degree,Employed full-time
qbE1GG,35-44 years old,1,"At home, At a cafe, On the go","Pour over, French press",Specialty coffee shop,Pourover,Light,Fruity,Very strong,Full caffeine,7.0,4.0,3.0,2.0,5.0,Coffee D,$40-$60,Male,Master's degree,Employed full-time
8dp4aP,25-34 years old,2,"At the office, At home",Pour over,,Pourover,Light,Fruity,Very strong,Full caffeine,6.0,3.0,4.0,3.0,5.0,Coffee D,$40-$60,Male,Doctorate or professional degree,Employed full-time
0EjR7j,35-44 years old,2,At home,"Pour over, French press",,Pourover,Light,Juicy,Somewhat strong,Full caffeine,5.0,4.0,2.0,3.0,4.0,Coffee A,<$20,Male,Bachelor's degree,Employed full-time
YZz7EN,25-34 years old,2,At home,"Pour over, Other",,Pourover,Light,Floral,Medium,Full caffeine,5.0,4.0,4.0,2.0,5.0,Coffee A,$20-$40,Male,Some college or associate's degree,Employed full-time
OABxRk,45-54 years old,2,"At a cafe, At home, On the go","Pour over, Cold brew","Drive-thru, National chain (e.g. Starbucks, Dunkin), Local cafe",Latte,Medium,Chocolatey,Somewhat strong,Full caffeine,3.0,5.0,4.0,2.0,1.0,Coffee A,$40-$60,Male,Master's degree,Employed full-time
AlbMgN,18-24 years old,1,At home,"Pour over, French press, Other",,Pourover,Medium,Floral,Somewhat strong,Full caffeine,4.0,2.0,3.0,5.0,3.0,Coffee C,$20-$40,Male,Some college or associate's degree,Student
lNlk6k,25-34 years old,Less than 1,At home,"French press, Other",,Mocha,Light,Fruity,Somewhat strong,Full caffeine,5.0,3.0,4.0,5.0,5.0,Coffee C,,,,
OABxWM,25-34 years old,2,"At home, At the office, On the go","French press, Espresso","National chain (e.g. Starbucks, Dunkin), Local cafe",Cappuccino,Dark,Bold,Somewhat strong,Full caffeine,6.0,3.0,5.0,4.0,1.0,Coffee B,$40-$60,Female,Bachelor's degree,Employed full-time
xdN5Yy,25-34 years old,2,At home,Pour over,,Regular drip coffee,Medium,Fruity,Somewhat strong,Full caffeine,6.0,3.0,2.0,1.0,5.0,Coffee D,$20-$40,Male,Master's degree,Employed full-time
AlbMYB,25-34 years old,3,"On the go, At home, At a cafe, At the office","Pour over, French press, Coffee extract (e.g. Cometeer)","Specialty coffee shop, Drive-thru, Local cafe",Latte,Medium,Caramalized,Somewhat strong,Full caffeine,5.0,2.0,4.0,3.0,1.0,Coffee B,$40-$60,Male,Bachelor's degree,Employed full-time
ylq5Jg,25-34 years old,1,At the office,,,Espresso,Light,Fruity,Somewhat strong,Full caffeine,6.0,4.0,1.0,1.0,4.0,Coffee A,$20-$40,Male,Doctorate or professional degree,Employed full-time
VZ1WRj,18-24 years old,2,At home,"Coffee brewing machine (e.g. Mr. Coffee), Pour over",,Cappuccino,Light,Chocolatey,Somewhat strong,Full caffeine,7.0,4.0,3.0,5.0,4.0,Coffee C,$60-$80,Prefer not to say,Some college or associate's degree,Employed full-time
jB9Ala,35-44 years old,3,"At home, At a cafe","Pour over, French press, Espresso, Other",,Latte,Light,Caramalized,Very strong,Full caffeine,5.0,1.0,4.0,3.0,5.0,Coffee D,$60-$80,Male,Some college or associate's degree,Employed full-time
YZzl4B,18-24 years old,4,"At the office, At home","Pour over, Coffee brewing machine (e.g. Mr. Coffee), Cold brew",,Pourover,Light,Floral,Somewhat strong,Full caffeine,5.0,4.0,5.0,2.0,2.0,Coffee B,$40-$60,,,
J2kvz4,25-34 years old,2,At home,"Pour over, Pod/capsule machine (e.g. Keurig/Nespresso)",,Pourover,Medium,Nutty,Somewhat strong,Full caffeine,4.0,3.0,5.0,4.0,2.0,Coffee B,$20-$40,Female,Bachelor's degree,Employed full-time
oAV8W5,45-54 years old,2,"At a cafe, At the office, At home","Pour over, Coffee brewing machine (e.g. Mr. Coffee)",,Regular drip coffee,Light,Sweet,Somewhat light,Full caffeine,9.0,2.0,4.0,3.0,1.0,Coffee B,$60-$80,Female,Master's degree,Employed full-time
oAVLGe,25-34 years old,2,"At home, On the go","Pour over, Espresso",Specialty coffee shop,Regular drip coffee,Light,Fruity,Somewhat strong,Full caffeine,5.0,4.0,3.0,2.0,5.0,Coffee D,$80-$100,Male,Bachelor's degree,Employed full-time
KMBKlA,18-24 years old,Less than 1,"At home, At a cafe",Espresso,,Americano,Dark,Nutty,Medium,Decaf,3.0,1.0,3.0,4.0,2.0,Coffee C,$20-$40,Male,Master's degree,Employed full-time
6dQEDY,25-34 years old,2,At home,French press,,Latte,Medium,Caramalized,Medium,Full caffeine,5.0,4.0,2.0,3.0,5.0,Coffee D,$20-$40,Male,Master's degree,Employed full-time
1r2o7Q,25-34 years old,2,"At home, At the office, At a cafe",Pour over,,Pourover,Light,Fruity,Somewhat strong,Full caffeine,6.0,5.0,1.0,4.0,3.0,Coffee A,$40-$60,Male,Doctorate or professional degree,Employed full-time
1r2oVQ,25-34 years old,2,At home,Pour over,,Pourover,Light,Bright,Medium,Full caffeine,9.0,4.0,1.0,3.0,5.0,Coffee B,$40-$60,Male,Master's degree,Employed full-time
0EjR8y,25-34 years old,2,At home,"Espresso, Pour over",,Americano,Medium,Chocolatey,Medium,Full caffeine,6.0,2.0,4.0,5.0,1.0,Coffee C,$20-$40,Male,Master's degree,Employed full-time
LdMLzp,25-34 years old,2,"At home, At a cafe","Pour over, Espresso, Coffee brewing machine (e.g. Mr. Coffee)",,Cortado,Medium,Full Bodied,Somewhat strong,Full caffeine,4.0,1.0,3.0,4.0,4.0,Coffee C,>$100,Female,Bachelor's degree,Employed full-time
LdML7p,35-44 years old,1,"At a cafe, At the office, At home",Espresso,,Cortado,Medium,Full Bodied,Somewhat strong,Half caff,6.0,4.0,3.0,5.0,2.0,Coffee C,$40-$60,Male,Master's degree,Employed full-time
jB9Ab4,25-34 years old,2,At home,"Pour over, Espresso, Coffee brewing machine (e.g. Mr. Coffee)",,Latte,Medium,Chocolatey,Medium,Full caffeine,5.0,3.0,4.0,4.0,4.0,Coffee D,$20-$40,Female,Master's degree,Employed full-time
aBrq4B,25-34 years old,1,At the office,,,Pourover,Medium,Nutty,Very strong,Full caffeine,7.0,2.0,4.0,4.0,3.0,Coffee C,$20-$40,Male,Some college or associate's degree,Employed full-time
DVv6Nq,25-34 years old,3,"At home, None of these","Pour over, Espresso, Cold brew, Coffee brewing machine (e.g. Mr. Coffee)",,Espresso,Light,Fruity,Medium,Full caffeine,8.0,4.0,3.0,4.0,5.0,Coffee D,$40-$60,Male,Bachelor's degree,Employed full-time
DVv6pR,18-24 years old,2,At home,"Coffee brewing machine (e.g. Mr. Coffee), Other",,Iced coffee,Light,Fruity,Somewhat strong,Full caffeine,5.0,4.0,2.0,3.0,5.0,Coffee A,$20-$40,Male,High school graduate,Employed full-time
rlrMON,25-34 years old,1,"At home, On the go","Pour over, Coffee extract (e.g. Cometeer), Instant coffee","National chain (e.g. Starbucks, Dunkin), Local cafe",Cappuccino,Medium,Full Bodied,Medium,Full caffeine,5.0,3.0,1.0,3.0,5.0,Coffee D,$20-$40,Male,Some college or associate's degree,Employed full-time
g5N6Ml,25-34 years old,2,At home,Other,,Regular drip coffee,Light,Caramalized,Somewhat light,Full caffeine,7.0,4.0,3.0,1.0,3.0,Coffee C,$20-$40,Male,Doctorate or professional degree,Employed full-time
NAB1oB,35-44 years old,4,"At the office, At home, At a cafe","Pour over, French press, Espresso, Coffee brewing machine (e.g. Mr. Coffee), Cold brew",,Espresso,Light,Bright,Medium,Full caffeine,6.0,3.0,5.0,1.0,2.0,Coffee B,$60-$80,Male,Master's degree,Employed full-time
VZ1Ojy,25-34 years old,2,"At home, At a cafe, On the go",French press,"National chain (e.g. Starbucks, Dunkin), Local cafe",Other,Medium,Chocolatey,Very strong,Full caffeine,4.0,3.0,5.0,4.0,2.0,Coffee B,<$20,Male,Doctorate or professional degree,Student
dY2exq,25-34 years old,3,"At home, At a cafe","Pour over, Coffee brewing machine (e.g. Mr. Coffee)",,Regular drip coffee,Medium,Full Bodied,Somewhat strong,Full caffeine,6.0,5.0,2.0,4.0,1.0,Coffee A,$20-$40,Male,Doctorate or professional degree,Employed full-time
RzByo9,25-34 years old,1,At home,"Pour over, Espresso",,Blended drink (e.g. Frappuccino),Medium,Sweet,Somewhat strong,Full caffeine,2.0,2.0,5.0,3.0,2.0,Coffee B,$40-$60,Male,Master's degree,Student
rlrMoN,25-34 years old,Less than 1,"At the office, At a cafe, At home",Espresso,,Latte,Medium,Chocolatey,Weak,Decaf,1.0,2.0,2.0,4.0,2.0,Coffee B,,,,
XeBP4g,25-34 years old,Less than 1,At the office,,,Latte,Medium,Chocolatey,Somewhat light,Decaf,8.0,3.0,4.0,3.0,2.0,Coffee B,<$20,Female,,
DVv6qN,>65 years old,3,At home,Other,,Regular drip coffee,Medium,Bold,Very strong,Full caffeine,1.0,2.0,1.0,4.0,5.0,Coffee D,,,,
vNx5P0,35-44 years old,3,At home,"Pour over, Espresso, Other",,Cortado,Light,Juicy,,Full caffeine,6.0,4.0,2.0,3.0,5.0,Coffee D,$40-$60,Male,Some college or associate's degree,Employed full-time
6dQEZk,25-34 years old,3,"At home, At a cafe","Pour over, Espresso, Other",,Espresso,Nordic,Juicy,Somewhat strong,Full caffeine,4.0,4.0,1.0,2.0,5.0,Coffee D,$80-$100,Male,Bachelor's degree,Employed full-time
qbE1d7,18-24 years old,Less than 1,At a cafe,,,Latte,Medium,Sweet,Weak,Decaf,1.0,5.0,3.0,2.0,1.0,Coffee A,,,,
bl4QeL,25-34 years old,1,At home,"Pour over, Espresso",,Espresso,Light,Fruity,Somewhat strong,Full caffeine,7.0,3.0,2.0,3.0,5.0,Coffee D,$20-$40,Male,Bachelor's degree,Employed full-time
PABJ55,25-34 years old,3,At home,Pour over,,Cortado,Light,Fruity,Somewhat strong,Full caffeine,5.0,5.0,3.0,3.0,4.0,Coffee A,$20-$40,Male,Bachelor's degree,Employed full-time
aBrq9b,45-54 years old,2,At home,Pour over,,Pourover,Light,Floral,Medium,Full caffeine,5.0,3.0,1.0,4.0,2.0,Coffee C,$40-$60,Male,Doctorate or professional degree,Retired
LdMLPv,25-34 years old,2,"At the office, On the go, At home, At a cafe",Pour over,"Drive-thru, Local cafe, National chain (e.g. Starbucks, Dunkin), Specialty coffee shop",Cold brew,Medium,Fruity,Medium,Full caffeine,5.0,5.0,3.0,2.0,5.0,Coffee D,$20-$40,Female,Some college or associate's degree,Employed full-time
qbE1VY,18-24 years old,2,"At home, At a cafe","Pour over, Other",,Other,Light,Fruity,Medium,Full caffeine,7.0,3.0,1.0,2.0,5.0,Coffee D,$20-$40,Male,Some college or associate's degree,Student
oAVLEx,25-34 years old,2,"At the office, At home, At a cafe",Pour over,,Cortado,Light,Fruity,Somewhat strong,Half caff,6.0,3.0,5.0,3.0,5.0,Coffee D,$20-$40,Male,Bachelor's degree,Employed full-time
PABJ1V,25-34 years old,1,"At the office, At a cafe, At home",Coffee brewing machine (e.g. Mr. Coffee),,Mocha,Medium,Chocolatey,Somewhat strong,Full caffeine,4.0,2.0,3.0,4.0,4.0,Coffee C,$40-$60,Male,Some college or associate's degree,Employed full-time
0EjR6N,25-34 years old,2,"At a cafe, At the office, At home","French press, Pod/capsule machine (e.g. Keurig/Nespresso)",,Latte,Blonde,Chocolatey,Somewhat light,Full caffeine,1.0,1.0,5.0,4.0,2.0,Coffee B,$60-$80,Female,Doctorate or professional degree,Employed full-time
BGbW75,>65 years old,2,At home,Espresso,,Latte,Medium,Chocolatey,Somewhat strong,Full caffeine,6.0,3.0,5.0,4.0,2.0,Coffee B,$20-$40,Male,Bachelor's degree,Retired
8dp4L5,25-34 years old,2,"At home, At the office","Espresso, Pour over, Other",,Americano,Medium,Chocolatey,Somewhat strong,Full caffeine,6.0,4.0,5.0,2.0,4.0,Coffee B,$40-$60,Male,Bachelor's degree,Employed full-time
GrBARZ,25-34 years old,1,At home,"Pour over, Other",,Iced coffee,Light,Fruity,Somewhat strong,Full caffeine,7.0,5.0,4.0,3.0,5.0,Coffee C,$20-$40,Male,Bachelor's degree,Unemployed
rlrMBR,25-34 years old,1,At home,"Pour over, Espresso",,Iced coffee,Nordic,Floral,Medium,Full caffeine,8.0,4.0,3.0,3.0,2.0,Coffee A,$40-$60,Male,Bachelor's degree,Employed full-time
J2kEvY,25-34 years old,2,At home,"Cold brew, Espresso",,Blended drink (e.g. Frappuccino),Dark,Bold,Very strong,Full caffeine,8.0,1.0,1.0,1.0,1.0,Coffee A,,,,
GrBAve,18-24 years old,1,"At the office, At home","Pour over, French press, Other",,Americano,Medium,Nutty,Somewhat strong,Full caffeine,7.0,2.0,4.0,3.0,1.0,Coffee B,$40-$60,Male,Bachelor's degree,Employed full-time
g5N6qO,18-24 years old,Less than 1,"On the go, At home",Coffee brewing machine (e.g. Mr. Coffee),"Drive-thru, National chain (e.g. Starbucks, Dunkin)",Iced coffee,Light,Sweet,Medium,Full caffeine,3.0,3.0,5.0,4.0,1.0,Coffee B,$20-$40,Female,Bachelor's degree,Employed full-time
J2kvOo,35-44 years old,2,"At the office, At a cafe, At home","Pour over, Espresso, Bean-to-cup machine, Cold brew",,Latte,Light,Fruity,Somewhat strong,Full caffeine,6.0,4.0,2.0,3.0,5.0,Coffee D,$40-$60,Male,Bachelor's degree,Employed full-time
GrBAlp,35-44 years old,3,At home,"Pour over, Coffee extract (e.g. Cometeer), Cold brew",,Cappuccino,Light,Chocolatey,Medium,Full caffeine,7.0,2.0,3.0,2.0,5.0,Coffee A,$60-$80,Non-binary,Bachelor's degree,Employed full-time
7d9r2P,25-34 years old,3,At home,"Espresso, Pour over, French press",,Latte,Light,Bright,Very strong,Full caffeine,7.0,5.0,2.0,2.0,3.0,Coffee A,$60-$80,Male,Master's degree,Employed full-time
1r2odl,18-24 years old,1,At home,"Pour over, Other",,Cortado,Light,Bright,Somewhat strong,Full caffeine,6.0,4.0,3.0,3.0,3.0,Coffee D,$20-$40,Male,Some college or associate's degree,Student
J2kvdR,25-34 years old,1,"At home, At a cafe",Pour over,,Pourover,Light,Fruity,Medium,Full caffeine,7.0,3.0,2.0,3.0,4.0,Coffee D,$20-$40,Male,Bachelor's degree,Employed full-time
jB9APx,25-34 years old,2,At home,Pour over,,Pourover,Light,Fruity,Somewhat strong,Full caffeine,7.0,3.0,2.0,2.0,4.0,Coffee D,$20-$40,Male,Master's degree,Employed full-time
DVv6kZ,18-24 years old,1,"At home, On the go",Pod/capsule machine (e.g. Keurig/Nespresso),Specialty coffee shop,Mocha,Dark,Bright,Medium,Full caffeine,2.0,2.0,5.0,4.0,1.0,Coffee B,$20-$40,Male,Some college or associate's degree,Employed part-time
xdN8Ok,25-34 years old,1,"At home, On the go","Coffee extract (e.g. Cometeer), Coffee brewing machine (e.g. Mr. Coffee)","Local cafe, National chain (e.g. Starbucks, Dunkin)",Latte,Medium,Caramalized,Somewhat light,Half caff,3.0,4.0,3.0,2.0,2.0,Coffee A,$20-$40,Female,Master's degree,Employed full-time
NAB1qO,35-44 years old,3,At home,"Pour over, Espresso, Cold brew",,Latte,Medium,Nutty,Somewhat strong,Full caffeine,7.0,2.0,5.0,3.0,1.0,Coffee B,$40-$60,Male,Bachelor's degree,Employed full-time
GrBA9Z,35-44 years old,3,"At a cafe, At home","Pour over, Espresso",,Espresso,Light,Fruity,Very strong,Full caffeine,8.0,5.0,2.0,3.0,4.0,Coffee A,$60-$80,Non-binary,Bachelor's degree,Employed full-time
bl4Qdg,25-34 years old,2,At home,"Coffee extract (e.g. Cometeer), Pour over",,Pourover,Light,Fruity,Medium,Full caffeine,7.0,4.0,3.0,4.0,5.0,Coffee D,$20-$40,Male,Doctorate or professional degree,Employed full-time
5dqPZo,25-34 years old,2,"At the office, At home",Pour over,,Pourover,Light,Floral,Medium,Full caffeine,8.0,4.0,2.0,3.0,5.0,Coffee D,$40-$60,Male,Master's degree,Employed full-time
J2kEyz,35-44 years old,3,"On the go, At a cafe, At home, At the office",Espresso,Specialty coffee shop,Cappuccino,Medium,Full Bodied,Somewhat strong,Full caffeine,9.0,2.0,5.0,4.0,1.0,Coffee B,$40-$60,Male,Bachelor's degree,Employed full-time
jB98j9,25-34 years old,2,"At home, At the office","Pour over, Espresso",,Espresso,Medium,Nutty,Somewhat strong,Full caffeine,6.0,3.0,3.0,5.0,4.0,Coffee C,$40-$60,Female,Bachelor's degree,Employed full-time
DVv67R,35-44 years old,4,"At home, On the go, At the office","Pour over, Espresso, Coffee brewing machine (e.g. Mr. Coffee)",Specialty coffee shop,Pourover,Light,Bright,Somewhat strong,Full caffeine,6.0,4.0,3.0,3.0,5.0,Coffee D,$40-$60,Male,Doctorate or professional degree,Employed full-time
QABlV8,35-44 years old,1,At home,Pour over,,Pourover,Light,Fruity,Medium,Full caffeine,2.0,3.0,2.0,1.0,1.0,Coffee A,<$20,Non-binary,Master's degree,Employed full-time
LdMLpj,25-34 years old,1,At home,"Espresso, French press, Pour over, Coffee extract (e.g. Cometeer)",,Espresso,Light,Fruity,Very strong,Full caffeine,7.0,4.0,2.0,3.0,5.0,Coffee D,$20-$40,Male,Bachelor's degree,Employed full-time
42NVrX,25-34 years old,2,"At home, At a cafe","Espresso, Pour over",,Pourover,Medium,Fruity,Somewhat strong,Full caffeine,7.0,3.0,4.0,2.0,5.0,Coffee D,$40-$60,Male,Bachelor's degree,Employed full-time
VZ1OpM,18-24 years old,2,"At a cafe, At home",Other,,Other,Medium,Full Bodied,Somewhat strong,Full caffeine,4.0,2.0,4.0,4.0,1.0,Coffee C,$20-$40,Male,Bachelor's degree,Student
42NlWr,18-24 years old,1,"On the go, At a cafe, At the office, At home","Pod/capsule machine (e.g. Keurig/Nespresso), Instant coffee, Coffee brewing machine (e.g. Mr. Coffee)","National chain (e.g. Starbucks, Dunkin), Specialty coffee shop, Local cafe",Latte,Medium,Sweet,Medium,Full caffeine,5.0,2.0,4.0,3.0,1.0,Coffee B,$40-$60,Female,Bachelor's degree,Student
KMBKV8,25-34 years old,1,At home,"Pour over, Cold brew",,Americano,Light,Fruity,Very strong,Full caffeine,4.0,4.0,2.0,3.0,5.0,Coffee D,$40-$60,Male,Bachelor's degree,Employed full-time
aBrq6q,18-24 years old,2,"At home, At a cafe","Pour over, Espresso",,Latte,Light,Sweet,Medium,Full caffeine,7.0,5.0,3.0,2.0,2.0,Coffee A,$20-$40,Male,Doctorate or professional degree,Employed full-time
oAVLeP,35-44 years old,2,At home,Coffee brewing machine (e.g. Mr. Coffee),,Regular drip coffee,Light,Full Bodied,Somewhat strong,Full caffeine,5.0,1.0,,5.0,,Coffee C,,,,
YZzlPW,25-34 years old,1,At home,Other,,Latte,Medium,Chocolatey,Somewhat strong,Full caffeine,5.0,2.0,5.0,4.0,3.0,Coffee B,$20-$40,Male,Bachelor's degree,Employed full-time
zKQ5jM,25-34 years old,3,At home,"Pour over, Espresso",,Cortado,Dark,Nutty,Somewhat strong,Full caffeine,7.0,2.0,4.0,3.0,1.0,Coffee B,$40-$60,Male,Bachelor's degree,Employed full-time
XeBPJY,35-44 years old,2,"At home, At the office",Coffee brewing machine (e.g. Mr. Coffee),,Iced coffee,Medium,Chocolatey,Somewhat strong,Full caffeine,6.0,4.0,5.0,3.0,2.0,Coffee C,$60-$80,Male,Some college or associate's degree,Employed full-time
kYRB61,25-34 years old,2,"At home, At the office, At a cafe","Pour over, Espresso, French press",,Iced coffee,Medium,Caramalized,Somewhat strong,Full caffeine,6.0,4.0,2.0,3.0,2.0,Coffee A,$80-$100,Male,Bachelor's degree,Employed full-time
zKQ5y0,35-44 years old,3,"At the office, At home, At a cafe","Pour over, Espresso, Bean-to-cup machine",,Espresso,Dark,Full Bodied,Somewhat strong,Full caffeine,7.0,5.0,3.0,5.0,1.0,Coffee C,$40-$60,Male,Doctorate or professional degree,Employed full-time
RzBy5d,25-34 years old,4,"At home, At a cafe","Espresso, Coffee brewing machine (e.g. Mr. Coffee), Other",,Pourover,Medium,Caramalized,Medium,Half caff,3.0,5.0,3.0,4.0,2.0,Coffee A,$80-$100,Male,Some college or associate's degree,Employed part-time
ZdRrNy,25-34 years old,2,At home,"Espresso, Pour over",,Latte,Light,Fruity,Somewhat strong,Full caffeine,6.0,4.0,3.0,2.0,5.0,Coffee D,$20-$40,Male,Master's degree,Employed full-time
6dQE7B,25-34 years old,2,"At home, On the go","Espresso, Cold brew, Pour over",Specialty coffee shop,Espresso,Medium,Fruity,Medium,Full caffeine,4.0,5.0,2.0,3.0,4.0,Coffee A,$60-$80,Male,Doctorate or professional degree,Employed full-time
0EjRey,25-34 years old,2,"On the go, At home",Pour over,Specialty coffee shop,Cappuccino,Medium,Nutty,Medium,Full caffeine,5.0,3.0,5.0,5.0,1.0,Coffee B,$20-$40,Female,Bachelor's degree,Employed full-time
QABlDp,25-34 years old,1,At home,Pour over,,Iced coffee,Light,Chocolatey,Somewhat light,Full caffeine,2.0,3.0,1.0,3.0,1.0,Coffee C,$20-$40,Female,Bachelor's degree,Employed full-time
24xGB9,18-24 years old,2,At home,"Pod/capsule machine (e.g. Keurig/Nespresso), Espresso",,Espresso,Light,Fruity,Medium,Full caffeine,5.0,4.0,2.0,3.0,1.0,Coffee A,$40-$60,Male,Bachelor's degree,Student
EPb7QX,45-54 years old,2,"At home, At the office","Pour over, Espresso, Cold brew",,Regular drip coffee,Light,Fruity,Medium,Full caffeine,8.0,2.0,2.0,4.0,4.0,Coffee D,$20-$40,Male,Master's degree,Employed full-time
qbE1AY,<18 years old,2,At home,Pour over,,Pourover,Light,Juicy,Medium,Full caffeine,3.0,1.0,4.0,3.0,5.0,Coffee D,$60-$80,Male,Less than high school,Student
RzByD9,55-64 years old,2,At home,Pour over,,Latte,Medium,Full Bodied,Medium,Full caffeine,3.0,2.0,2.0,1.0,1.0,Coffee B,$20-$40,Male,Master's degree,Retired
42NVQY,45-54 years old,2,At home,"Pour over, Espresso",,Latte,Light,Fruity,Somewhat light,Full caffeine,9.0,2.0,5.0,4.0,4.0,Coffee B,$20-$40,Male,Some college or associate's degree,Employed full-time
EPb7XX,25-34 years old,1,At home,"Pour over, Other",,Cortado,Medium,Full Bodied,Somewhat strong,Half caff,7.0,2.0,2.0,5.0,5.0,Coffee D,$20-$40,Non-binary,Bachelor's degree,Employed part-time
Albe2z,25-34 years old,3,At home,"Espresso, French press",,Americano,Light,Caramalized,Somewhat strong,Full caffeine,8.0,5.0,5.0,4.0,4.0,Coffee A,$40-$60,Male,Master's degree,Employed full-time
PABJ9V,45-54 years old,3,At home,"Pour over, Other",,Pourover,Light,Fruity,Somewhat strong,Full caffeine,4.0,4.0,3.0,2.0,5.0,Coffee D,$40-$60,Male,Bachelor's degree,Employed full-time
rlrM5R,18-24 years old,More than 4,"On the go, At home, At a cafe","Pour over, Coffee brewing machine (e.g. Mr. Coffee)","Specialty coffee shop, National chain (e.g. Starbucks, Dunkin)",Regular drip coffee,Light,Fruity,Medium,Full caffeine,7.0,4.0,2.0,3.0,5.0,Coffee D,$40-$60,Non-binary,Bachelor's degree,Employed full-time
kYR8Pj,25-34 years old,2,"At a cafe, At home, At the office","Pour over, Espresso, Other",,Pourover,Nordic,Fruity,Somewhat strong,Full caffeine,8.0,4.0,3.0,2.0,5.0,Coffee D,$40-$60,Male,Master's degree,Employed full-time
J2kvqK,18-24 years old,Less than 1,"At the office, At a cafe, At home",Other,,Other,Medium,Caramalized,Somewhat strong,Full caffeine,4.0,2.0,3.0,5.0,1.0,Coffee C,$20-$40,Female,High school graduate,Student
J2kv1K,25-34 years old,3,"At home, At the office","Pour over, Other",,Pourover,Medium,Bright,Somewhat strong,Full caffeine,6.0,4.0,2.0,4.0,3.0,Coffee C,$20-$40,Male,Bachelor's degree,Employed full-time
PABJpB,25-34 years old,1,At home,"Pour over, Cold brew, Other, French press",,Pourover,Medium,Chocolatey,Medium,Full caffeine,6.0,3.0,5.0,4.0,2.0,Coffee B,$20-$40,Male,Bachelor's degree,Employed full-time
EPb7l4,45-54 years old,3,"At the office, At home, At a cafe","French press, Espresso",,Latte,Medium,Bold,Very strong,Half caff,8.0,4.0,5.0,3.0,3.0,Coffee B,$40-$60,Male,Doctorate or professional degree,Employed full-time
XeBP0j,25-34 years old,1,"At home, On the go","Pour over, Espresso","National chain (e.g. Starbucks, Dunkin), Specialty coffee shop, Local cafe",Latte,Medium,Caramalized,Medium,Full caffeine,7.0,4.0,3.0,5.0,2.0,Coffee C,$80-$100,Male,Master's degree,Employed full-time
vNx5Yv,25-34 years old,2,At home,"Pour over, Coffee brewing machine (e.g. Mr. Coffee)",,Pourover,Medium,Bright,Medium,Full caffeine,4.0,5.0,4.0,2.0,3.0,Coffee C,$60-$80,Male,Bachelor's degree,Employed full-time
NAB1WB,25-34 years old,2,"At home, At the office, At a cafe",Pour over,,Pourover,Light,Fruity,Medium,Full caffeine,7.0,4.0,2.0,3.0,5.0,Coffee D,$40-$60,Male,Bachelor's degree,Employed full-time
42NV8k,35-44 years old,2,"At home, At the office, At a cafe","Pour over, Espresso",,Cortado,Light,Fruity,Medium,Full caffeine,7.0,4.0,3.0,3.0,5.0,Coffee D,$60-$80,Male,Master's degree,Employed full-time
VZ1OQg,25-34 years old,2,At home,Espresso,,Iced coffee,Light,Bright,Medium,Full caffeine,7.0,5.0,2.0,2.0,5.0,Coffee A,$60-$80,Non-binary,Bachelor's degree,Employed full-time
LdMLWj,35-44 years old,4,At home,"Pour over, Cold brew",,Pourover,Dark,Bold,Very strong,Full caffeine,7.0,3.0,4.0,3.0,2.0,Coffee B,$40-$60,Male,Master's degree,Employed full-time
LdMLKv,25-34 years old,1,"At home, At the office",French press,,Regular drip coffee,Dark,Bold,Very strong,Full caffeine,5.0,4.0,3.0,2.0,2.0,Coffee C,<$20,Male,Bachelor's degree,Employed full-time
zKQ5Ya,25-34 years old,2,At home,"Pour over, French press, Coffee brewing machine (e.g. Mr. Coffee), Pod/capsule machine (e.g. Keurig/Nespresso)",,Regular drip coffee,Medium,Nutty,Somewhat strong,Full caffeine,4.0,5.0,4.0,4.0,3.0,Coffee A,$40-$60,Female,Master's degree,Employed full-time
pLPpoJ,35-44 years old,1,At home,"Espresso, Pour over",,Iced coffee,Medium,Chocolatey,Medium,Full caffeine,5.0,2.0,4.0,4.0,3.0,Coffee C,$40-$60,Male,Bachelor's degree,Employed part-time
lNlkqv,25-34 years old,2,At home,"Pour over, Espresso",,Pourover,Light,Bright,Medium,Full caffeine,7.0,3.0,1.0,3.0,5.0,Coffee D,$40-$60,Male,Some college or associate's degree,Employed full-time
GrBO2O,25-34 years old,2,"At the office, At home, At a cafe","Pour over, Other",,Americano,Medium,Nutty,Medium,Full caffeine,7.0,3.0,5.0,3.0,1.0,Coffee B,$20-$40,Female,Bachelor's degree,Employed full-time
KMBK1A,35-44 years old,Less than 1,At the office,,,Pourover,Medium,Bright,Somewhat light,Full caffeine,1.0,4.0,1.0,2.0,5.0,Coffee D,<$20,Female,Master's degree,Employed full-time
dY2e9o,25-34 years old,1,At home,Espresso,,Latte,Dark,Chocolatey,Very strong,Full caffeine,7.0,3.0,4.0,4.0,3.0,Coffee C,$20-$40,Male,,
9dJjQp,45-54 years old,4,"At home, On the go","Coffee extract (e.g. Cometeer), Other","Specialty coffee shop, National chain (e.g. Starbucks, Dunkin), Local cafe",Pourover,Light,Bright,Somewhat strong,Full caffeine,7.0,5.0,3.0,2.0,4.0,Coffee A,$60-$80,Male,Master's degree,Employed full-time
QABl58,25-34 years old,3,At home,Pour over,,Pourover,Light,Fruity,Medium,Full caffeine,7.0,5.0,3.0,2.0,5.0,Coffee D,$40-$60,Male,Bachelor's degree,Employed full-time
BGbWk5,25-34 years old,2,At home,"Pour over, Pod/capsule machine (e.g. Keurig/Nespresso)",,Pourover,Light,Sweet,Very strong,Full caffeine,6.0,5.0,4.0,1.0,2.0,Coffee A,$20-$40,Male,Master's degree,Employed full-time
24xGPj,25-34 years old,2,"At home, At the office",French press,,Cold brew,Medium,Caramalized,Somewhat strong,Full caffeine,7.0,1.0,3.0,4.0,4.0,Coffee A,$40-$60,Male,Bachelor's degree,Employed full-time
0EjRdB,18-24 years old,More than 4,"On the go, At home, At the office","French press, Espresso",Local cafe,Regular drip coffee,Dark,Bold,Very strong,Full caffeine,4.0,3.0,5.0,4.0,1.0,Coffee B,$40-$60,Male,Bachelor's degree,Employed full-time
RzByPd,25-34 years old,2,At home,"Pour over, French press, Espresso",,Pourover,Light,Juicy,Somewhat light,Full caffeine,7.0,4.0,1.0,2.0,5.0,Coffee D,$80-$100,Male,Some college or associate's degree,Employed full-time
RzBq9P,55-64 years old,2,At home,Pour over,,Pourover,Medium,Nutty,Somewhat strong,Full caffeine,6.0,4.0,3.0,3.0,2.0,Coffee A,$40-$60,Male,Bachelor's degree,Retired
PABJ65,25-34 years old,2,"At the office, At home","Pour over, French press",,Pourover,Light,Fruity,Very strong,Full caffeine,4.0,4.0,3.0,2.0,5.0,Coffee D,$20-$40,Male,Bachelor's degree,Employed full-time
oAVLRP,25-34 years old,2,At home,Other,,Other,Medium,Bold,Somewhat strong,Full caffeine,6.0,2.0,3.0,4.0,2.0,Coffee C,$20-$40,Non-binary,Bachelor's degree,Employed full-time
24xGPL,25-34 years old,Less than 1,At home,Pour over,,Cappuccino,Light,Chocolatey,Somewhat strong,Full caffeine,4.0,3.0,4.0,2.0,4.0,Coffee D,$20-$40,Male,High school graduate,Employed full-time
rlr84L,25-34 years old,1,"At home, At a cafe","Coffee brewing machine (e.g. Mr. Coffee), Pour over, French press, Espresso",,Latte,Medium,Fruity,Medium,Full caffeine,8.0,2.0,4.0,5.0,4.0,Coffee C,<$20,Female,Bachelor's degree,Employed full-time
VZ1O0v,25-34 years old,2,"At home, At the office, At a cafe","French press, Espresso",,Latte,Dark,Full Bodied,Somewhat strong,Full caffeine,6.0,1.0,4.0,5.0,3.0,Coffee C,$40-$60,Male,Some college or associate's degree,Employed full-time
8dp4xO,45-54 years old,2,At home,Pod/capsule machine (e.g. Keurig/Nespresso),,Latte,Dark,Full Bodied,Somewhat strong,Full caffeine,5.0,4.0,2.0,2.0,3.0,Coffee A,$20-$40,,,
bl4QWL,25-34 years old,2,At home,"Pour over, Espresso",,Cortado,Medium,Full Bodied,Very strong,Full caffeine,6.0,2.0,4.0,3.0,5.0,Coffee D,$40-$60,Non-binary,Master's degree,Employed full-time
qbE1a9,25-34 years old,2,At home,"Pour over, French press, Instant coffee, Other",,Latte,Medium,Chocolatey,Very strong,Half caff,5.0,2.0,4.0,4.0,3.0,Coffee C,$20-$40,Male,Bachelor's degree,Employed part-time
VZ1O5J,45-54 years old,3,"On the go, At home","Pour over, Coffee extract (e.g. Cometeer)",Specialty coffee shop,Espresso,Light,Fruity,Somewhat strong,Full caffeine,8.0,5.0,4.0,2.0,4.0,Coffee A,$80-$100,Female,Master's degree,Employed full-time
rlrMPl,25-34 years old,Less than 1,"At home, At a cafe","Espresso, Pod/capsule machine (e.g. Keurig/Nespresso)",,Latte,Blonde,Sweet,Somewhat light,Full caffeine,3.0,5.0,1.0,3.0,1.0,Coffee A,$20-$40,Female,Bachelor's degree,Homemaker
EPb7XN,55-64 years old,2,At home,"Pour over, French press",,Latte,Medium,Full Bodied,Medium,Full caffeine,5.0,3.0,4.0,5.0,1.0,Coffee C,$20-$40,Female,Master's degree,Employed full-time
dY2e0o,18-24 years old,1,At home,Other,,Regular drip coffee,Light,Fruity,Somewhat strong,Full caffeine,6.0,4.0,2.0,3.0,5.0,Coffee D,$20-$40,Male,Some college or associate's degree,Student
lNlkyB,18-24 years old,3,"At home, On the go, At a cafe, At the office","Pour over, French press, Instant coffee, Cold brew","Local cafe, National chain (e.g. Starbucks, Dunkin)",Iced coffee,Dark,Chocolatey,Somewhat strong,Full caffeine,4.0,3.0,5.0,3.0,1.0,Coffee B,<$20,Male,Bachelor's degree,Employed full-time
BGbJo7,25-34 years old,3,"At home, At the office, At a cafe","Pour over, Espresso",,Iced coffee,Medium,Chocolatey,Medium,Full caffeine,7.0,4.0,4.0,4.0,1.0,Coffee A,>$100,Male,Bachelor's degree,Employed full-time
xdN5ay,35-44 years old,2,"At home, At a cafe, At the office, On the go","Pour over, French press, Espresso, Cold brew","Local cafe, Drive-thru, Specialty coffee shop, Other, National chain (e.g. Starbucks, Dunkin)",Latte,Medium,Bold,Somewhat strong,Full caffeine,7.0,2.0,3.0,2.0,4.0,Coffee D,>$100,Male,Master's degree,Employed full-time
GrBAdp,25-34 years old,Less than 1,At the office,,,Regular drip coffee,Dark,Chocolatey,Somewhat strong,Full caffeine,1.0,2.0,5.0,4.0,1.0,Coffee B,<$20,Female,Master's degree,Employed full-time
BGbWxQ,35-44 years old,3,At home,Coffee brewing machine (e.g. Mr. Coffee),,Regular drip coffee,Medium,Full Bodied,Somewhat strong,Full caffeine,4.0,3.0,2.0,4.0,1.0,Coffee C,$20-$40,Female,Master's degree,Employed full-time
MAdpzp,35-44 years old,2,"At home, At a cafe, On the go, At the office","Espresso, Cold brew","Specialty coffee shop, National chain (e.g. Starbucks, Dunkin)",Cortado,Light,Nutty,Medium,Full caffeine,7.0,5.0,5.0,4.0,2.0,Coffee B,>$100,Male,Doctorate or professional degree,Employed full-time
RzBy0J,25-34 years old,2,"At the office, At home","Pour over, Cold brew",,Pourover,Medium,Fruity,Somewhat strong,Half caff,4.0,2.0,3.0,1.0,4.0,Coffee D,$40-$60,Male,Bachelor's degree,Employed full-time
PABJ1e,25-34 years old,2,At home,"Pour over, Espresso",,Cortado,Light,Caramalized,Medium,Full caffeine,3.0,2.0,5.0,3.0,1.0,Coffee B,$20-$40,Male,Bachelor's degree,Employed full-time
XeBPWj,25-34 years old,1,"At the office, At a cafe, At home","Pour over, French press, Other",,Espresso,Light,Floral,Very strong,Full caffeine,7.0,4.0,3.0,4.0,5.0,Coffee D,$20-$40,Male,Bachelor's degree,Employed full-time
g5N6Gl,35-44 years old,3,"At a cafe, At home, At the office","Espresso, Cold brew, Pour over",,Espresso,Medium,Chocolatey,Very strong,Full caffeine,7.0,4.0,3.0,2.0,5.0,Coffee D,$60-$80,Male,High school graduate,Employed part-time
jB9AZJ,18-24 years old,1,"At home, On the go, At a cafe, At the office","Pod/capsule machine (e.g. Keurig/Nespresso), Espresso","Local cafe, National chain (e.g. Starbucks, Dunkin)",Latte,Medium,Chocolatey,Medium,Full caffeine,2.0,3.0,4.0,4.0,2.0,Coffee B,$40-$60,Female,Bachelor's degree,Student
g5N6e4,25-34 years old,3,"At the office, At home, At a cafe","Pour over, Other",,Pourover,Light,Fruity,Somewhat strong,Full caffeine,6.0,4.0,1.0,2.0,5.0,Coffee D,$40-$60,Male,Bachelor's degree,Employed full-time
0Ejq9Q,35-44 years old,2,"At home, At a cafe","Pour over, Coffee brewing machine (e.g. Mr. Coffee)",,Pourover,Light,Fruity,Somewhat strong,Decaf,10.0,4.0,3.0,3.0,5.0,Coffee D,$80-$100,Male,High school graduate,Employed full-time
xdN8EG,25-34 years old,2,"At home, At the office",Pod/capsule machine (e.g. Keurig/Nespresso),,Latte,Medium,Caramalized,Medium,Full caffeine,2.0,2.0,4.0,5.0,4.0,Coffee C,$40-$60,Male,,
zKQ5Da,18-24 years old,1,"At home, On the go, At a cafe","Pod/capsule machine (e.g. Keurig/Nespresso), Other","National chain (e.g. Starbucks, Dunkin), Local cafe",Latte,Medium,Bright,Medium,Full caffeine,4.0,5.0,4.0,5.0,2.0,Coffee A,$40-$60,Male,Bachelor's degree,Employed full-time
xdN5Xv,25-34 years old,2,"At home, At a cafe","Pour over, Espresso",,Pourover,Light,Fruity,Somewhat strong,Full caffeine,6.0,4.0,3.0,3.0,4.0,Coffee A,$80-$100,Male,Bachelor's degree,Employed full-time
24xGAj,25-34 years old,2,"At home, At a cafe","Pour over, Other",,Pourover,Light,Fruity,Somewhat strong,Full caffeine,8.0,4.0,3.0,2.0,5.0,Coffee D,>$100,Male,Some college or associate's degree,Employed full-time
lNl8j5,25-34 years old,2,"At a cafe, At home","Espresso, Other",,Cappuccino,Medium,Nutty,Somewhat strong,Full caffeine,7.0,4.0,5.0,2.0,2.0,Coffee B,$20-$40,Male,Master's degree,Student
YZz7Nv,25-34 years old,2,At home,Pour over,,Blended drink (e.g. Frappuccino),Light,Fruity,Somewhat strong,Full caffeine,4.0,2.0,1.0,3.0,4.0,Coffee D,$20-$40,Male,Bachelor's degree,Employed full-time
VZ1OEj,35-44 years old,2,"At a cafe, At home, On the go","Pour over, French press, Espresso, Coffee brewing machine (e.g. Mr. Coffee)","Local cafe, Specialty coffee shop, National chain (e.g. Starbucks, Dunkin), Drive-thru",Americano,Medium,Juicy,Somewhat strong,Full caffeine,8.0,4.0,2.0,2.0,5.0,Coffee D,$80-$100,Male,Bachelor's degree,Retired
oAVLAV,,2,"At home, At the office","Pour over, Espresso",,Pourover,,,,,,,,,,,,,,
vNx52A,,Less than 1,,,,,,,,Full caffeine,2.0,,,,,,,,,
bl4Qlo,35-44 years old,3,At home,"Espresso, Pour over",,Espresso,Nordic,Fruity,Somewhat light,Full caffeine,9.0,3.0,2.0,1.0,4.0,Coffee D,$80-$100,Male,,
PABJ0Q,18-24 years old,1,"At a cafe, At home",Pod/capsule machine (e.g. Keurig/Nespresso),,Latte,Dark,Chocolatey,Very strong,Full caffeine,4.0,3.0,4.0,2.0,1.0,Coffee B,,,,
42NVkO,35-44 years old,2,"At home, At the office",Pour over,,Regular drip coffee,Light,Bold,Somewhat strong,Full caffeine,7.0,3.0,4.0,4.0,2.0,Coffee B,$20-$40,Male,Bachelor's degree,Employed full-time
9dJjdY,25-34 years old,2,At home,"Pour over, Coffee extract (e.g. Cometeer)",,Pourover,Light,Fruity,Medium,Full caffeine,7.0,4.0,2.0,2.0,4.0,Coffee A,$60-$80,Male,Bachelor's degree,Employed full-time
WApV0J,18-24 years old,Less than 1,At the office,,,Latte,Medium,Full Bodied,Medium,Decaf,3.0,3.0,4.0,3.0,2.0,Coffee B,<$20,Male,Bachelor's degree,Employed full-time
1r2oEM,45-54 years old,4,At home,Coffee brewing machine (e.g. Mr. Coffee),,Regular drip coffee,Medium,Bold,Medium,Full caffeine,4.0,2.0,4.0,4.0,2.0,Coffee D,<$20,Male,Bachelor's degree,Employed full-time
jB9AME,25-34 years old,2,"At home, At a cafe",Pour over,,Latte,Medium,Chocolatey,Medium,Full caffeine,6.0,3.0,4.0,5.0,2.0,Coffee C,$80-$100,Male,Bachelor's degree,Employed full-time
GrBAro,25-34 years old,2,At home,"Espresso, Pour over",,Espresso,Light,Fruity,Very strong,Full caffeine,5.0,3.0,2.0,1.0,4.0,Coffee C,$40-$60,Male,Bachelor's degree,Employed full-time
KMBK67,25-34 years old,Less than 1,At home,"Pour over, French press, Espresso",,Cold brew,Dark,Nutty,Medium,Full caffeine,1.0,4.0,2.0,3.0,1.0,Coffee D,$20-$40,Female,Master's degree,Employed full-time
xdN5QG,25-34 years old,1,"At home, At the office","Pour over, Coffee extract (e.g. Cometeer)",,Pourover,Light,Fruity,Somewhat strong,Full caffeine,6.0,3.0,4.0,2.0,5.0,Coffee D,$60-$80,Male,Master's degree,Employed full-time
XeBPe4,25-34 years old,1,At home,"Espresso, Pour over, Cold brew",,Mocha,Dark,Nutty,Somewhat strong,Full caffeine,7.0,2.0,2.0,3.0,4.0,Coffee D,$20-$40,Male,High school graduate,Employed full-time
8dp4kx,18-24 years old,2,At home,Pour over,,Pourover,Medium,Juicy,Medium,Full caffeine,7.0,5.0,4.0,2.0,4.0,Coffee C,$20-$40,Female,Bachelor's degree,Student
EPb71N,45-54 years old,3,At home,Coffee brewing machine (e.g. Mr. Coffee),,Regular drip coffee,Light,Bright,Medium,Full caffeine,6.0,3.0,2.0,2.0,4.0,Coffee D,$20-$40,Male,Bachelor's degree,Employed full-time
qbE1Wd,25-34 years old,3,At home,"Pour over, Espresso",,Espresso,Light,Bright,Medium,Full caffeine,8.0,4.0,3.0,2.0,5.0,Coffee D,,,,
eBxWBO,45-54 years old,2,"At home, At the office",Pour over,,Pourover,Medium,Sweet,Somewhat strong,Full caffeine,6.0,4.0,5.0,4.0,2.0,Coffee B,$20-$40,Male,Some college or associate's degree,Employed full-time
6dQExe,35-44 years old,2,At home,Other,,Pourover,Light,Fruity,Medium,Full caffeine,6.0,4.0,3.0,2.0,5.0,Coffee D,$40-$60,Male,Master's degree,Employed full-time
24xGrp,25-34 years old,2,"At home, At a cafe","Pour over, Espresso",,Cortado,Light,Juicy,Somewhat light,Half caff,5.0,2.0,1.0,2.0,5.0,Coffee D,$60-$80,Male,Bachelor's degree,Employed full-time
0EjRbQ,25-34 years old,Less than 1,"At home, On the go",Coffee brewing machine (e.g. Mr. Coffee),"National chain (e.g. Starbucks, Dunkin)",Latte,Medium,Nutty,Somewhat light,Full caffeine,2.0,2.0,2.0,2.0,3.0,Coffee D,,,,
5dqP2M,25-34 years old,3,At home,Espresso,,Cappuccino,Medium,Caramalized,Somewhat strong,Full caffeine,6.0,2.0,4.0,4.0,3.0,Coffee A,$40-$60,Male,Bachelor's degree,Unemployed
QABlrg,25-34 years old,1,At home,Pour over,,Pourover,Light,Floral,Somewhat strong,Full caffeine,6.0,4.0,2.0,4.0,3.0,Coffee A,$20-$40,Male,Doctorate or professional degree,Employed full-time
xdN5Qo,25-34 years old,2,At home,"Espresso, Other",,Espresso,Blonde,Chocolatey,Somewhat strong,Half caff,7.0,2.0,3.0,4.0,5.0,Coffee D,$20-$40,Male,Some college or associate's degree,Employed full-time
MAdpJg,25-34 years old,Less than 1,At a cafe,,,Mocha,Medium,Caramalized,Medium,Full caffeine,4.0,5.0,2.0,2.0,4.0,Coffee A,,,,
vNx5AQ,18-24 years old,1,At the office,,,Latte,Light,Nutty,Weak,Full caffeine,2.0,2.0,1.0,3.0,4.0,Coffee D,<$20,Female,Bachelor's degree,Employed full-time
YZzldq,18-24 years old,1,"On the go, At home, At a cafe",Pod/capsule machine (e.g. Keurig/Nespresso),"Specialty coffee shop, National chain (e.g. Starbucks, Dunkin)",Latte,Medium,Chocolatey,Medium,Full caffeine,5.0,3.0,4.0,4.0,4.0,Coffee C,$20-$40,Female,Bachelor's degree,Employed full-time
RzByYp,18-24 years old,3,"At home, At a cafe, At the office",Pour over,,Pourover,Light,Fruity,Very strong,Full caffeine,6.0,4.0,2.0,3.0,5.0,Coffee D,,,,
zKQ5zq,18-24 years old,1,At home,Pour over,,Pourover,Light,Fruity,Somewhat light,Full caffeine,4.0,3.0,5.0,2.0,4.0,Coffee B,$20-$40,Male,Bachelor's degree,Unemployed
5dqPkd,35-44 years old,3,At home,"Pour over, Espresso",,Pourover,Light,Fruity,Very strong,Full caffeine,6.0,4.0,3.0,1.0,5.0,Coffee C,$80-$100,Male,Bachelor's degree,Employed full-time
dY2eZN,25-34 years old,1,At home,"Pour over, French press",,Regular drip coffee,Light,Fruity,Somewhat strong,Full caffeine,6.0,5.0,3.0,2.0,4.0,Coffee A,,,,
1r2ovO,25-34 years old,2,At home,"Pour over, French press",,Cappuccino,Light,Full Bodied,Somewhat strong,Full caffeine,6.0,3.0,2.0,3.0,4.0,Coffee D,$60-$80,Female,Master's degree,Employed full-time
PABJB0,25-34 years old,1,On the go,,Local cafe,Regular drip coffee,Dark,Chocolatey,Somewhat strong,Full caffeine,10.0,3.0,5.0,3.0,2.0,Coffee C,$40-$60,Female,Bachelor's degree,Employed full-time
AlbeDW,25-34 years old,1,"On the go, At a cafe, At the office, At home","Pour over, Cold brew","Local cafe, Specialty coffee shop",Cold brew,Light,Fruity,Somewhat strong,Full caffeine,5.0,2.0,1.0,5.0,5.0,Coffee C,$20-$40,Non-binary,Master's degree,Employed full-time
GrBA1o,35-44 years old,2,"At home, At a cafe, On the go","Pour over, Espresso, Coffee extract (e.g. Cometeer), Cold brew, French press",Specialty coffee shop,Latte,Light,Juicy,Medium,Full caffeine,6.0,4.0,3.0,1.0,5.0,Coffee D,>$100,Male,Master's degree,Employed full-time
6dQE15,25-34 years old,2,"At a cafe, At home, At the office",Other,,Cappuccino,Light,Bright,Medium,Full caffeine,6.0,4.0,3.0,2.0,5.0,Coffee D,$40-$60,Male,Bachelor's degree,Employed full-time
LdMLG1,25-34 years old,3,"At home, At the office, On the go","Pour over, Espresso","Specialty coffee shop, Local cafe",Americano,Light,Fruity,Somewhat strong,Full caffeine,6.0,4.0,2.0,3.0,5.0,Coffee D,$60-$80,Male,Doctorate or professional degree,Student
LdML0G,25-34 years old,1,"At home, On the go",Other,Local cafe,Cappuccino,Medium,Chocolatey,Somewhat strong,Full caffeine,3.0,3.0,4.0,4.0,1.0,Coffee C,$40-$60,Male,Some college or associate's degree,Employed full-time
zKQ5Kq,25-34 years old,Less than 1,"At home, At a cafe",Other,,Regular drip coffee,Medium,Nutty,Medium,Full caffeine,2.0,2.0,3.0,1.0,1.0,Coffee B,<$20,Male,Master's degree,Employed part-time
J2kvJY,35-44 years old,3,At home,"French press, Espresso, Pour over",,Pourover,Medium,Caramalized,Somewhat strong,Full caffeine,5.0,4.0,3.0,3.0,1.0,Coffee B,$80-$100,Female,Master's degree,Homemaker
rlrMVM,18-24 years old,4,"At home, At a cafe","Pour over, Espresso, French press, Coffee extract (e.g. Cometeer), Cold brew",,Pourover,Light,Fruity,Somewhat strong,Full caffeine,6.0,4.0,2.0,1.0,5.0,Coffee D,$80-$100,Male,Bachelor's degree,Employed full-time
DVv6eb,18-24 years old,1,"At home, At a cafe",Pour over,,Cortado,Medium,Full Bodied,Somewhat strong,Half caff,7.0,4.0,3.0,4.0,4.0,Coffee D,$20-$40,Male,Bachelor's degree,Student
5dqPdd,35-44 years old,2,At home,Espresso,,Americano,Dark,Chocolatey,Very strong,Full caffeine,7.0,2.0,4.0,5.0,1.0,Coffee C,$40-$60,Male,Master's degree,Employed full-time
RzByLl,25-34 years old,2,"At home, At the office, At a cafe","Pour over, French press",,Cortado,Medium,Nutty,Medium,Full caffeine,6.0,3.0,4.0,3.0,2.0,Coffee B,$20-$40,Male,Bachelor's degree,Employed full-time
5dqPvP,25-34 years old,3,At home,"Espresso, Pour over",,Pourover,Light,Bright,Medium,Full caffeine,5.0,5.0,3.0,2.0,1.0,Coffee A,$40-$60,Male,Doctorate or professional degree,Employed full-time
YZzlV0,18-24 years old,2,"At the office, At a cafe, At home",Pour over,,Iced coffee,Medium,Sweet,Somewhat strong,Full caffeine,1.0,2.0,3.0,1.0,3.0,Coffee D,$20-$40,Male,Master's degree,Student
vNx54A,18-24 years old,1,"At home, At the office","Pour over, Espresso",,Pourover,Light,Fruity,,Full caffeine,5.0,4.0,3.0,2.0,5.0,Coffee D,$20-$40,Male,Bachelor's degree,Employed full-time
XeBPG4,>65 years old,3,At home,Pour over,,Regular drip coffee,Medium,Full Bodied,Medium,Full caffeine,3.0,3.0,4.0,5.0,1.0,Coffee C,,,,
jB9ABE,25-34 years old,2,"At the office, At home, At a cafe",Pour over,,Pourover,Light,Fruity,Somewhat light,Full caffeine,6.0,2.0,4.0,3.0,5.0,Coffee D,$40-$60,Male,Bachelor's degree,Employed full-time
PABJ8P,35-44 years old,1,At home,Pour over,,Pourover,Medium,Fruity,Medium,Full caffeine,6.0,3.0,2.0,,,,,,,
RzBy4J,>65 years old,4,"At home, At a cafe","Pod/capsule machine (e.g. Keurig/Nespresso), Espresso, French press, Pour over, Cold brew",,Regular drip coffee,Dark,Bold,Very strong,Full caffeine,7.0,2.0,3.0,3.0,5.0,Coffee D,$40-$60,Male,Doctorate or professional degree,Employed full-time
jB9AxR,18-24 years old,3,"At home, At the office","Pour over, French press, Espresso",,Pourover,Light,Bright,Very strong,Full caffeine,6.0,2.0,3.0,4.0,3.0,Coffee D,$40-$60,Male,Master's degree,Employed full-time
dY2eYA,25-34 years old,2,"On the go, At home","Espresso, Pour over","Local cafe, Drive-thru",Cortado,Light,Fruity,Somewhat strong,Half caff,7.0,3.0,2.0,3.0,5.0,Coffee D,$40-$60,Male,Some college or associate's degree,Employed full-time
0EjRJ0,25-34 years old,1,"At home, At the office, At a cafe",Pour over,,Pourover,Light,Floral,Somewhat light,Full caffeine,7.0,5.0,3.0,1.0,4.0,Coffee A,$40-$60,Male,Master's degree,Employed full-time
PABJvP,25-34 years old,2,At home,"Espresso, French press",,Espresso,Light,Fruity,Very strong,Full caffeine,8.0,3.0,2.0,4.0,5.0,Coffee D,$20-$40,Male,Master's degree,Employed full-time
DVv60p,25-34 years old,1,At home,Coffee brewing machine (e.g. Mr. Coffee),,Regular drip coffee,Medium,Chocolatey,Somewhat strong,Full caffeine,6.0,2.0,4.0,5.0,1.0,Coffee C,$20-$40,Male,Bachelor's degree,Employed full-time
rlrMKv,25-34 years old,Less than 1,"At home, At a cafe","Pour over, Espresso",,Pourover,Medium,Nutty,Medium,Full caffeine,2.0,3.0,4.0,4.0,1.0,Coffee B,$20-$40,Male,Bachelor's degree,Employed full-time
9dJjJ4,25-34 years old,2,"At home, On the go, At a cafe","Pour over, Espresso",Specialty coffee shop,Espresso,Light,Juicy,Medium,Full caffeine,7.0,4.0,3.0,3.0,2.0,Coffee A,$20-$40,Male,Bachelor's degree,Employed full-time
oAVL0M,25-34 years old,1,"At a cafe, At home","Pour over, Espresso",,Cortado,Light,Fruity,Medium,Full caffeine,7.0,4.0,2.0,3.0,5.0,Coffee D,$60-$80,Male,Bachelor's degree,Employed full-time
vNx5Od,18-24 years old,1,"On the go, At the office",,"Local cafe, Specialty coffee shop",Cold brew,Medium,Fruity,Somewhat strong,Full caffeine,3.0,5.0,3.0,2.0,5.0,Coffee B,$20-$40,Male,High school graduate,Employed full-time
QABlYA,25-34 years old,2,At home,Pour over,,Pourover,Light,Fruity,Somewhat light,Full caffeine,8.0,4.0,2.0,3.0,5.0,Coffee D,$40-$60,Male,Bachelor's degree,Employed full-time
24xGkp,35-44 years old,2,At home,"Pour over, Coffee extract (e.g. Cometeer)",,Pourover,Light,Full Bodied,Very strong,Full caffeine,2.0,2.0,3.0,4.0,5.0,Coffee D,$60-$80,,,
7d9roL,25-34 years old,3,"At the office, At home, At a cafe","Espresso, Pour over",,Regular drip coffee,Light,Fruity,Somewhat strong,Full caffeine,6.0,3.0,1.0,3.0,5.0,Coffee D,$40-$60,Male,Master's degree,Employed full-time
lNlkNW,25-34 years old,2,At home,"Espresso, Other",,Regular drip coffee,Medium,Full Bodied,Somewhat strong,Full caffeine,6.0,4.0,3.0,5.0,1.0,Coffee C,$20-$40,Male,High school graduate,Unemployed
g5N64N,18-24 years old,2,At home,"Pour over, Espresso",,Cappuccino,Light,Juicy,Medium,Full caffeine,7.0,3.0,5.0,4.0,3.0,Coffee B,$40-$60,Male,,
g5N65d,35-44 years old,1,At home,Other,,Other,Medium,Chocolatey,Medium,Decaf,4.0,2.0,5.0,4.0,3.0,Coffee B,$20-$40,Female,Master's degree,Homemaker
7d9rdA,25-34 years old,2,"At home, At a cafe","Pour over, Coffee brewing machine (e.g. Mr. Coffee)",,Pourover,Light,Fruity,Medium,Full caffeine,5.0,3.0,4.0,3.0,5.0,Coffee D,$60-$80,Non-binary,Bachelor's degree,Employed full-time
lNlkL5,18-24 years old,2,"At home, At a cafe","Pour over, Espresso",,Cortado,Medium,Fruity,Somewhat strong,Full caffeine,7.0,5.0,2.0,3.0,5.0,Coffee D,$60-$80,Male,Bachelor's degree,Employed full-time
rlrMKM,35-44 years old,2,At home,"Pour over, Espresso, Coffee extract (e.g. Cometeer)",,Pourover,Light,Fruity,Medium,Decaf,9.0,5.0,2.0,,,,,,,
0EjRoQ,25-34 years old,3,"At home, At the office, At a cafe, On the go","Pour over, Espresso","Local cafe, National chain (e.g. Starbucks, Dunkin), Specialty coffee shop",Pourover,Light,Fruity,Somewhat strong,Full caffeine,9.0,4.0,2.0,1.0,5.0,Coffee D,$40-$60,Male,Bachelor's degree,Employed full-time
GrBA1j,18-24 years old,Less than 1,"At a cafe, At the office, At home","Pour over, Other",,Cortado,Light,Fruity,Somewhat strong,Full caffeine,7.0,3.0,3.0,3.0,5.0,Coffee D,<$20,,,
qbE1b7,18-24 years old,2,"At home, At a cafe","French press, Pod/capsule machine (e.g. Keurig/Nespresso)",,Cappuccino,Medium,Bold,Somewhat strong,Full caffeine,5.0,2.0,5.0,3.0,1.0,Coffee B,$20-$40,Male,Some college or associate's degree,Employed part-time
oAVLVM,25-34 years old,1,At home,"Pour over, Espresso",,Pourover,Medium,Caramalized,Very strong,Full caffeine,7.0,4.0,3.0,3.0,3.0,Coffee A,$20-$40,Male,Bachelor's degree,Employed full-time
RzByRl,45-54 years old,1,At home,Pour over,,Regular drip coffee,Medium,Fruity,Medium,Full caffeine,3.0,4.0,1.0,3.0,5.0,Coffee D,$20-$40,Male,Bachelor's degree,Employed full-time
g5N6QK,18-24 years old,1,"At home, At a cafe, On the go",Coffee brewing machine (e.g. Mr. Coffee),Specialty coffee shop,Mocha,Medium,Full Bodied,Medium,Full caffeine,5.0,5.0,3.0,2.0,4.0,Coffee A,$20-$40,Female,Bachelor's degree,Student
GrBAYz,35-44 years old,1,At home,"Espresso, Pour over",,Latte,Light,Caramalized,Somewhat light,Full caffeine,6.0,5.0,4.0,3.0,2.0,Coffee A,,,,
QABlBk,35-44 years old,2,"At the office, At home","Cold brew, Coffee brewing machine (e.g. Mr. Coffee)",,Cold brew,Blonde,Chocolatey,Medium,Full caffeine,6.0,1.0,5.0,4.0,3.0,Coffee B,$20-$40,Male,Doctorate or professional degree,Employed full-time
vNx5NQ,25-34 years old,2,"At the office, At home, At a cafe",French press,,Cappuccino,Light,Full Bodied,Medium,Full caffeine,4.0,3.0,4.0,5.0,2.0,Coffee C,$20-$40,Male,Bachelor's degree,Employed full-time
6dQEro,18-24 years old,2,"At home, At a cafe","Pour over, French press, Bean-to-cup machine, Espresso",,Iced coffee,Light,Fruity,Somewhat strong,Full caffeine,7.0,4.0,5.0,4.0,3.0,Coffee B,$60-$80,Male,Bachelor's degree,Student
eBxWNo,35-44 years old,1,"At home, At the office","Pour over, Pod/capsule machine (e.g. Keurig/Nespresso)",,Pourover,Light,Fruity,Medium,Full caffeine,3.0,4.0,4.0,2.0,4.0,Coffee B,$20-$40,Female,,Employed full-time
NAB1MN,25-34 years old,2,"At home, At a cafe","Pour over, French press, Other",,Pourover,Light,Fruity,Medium,Full caffeine,7.0,4.0,3.0,3.0,5.0,Coffee D,$20-$40,Male,,
dY2eDy,25-34 years old,1,At home,Espresso,,Cappuccino,Light,Fruity,Medium,Full caffeine,8.0,3.0,3.0,3.0,5.0,Coffee D,<$20,Male,Some college or associate's degree,
MAdpvE,25-34 years old,1,At home,"Pour over, Coffee brewing machine (e.g. Mr. Coffee)",,Cortado,Medium,Fruity,Medium,Full caffeine,7.0,1.0,3.0,2.0,4.0,Coffee D,$20-$40,Male,Master's degree,Employed full-time
MAdp5Y,25-34 years old,2,At home,Pour over,,Pourover,Light,Juicy,Medium,Full caffeine,7.0,5.0,3.0,2.0,5.0,Coffee A,$20-$40,Male,Bachelor's degree,Employed full-time
9dJjE1,25-34 years old,2,"At home, At a cafe",Pour over,,Pourover,Light,Juicy,Somewhat strong,Full caffeine,7.0,5.0,2.0,3.0,4.0,Coffee A,>$100,Male,Doctorate or professional degree,Employed part-time
PABJ20,25-34 years old,2,"At home, At the office, At a cafe","Pour over, Coffee brewing machine (e.g. Mr. Coffee)",,Pourover,Light,Juicy,Somewhat light,Full caffeine,9.0,5.0,2.0,3.0,4.0,Coffee A,$20-$40,Female,Master's degree,Employed full-time
8dp4eA,25-34 years old,2,"At the office, At home, At a cafe",Pour over,,Pourover,Light,Fruity,Medium,Full caffeine,7.0,4.0,2.0,3.0,4.0,Coffee B,$40-$60,Male,Master's degree,Employed full-time
DVv65b,55-64 years old,2,At home,Coffee brewing machine (e.g. Mr. Coffee),,Latte,French,Chocolatey,Somewhat strong,Full caffeine,3.0,2.0,3.0,2.0,2.0,Coffee B,$40-$60,Female,Bachelor's degree,Employed full-time
qbE1o8,25-34 years old,2,At home,"Pour over, Coffee brewing machine (e.g. Mr. Coffee)",,Regular drip coffee,Light,Sweet,Medium,Full caffeine,7.0,4.0,3.0,2.0,4.0,Coffee A,$20-$40,Male,Bachelor's degree,Employed full-time
OABMBA,25-34 years old,2,At the office,,,Regular drip coffee,Light,Chocolatey,Somewhat strong,Full caffeine,6.0,2.0,5.0,3.0,4.0,Coffee B,<$20,Male,Bachelor's degree,Employed full-time
oAVLlM,55-64 years old,More than 4,At home,Coffee brewing machine (e.g. Mr. Coffee),,Regular drip coffee,Dark,Full Bodied,Somewhat strong,Full caffeine,2.0,3.0,3.0,4.0,1.0,Coffee A,$20-$40,Male,Some college or associate's degree,Retired
5dqPEb,25-34 years old,2,"At home, At the office, At a cafe","Pour over, Coffee brewing machine (e.g. Mr. Coffee), French press",,Pourover,Light,Floral,Somewhat strong,Half caff,7.0,5.0,2.0,3.0,5.0,Coffee D,$20-$40,Male,Master's degree,Employed full-time
6dQEOO,45-54 years old,2,At home,"Pod/capsule machine (e.g. Keurig/Nespresso), Cold brew, Pour over, Other",,Other,Blonde,Nutty,Medium,Full caffeine,6.0,3.0,2.0,1.0,5.0,Coffee D,$80-$100,Male,Bachelor's degree,Employed full-time
jB9A99,35-44 years old,2,"At the office, At home","Pour over, Espresso, Coffee extract (e.g. Cometeer), Coffee brewing machine (e.g. Mr. Coffee), Cold brew",,Pourover,Light,Sweet,Somewhat strong,Full caffeine,6.0,4.0,4.0,1.0,4.0,Coffee D,$20-$40,Male,Bachelor's degree,Employed full-time
7d9r46,25-34 years old,1,"At home, At a cafe","Pour over, Cold brew",,Pourover,Medium,Full Bodied,Somewhat strong,Full caffeine,4.0,2.0,3.0,4.0,2.0,Coffee C,$20-$40,Male,Bachelor's degree,Employed full-time
qbE1Yk,25-34 years old,2,At home,Pour over,,Pourover,Medium,Full Bodied,Somewhat strong,Full caffeine,6.0,2.0,4.0,4.0,1.0,Coffee C,$20-$40,Male,Master's degree,Employed full-time
pLPpWZ,25-34 years old,1,At home,Pour over,,Pourover,Light,Floral,Somewhat strong,Full caffeine,7.0,1.0,2.0,3.0,4.0,Coffee D,$40-$60,Male,Some college or associate's degree,Employed part-time
VZ1Olv,25-34 years old,1,"At home, At a cafe","Pour over, French press, Other",,Other,Light,Fruity,Somewhat strong,Full caffeine,7.0,4.0,3.0,2.0,5.0,Coffee D,$40-$60,Male,Bachelor's degree,Employed full-time
OABMJp,18-24 years old,3,"At a cafe, At home, At the office",Other,,Cortado,Medium,Juicy,Somewhat strong,Full caffeine,6.0,3.0,2.0,4.0,5.0,Coffee D,$40-$60,Male,Bachelor's degree,Employed full-time
aBrqry,25-34 years old,2,"At home, On the go, At a cafe","Pour over, Espresso",Specialty coffee shop,Cortado,Light,Chocolatey,Somewhat strong,Full caffeine,7.0,4.0,2.0,3.0,5.0,Coffee D,$40-$60,Non-binary,Bachelor's degree,Employed full-time
7d9r9z,35-44 years old,3,At home,"Espresso, Pour over",,Cappuccino,Light,Fruity,Very strong,Full caffeine,7.0,2.0,3.0,3.0,4.0,Coffee D,$60-$80,Male,Bachelor's degree,Employed full-time
oAVLl5,25-34 years old,2,At home,"Pour over, Espresso",,Latte,Dark,Bold,Very strong,Full caffeine,6.0,5.0,5.0,2.0,4.0,Coffee B,<$20,Male,Master's degree,Employed full-time
aBrqZW,25-34 years old,1,At home,"Pour over, Espresso",,Latte,Light,Fruity,Somewhat strong,Full caffeine,9.0,4.0,2.0,3.0,5.0,Coffee D,$80-$100,Male,Bachelor's degree,Employed full-time
lNlk06,25-34 years old,4,At home,"Coffee brewing machine (e.g. Mr. Coffee), Pour over, French press",,Regular drip coffee,Dark,Chocolatey,Somewhat strong,Full caffeine,7.0,2.0,3.0,2.0,4.0,Coffee D,$60-$80,Male,Some college or associate's degree,Retired
ZdRrGv,25-34 years old,1,"At home, At a cafe",Other,,Americano,Medium,Chocolatey,Medium,Full caffeine,3.0,2.0,3.0,4.0,3.0,Coffee C,$40-$60,Male,Master's degree,Employed full-time
xdN5ZG,25-34 years old,3,"At home, At a cafe","Pour over, Espresso",,Cortado,Light,Floral,Medium,Full caffeine,8.0,3.0,2.0,3.0,5.0,Coffee D,$40-$60,Male,Bachelor's degree,Employed full-time
lNlkYV,25-34 years old,3,"At home, At the office, At a cafe","Pour over, Espresso",,Pourover,Light,Bright,Somewhat strong,Full caffeine,6.0,4.0,2.0,2.0,5.0,Coffee D,$40-$60,Male,Master's degree,Employed full-time
VZ1OME,25-34 years old,1,At home,"Pour over, Other, French press",,Pourover,Light,Floral,Somewhat strong,Full caffeine,6.0,5.0,1.0,3.0,5.0,Coffee A,$40-$60,Male,Bachelor's degree,Employed full-time
rlrMrL,25-34 years old,1,"At home, At a cafe","Pour over, Espresso, Cold brew",,Latte,Medium,Chocolatey,Medium,Full caffeine,7.0,2.0,5.0,3.0,1.0,Coffee B,$40-$60,Female,Bachelor's degree,Employed full-time
42NVAd,25-34 years old,3,At home,Espresso,,Espresso,Light,Fruity,Medium,Full caffeine,8.0,3.0,2.0,1.0,5.0,Coffee D,$40-$60,Male,Master's degree,Employed full-time
jB9AJ1,25-34 years old,2,"At home, At a cafe","Pour over, Espresso, Other",,Latte,Medium,Fruity,Somewhat strong,Full caffeine,6.0,5.0,2.0,2.0,5.0,Coffee A,$60-$80,Female,Master's degree,Employed full-time
rlrMr5,25-34 years old,1,"At the office, At home, On the go, At a cafe","Pour over, Espresso","Specialty coffee shop, Local cafe, National chain (e.g. Starbucks, Dunkin)",Pourover,Light,Caramalized,Somewhat strong,Half caff,6.0,5.0,3.0,4.0,3.0,Coffee A,,Male,Master's degree,Student
WApVpQ,25-34 years old,2,"At home, At the office","Espresso, Instant coffee, Bean-to-cup machine",,Espresso,Medium,Chocolatey,Medium,Full caffeine,8.0,5.0,4.0,3.0,2.0,Coffee A,,,Some college or associate's degree,
ZdRrvA,18-24 years old,More than 4,"At home, At a cafe","Pour over, Espresso",,Espresso,Nordic,Fruity,Very strong,Full caffeine,7.0,5.0,1.0,3.0,5.0,Coffee D,$80-$100,Male,Bachelor's degree,Employed full-time
8dp4dx,45-54 years old,1,At home,Espresso,,Cappuccino,Medium,Full Bodied,Medium,Full caffeine,3.0,1.0,4.0,4.0,3.0,Coffee B,$40-$60,Male,Bachelor's degree,Employed full-time
vNx5JX,35-44 years old,1,At home,Other,,Cappuccino,Dark,Chocolatey,Somewhat strong,Full caffeine,7.0,2.0,4.0,3.0,3.0,Coffee B,$20-$40,Male,Some college or associate's degree,Employed full-time
zKQ5e1,25-34 years old,Less than 1,None of these,,,Latte,Light,Fruity,Weak,,1.0,1.0,3.0,4.0,5.0,Coffee D,<$20,Female,Master's degree,Employed full-time
lNlkKV,25-34 years old,2,At home,"Espresso, Pour over",,Cortado,Light,Juicy,Somewhat strong,Full caffeine,8.0,5.0,3.0,3.0,5.0,Coffee D,$40-$60,Male,Bachelor's degree,Employed full-time
rlrMJX,25-34 years old,2,At home,Pour over,,Regular drip coffee,Dark,Full Bodied,Somewhat strong,Full caffeine,7.0,3.0,4.0,5.0,5.0,Coffee D,$20-$40,Female,Bachelor's degree,Employed full-time
8dp4PY,18-24 years old,1,"At home, At the office",Espresso,,Cappuccino,Medium,Fruity,Somewhat strong,Full caffeine,2.0,4.0,2.0,2.0,4.0,Coffee D,,Female,Master's degree,Student
LdMLaz,25-34 years old,1,"At home, At the office, At a cafe","Pour over, Espresso, Cold brew",,Espresso,Light,Fruity,Somewhat light,Full caffeine,10.0,4.0,3.0,1.0,5.0,Coffee D,$60-$80,Male,Bachelor's degree,Employed full-time
rlrM0L,18-24 years old,2,At home,"Pour over, Espresso",,Pourover,Light,Caramalized,Medium,Full caffeine,8.0,5.0,2.0,2.0,4.0,Coffee A,$20-$40,Male,Bachelor's degree,Employed full-time
PABJBd,25-34 years old,1,"At home, At a cafe","Other, Cold brew",,Regular drip coffee,,Fruity,Very strong,Full caffeine,6.0,5.0,3.0,3.0,,,,,,
NAB1Rp,35-44 years old,2,At home,Pour over,,Pourover,Medium,Bold,Somewhat strong,Full caffeine,6.0,5.0,4.0,5.0,3.0,Coffee A,$20-$40,Male,Doctorate or professional degree,Student
42NV9d,25-34 years old,2,"At home, At a cafe, At the office","Pour over, Espresso",,Pourover,Medium,Sweet,Somewhat strong,Full caffeine,6.0,4.0,2.0,3.0,3.0,Coffee A,$80-$100,Male,Bachelor's degree,Employed full-time
jB9A76,25-34 years old,2,"At the office, At home","Pour over, Espresso, Cold brew",,Pourover,Light,Fruity,Somewhat strong,Full caffeine,7.0,4.0,3.0,2.0,4.0,Coffee A,$40-$60,Male,Master's degree,Employed full-time
OABMLK,>65 years old,3,At home,"Pour over, Pod/capsule machine (e.g. Keurig/Nespresso), Cold brew",,Cappuccino,Medium,Chocolatey,Medium,Full caffeine,8.0,5.0,4.0,3.0,1.0,Coffee A,$20-$40,Male,High school graduate,Retired
GrBABz,45-54 years old,2,At home,"French press, Coffee brewing machine (e.g. Mr. Coffee), Other",,Regular drip coffee,Light,Fruity,Medium,Full caffeine,6.0,3.0,4.0,3.0,4.0,Coffee B,$40-$60,Male,Doctorate or professional degree,Unemployed
YZzlY6,25-34 years old,Less than 1,"At home, At a cafe","Pour over, Other",,Cappuccino,Medium,Bright,Somewhat strong,Full caffeine,3.0,3.0,1.0,2.0,4.0,Coffee D,<$20,Male,Some college or associate's degree,Unemployed
YZzlo0,>65 years old,1,At home,"Pour over, Cold brew",,Latte,Medium,Floral,Medium,Full caffeine,5.0,3.0,3.0,4.0,4.0,Coffee D,$40-$60,Female,Master's degree,Retired
g5N671,35-44 years old,2,"At a cafe, At home","Pour over, Espresso, Instant coffee",,Pourover,Light,Sweet,Somewhat light,Decaf,8.0,4.0,2.0,1.0,5.0,Coffee D,>$100,Male,Doctorate or professional degree,Employed full-time
qbE1k5,35-44 years old,2,At the office,,,Pourover,Light,Nutty,Somewhat strong,Full caffeine,7.0,2.0,4.0,5.0,2.0,Coffee C,$20-$40,Male,Some college or associate's degree,Employed full-time
7d9r16,25-34 years old,Less than 1,At a cafe,,,Cortado,Medium,Bold,Somewhat strong,Full caffeine,4.0,5.0,1.0,4.0,3.0,Coffee A,$20-$40,Male,Bachelor's degree,Employed full-time
24xGkV,18-24 years old,1,At home,"French press, Other",,Espresso,Medium,Full Bodied,Medium,Full caffeine,5.0,2.0,4.0,3.0,1.0,Coffee B,$20-$40,Male,Bachelor's degree,Student
BGbWA4,25-34 years old,1,At the office,,,Latte,Medium,Chocolatey,Somewhat light,Full caffeine,2.0,3.0,3.0,2.0,4.0,Coffee D,$40-$60,Male,Bachelor's degree,Employed full-time
rlrMJp,35-44 years old,2,"At home, At a cafe","Pour over, French press, Espresso, Other",,Latte,Medium,Fruity,Medium,Full caffeine,5.0,4.0,3.0,4.0,4.0,Coffee D,$40-$60,Male,Some college or associate's degree,Employed full-time
bl4Qr2,18-24 years old,3,"At home, At a cafe","Pour over, Espresso",,Pourover,Light,Fruity,Somewhat strong,Full caffeine,7.0,4.0,2.0,3.0,5.0,Coffee D,$60-$80,Female,Bachelor's degree,Employed full-time
aBrqDE,55-64 years old,2,At home,"Coffee brewing machine (e.g. Mr. Coffee), Espresso, Pour over, French press",,Espresso,Dark,Full Bodied,Somewhat strong,Full caffeine,6.0,4.0,3.0,4.0,2.0,Coffee D,$60-$80,Male,Bachelor's degree,Employed full-time
YZzlrq,25-34 years old,1,"At home, At a cafe",Pour over,,Cappuccino,Light,Fruity,Somewhat strong,Full caffeine,7.0,1.0,3.0,4.0,5.0,Coffee A,$20-$40,Male,Bachelor's degree,Employed full-time
VZ1O9l,35-44 years old,2,At home,"Pour over, Espresso",,Pourover,Light,Fruity,Somewhat strong,Full caffeine,8.0,4.0,3.0,1.0,5.0,Coffee D,$40-$60,Prefer not to say,Bachelor's degree,Homemaker
EPb7Lo,25-34 years old,4,At the office,,,Cappuccino,Dark,Caramalized,Medium,Full caffeine,2.0,5.0,4.0,3.0,1.0,Coffee A,$80-$100,Prefer not to say,Master's degree,Student
jB9A09,35-44 years old,2,"At the office, At home","Pour over, Pod/capsule machine (e.g. Keurig/Nespresso)",,Americano,Medium,Nutty,Somewhat strong,Full caffeine,6.0,4.0,2.0,2.0,5.0,Coffee D,$20-$40,Female,Bachelor's degree,Employed full-time
GrBAL2,35-44 years old,1,"At home, At the office",Pour over,,Pourover,Light,Fruity,Medium,Full caffeine,6.0,4.0,3.0,2.0,5.0,Coffee D,,Male,Bachelor's degree,Employed full-time
EPb7Z2,45-54 years old,2,At home,"Coffee brewing machine (e.g. Mr. Coffee), Espresso",,Other,Medium,Chocolatey,Somewhat strong,Full caffeine,5.0,2.0,4.0,3.0,1.0,Coffee C,$20-$40,Male,Some college or associate's degree,Employed full-time
EPb7vA,25-34 years old,Less than 1,At home,"Other, French press",,Regular drip coffee,Medium,Chocolatey,Very strong,Full caffeine,7.0,2.0,2.0,4.0,4.0,Coffee D,$20-$40,Male,Some college or associate's degree,Employed full-time
42NVPo,25-34 years old,2,"At a cafe, At home","Pour over, Espresso",,Pourover,Medium,Fruity,Somewhat strong,Full caffeine,6.0,3.0,4.0,4.0,5.0,Coffee D,$80-$100,Male,Bachelor's degree,Employed full-time
g5N6JM,35-44 years old,2,At home,Espresso,,Latte,Blonde,Caramalized,Medium,Full caffeine,2.0,2.0,3.0,4.0,1.0,Coffee C,$20-$40,Male,Some college or associate's degree,Employed full-time
9dJj2K,25-34 years old,2,At the office,,,Pourover,Light,Fruity,Medium,Full caffeine,3.0,3.0,2.0,3.0,4.0,Coffee D,>$100,Male,Some college or associate's degree,Employed full-time
xdN5Rk,25-34 years old,2,"At a cafe, At home, At the office, On the go","Espresso, Pour over","Local cafe, Specialty coffee shop",Cortado,Light,Fruity,Somewhat strong,Full caffeine,5.0,4.0,2.0,3.0,4.0,Coffee D,$80-$100,Male,Bachelor's degree,Employed full-time
24xGvA,25-34 years old,2,"At the office, On the go, At home, At a cafe","Pour over, Other","Specialty coffee shop, Local cafe",Cortado,Medium,Bold,Somewhat strong,Full caffeine,7.0,4.0,3.0,2.0,5.0,Coffee A,$20-$40,Non-binary,Some college or associate's degree,Employed full-time
AlbeWo,18-24 years old,2,"On the go, At the office, At home",Other,"Local cafe, Specialty coffee shop",Cappuccino,Light,Fruity,Somewhat strong,Half caff,7.0,4.0,3.0,3.0,5.0,Coffee D,,Male,Bachelor's degree,Employed full-time
ZdRrza,25-34 years old,2,At home,Pour over,,Latte,Light,Fruity,Somewhat light,Full caffeine,2.0,1.0,2.0,4.0,5.0,Coffee D,$40-$60,Non-binary,Bachelor's degree,Unemployed
qbE1Ek,45-54 years old,1,At home,Bean-to-cup machine,,Latte,Medium,Sweet,Medium,Full caffeine,5.0,2.0,5.0,3.0,2.0,Coffee B,,Male,Some college or associate's degree,Employed full-time
1r2oN4,45-54 years old,3,"On the go, At the office, At home","Coffee brewing machine (e.g. Mr. Coffee), Pod/capsule machine (e.g. Keurig/Nespresso)",Specialty coffee shop,Regular drip coffee,Dark,Bold,Very strong,Full caffeine,7.0,4.0,4.0,3.0,3.0,Coffee B,>$100,Male,Bachelor's degree,Employed full-time
VZ1ObN,18-24 years old,4,"At home, At the office, At a cafe",Pour over,,Espresso,Light,Floral,Very strong,Full caffeine,6.0,5.0,3.0,5.0,1.0,Coffee C,$20-$40,Male,Bachelor's degree,Student
24xGxA,35-44 years old,1,At home,"Bean-to-cup machine, Pour over",,Cortado,Italian,Nutty,Medium,Full caffeine,6.0,3.0,4.0,2.0,3.0,Coffee B,$60-$80,Male,Bachelor's degree,Employed full-time
pLPpRy,25-34 years old,2,"At home, At the office","Espresso, Other, Cold brew",,Cappuccino,Light,Fruity,Somewhat strong,Full caffeine,6.0,4.0,4.0,1.0,5.0,Coffee D,$20-$40,Non-binary,Bachelor's degree,Student
J2kvk7,25-34 years old,2,At home,"Pour over, Espresso",,Cortado,Light,Juicy,Medium,Full caffeine,6.0,4.0,2.0,2.0,5.0,Coffee D,$40-$60,Male,Bachelor's degree,Employed full-time
oAVL55,25-34 years old,2,At home,"French press, Espresso",,Pourover,Light,Juicy,Medium,Full caffeine,6.0,5.0,2.0,3.0,2.0,Coffee A,$40-$60,Male,Some college or associate's degree,Employed full-time
lNlkWp,45-54 years old,2,At home,Pod/capsule machine (e.g. Keurig/Nespresso),,Latte,Dark,Bold,Somewhat strong,Full caffeine,5.0,3.0,3.0,3.0,1.0,Coffee B,$40-$60,Female,High school graduate,Employed full-time
QABl8l,25-34 years old,2,"At the office, At home, At a cafe, On the go","Pour over, French press, Espresso","Specialty coffee shop, Local cafe",Pourover,Light,Juicy,Somewhat strong,Full caffeine,8.0,4.0,2.0,3.0,5.0,Coffee D,>$100,Male,High school graduate,Employed full-time
eBxWxo,35-44 years old,Less than 1,None of these,,,Other,Light,Fruity,Medium,Full caffeine,1.0,4.0,1.0,1.0,5.0,Coffee D,<$20,Male,Bachelor's degree,Employed full-time
eBxW2E,25-34 years old,2,At home,Pour over,,Cortado,Light,Juicy,Very strong,Full caffeine,7.0,5.0,3.0,3.0,4.0,Coffee A,$40-$60,Male,Bachelor's degree,Employed full-time
rlrMd5,25-34 years old,4,At home,"Espresso, Pour over",,Latte,Dark,Chocolatey,Medium,Full caffeine,5.0,3.0,1.0,5.0,5.0,Coffee D,$20-$40,Male,Bachelor's degree,Employed full-time
8dp4Ak,35-44 years old,1,At home,Pour over,,Pourover,Medium,Nutty,Somewhat strong,Full caffeine,7.0,3.0,4.0,5.0,4.0,Coffee C,,Male,Bachelor's degree,Unemployed
RzByvv,25-34 years old,2,At home,"Espresso, Pour over",,Espresso,Light,Bright,Very strong,Full caffeine,7.0,5.0,2.0,3.0,4.0,Coffee A,$80-$100,Male,Bachelor's degree,Employed full-time
rlrM2p,45-54 years old,4,At home,"Pour over, Other",,Pourover,Nordic,Bright,Somewhat light,Full caffeine,7.0,5.0,2.0,4.0,3.0,Coffee A,$40-$60,Male,Bachelor's degree,Employed full-time
24xG1g,25-34 years old,3,"At the office, On the go",,Local cafe,Cappuccino,Medium,Nutty,Somewhat strong,Full caffeine,5.0,4.0,2.0,2.0,4.0,Coffee A,$20-$40,Male,Bachelor's degree,Employed full-time
EPb7BL,25-34 years old,1,"At home, On the go, At a cafe, At the office","Coffee brewing machine (e.g. Mr. Coffee), Pour over, Cold brew","Local cafe, Drive-thru, Specialty coffee shop",Cold brew,Medium,Bold,Medium,Full caffeine,6.0,2.0,3.0,4.0,5.0,Coffee D,$40-$60,Male,Bachelor's degree,Employed full-time
eBxWKJ,25-34 years old,1,At home,"Cold brew, Pour over, Espresso",,Cortado,Dark,Nutty,Somewhat strong,Full caffeine,5.0,3.0,5.0,4.0,1.0,Coffee B,$40-$60,Female,Master's degree,Employed full-time
zKQ5J8,25-34 years old,2,At home,Other,,Espresso,Light,Fruity,Very strong,Full caffeine,6.0,5.0,1.0,2.0,4.0,Coffee A,$20-$40,Male,Bachelor's degree,Employed full-time
ZdRrZ5,18-24 years old,2,"At home, At the office","Pour over, Espresso, Coffee brewing machine (e.g. Mr. Coffee)",,Cortado,Medium,Chocolatey,Somewhat strong,Full caffeine,6.0,4.0,3.0,5.0,2.0,Coffee C,$20-$40,Male,High school graduate,Employed full-time
1r2o2L,25-34 years old,1,At home,"Pour over, Espresso, Cold brew",,Latte,Light,Chocolatey,Medium,Full caffeine,4.0,5.0,3.0,3.0,2.0,Coffee A,$40-$60,Female,Bachelor's degree,Unemployed
xdN599,25-34 years old,4,"At home, At the office","Pour over, Espresso, Other",,Espresso,Light,Fruity,Somewhat strong,Full caffeine,7.0,3.0,2.0,1.0,4.0,Coffee D,$20-$40,Male,Master's degree,Student
YZzlpz,35-44 years old,2,At home,Pour over,,Pourover,Light,Fruity,Somewhat strong,Full caffeine,8.0,4.0,2.0,3.0,5.0,Coffee D,$40-$60,Male,Some college or associate's degree,Employed full-time
bl4Q82,25-34 years old,Less than 1,At a cafe,,,Regular drip coffee,Nordic,Nutty,Medium,Full caffeine,1.0,2.0,3.0,4.0,1.0,Coffee C,<$20,Male,Bachelor's degree,Employed full-time
PABJ80,25-34 years old,3,At home,"Pour over, French press, Espresso",,Pourover,Medium,Full Bodied,Somewhat strong,Full caffeine,7.0,4.0,2.0,3.0,4.0,Coffee A,$40-$60,Male,Doctorate or professional degree,Student
24xGOb,25-34 years old,2,"At home, On the go, At the office","Coffee brewing machine (e.g. Mr. Coffee), Pour over","Specialty coffee shop, Other, Local cafe",Americano,Light,Caramalized,Somewhat strong,Full caffeine,6.0,4.0,3.0,4.0,1.0,Coffee A,$40-$60,Male,High school graduate,Employed full-time
5dqPGP,25-34 years old,2,At home,"Pour over, French press, Espresso, Coffee extract (e.g. Cometeer)",,Pourover,Light,Floral,Medium,Full caffeine,8.0,5.0,1.0,3.0,4.0,Coffee A,$40-$60,Male,Doctorate or professional degree,Employed full-time
bl4Q4E,25-34 years old,2,"At home, On the go","French press, Espresso, Pour over","Specialty coffee shop, Local cafe",Espresso,Light,Bright,Medium,Full caffeine,7.0,4.0,2.0,1.0,5.0,Coffee D,$20-$40,Male,High school graduate,Employed full-time
KMBKBK,>65 years old,2,At home,Other,,Regular drip coffee,Medium,Chocolatey,Somewhat strong,Full caffeine,3.0,2.0,3.0,3.0,3.0,Coffee D,$20-$40,Male,Doctorate or professional degree,Retired
DVv6Jj,25-34 years old,2,At home,"Pour over, French press",,Regular drip coffee,Nordic,Floral,Somewhat strong,Full caffeine,7.0,4.0,3.0,2.0,5.0,Coffee D,$40-$60,Male,Bachelor's degree,Employed full-time
eBxW7E,25-34 years old,3,"At home, At the office","Pour over, Espresso",,Pourover,Light,Juicy,Medium,Full caffeine,7.0,4.0,2.0,3.0,5.0,Coffee D,$60-$80,Male,Bachelor's degree,Employed full-time
GrBAoz,45-54 years old,3,At home,"Pour over, Espresso, Coffee extract (e.g. Cometeer)",,Pourover,Light,Bright,Somewhat light,Full caffeine,7.0,1.0,3.0,3.0,4.0,Coffee D,$40-$60,Male,Doctorate or professional degree,Employed full-time
EPb70o,35-44 years old,2,"At home, At a cafe","Pour over, Espresso",,Pourover,Light,Juicy,Somewhat strong,Full caffeine,10.0,5.0,2.0,1.0,4.0,Coffee A,$80-$100,Male,Master's degree,Employed full-time
kYRBJd,25-34 years old,2,At the office,,,Pourover,Light,Fruity,Medium,Full caffeine,8.0,4.0,3.0,3.0,5.0,Coffee D,$40-$60,Male,Bachelor's degree,Employed full-time
J2kv2d,25-34 years old,1,At home,"Pour over, Instant coffee, Cold brew, Other",,Cortado,Medium,Nutty,Very strong,Full caffeine,4.0,1.0,2.0,3.0,2.0,Coffee C,$20-$40,Male,Bachelor's degree,Employed full-time
OABMdk,35-44 years old,2,"At the office, At home, At a cafe, On the go","Pour over, French press, Instant coffee","Specialty coffee shop, National chain (e.g. Starbucks, Dunkin)",Pourover,Light,Fruity,Somewhat strong,Full caffeine,6.0,3.0,3.0,2.0,3.0,Coffee D,$60-$80,Male,Some college or associate's degree,Unemployed
LdMLvz,25-34 years old,Less than 1,At home,Espresso,,Cappuccino,Medium,Fruity,Somewhat strong,Full caffeine,4.0,4.0,1.0,2.0,4.0,Coffee D,$20-$40,Male,,
0EjRv0,18-24 years old,1,"At home, At the office, On the go","Pour over, French press, Cold brew","National chain (e.g. Starbucks, Dunkin)",Cold brew,Dark,Chocolatey,Medium,Full caffeine,5.0,2.0,4.0,3.0,1.0,Coffee B,,Male,,
VZ1OZv,>65 years old,2,At home,"French press, Pour over",,Other,Dark,Bold,Very strong,Half caff,5.0,1.0,2.0,,3.0,Coffee C,<$20,,,
5dqPLM,25-34 years old,2,At home,"Pour over, French press, Espresso",,Pourover,Light,Fruity,Medium,Full caffeine,6.0,4.0,3.0,2.0,5.0,Coffee D,$20-$40,Male,Bachelor's degree,Employed part-time
LdMLXG,25-34 years old,2,"At the office, At home, At a cafe, On the go",Pour over,Specialty coffee shop,Pourover,Light,Bright,Somewhat strong,Full caffeine,7.0,3.0,2.0,1.0,5.0,Coffee D,$80-$100,Male,Master's degree,Employed full-time
RzByZP,35-44 years old,2,At home,Pour over,,Pourover,Light,Fruity,Somewhat strong,Full caffeine,8.0,4.0,2.0,4.0,5.0,Coffee D,$40-$60,Male,,
42NVvB,25-34 years old,Less than 1,"At the office, At a cafe",,,Cappuccino,Light,Sweet,Somewhat light,Decaf,1.0,3.0,3.0,1.0,4.0,Coffee D,<$20,Female,Bachelor's degree,Employed full-time
GrBAqO,25-34 years old,3,"On the go, At home, At the office, At a cafe","Pour over, French press, Espresso, Bean-to-cup machine","Local cafe, Specialty coffee shop",Cortado,Light,Juicy,Somewhat strong,Full caffeine,7.0,2.0,3.0,3.0,4.0,Coffee D,>$100,Male,Some college or associate's degree,Employed full-time
BGbWj4,25-34 years old,Less than 1,"At the office, At a cafe",,,Cappuccino,Dark,Bold,Somewhat strong,Full caffeine,2.0,1.0,4.0,2.0,2.0,Coffee A,$80-$100,Female,Bachelor's degree,Employed full-time
BGbWB7,18-24 years old,1,At home,Pour over,,Latte,Medium,Fruity,Somewhat strong,Full caffeine,1.0,5.0,3.0,3.0,3.0,Coffee A,$20-$40,Male,,
ylq5o6,25-34 years old,3,"At home, At a cafe, At the office","Pour over, Espresso, Bean-to-cup machine, Coffee extract (e.g. Cometeer)",,Cortado,Light,Fruity,Somewhat strong,Full caffeine,5.0,3.0,3.0,1.0,5.0,Coffee D,$20-$40,Male,Bachelor's degree,Employed full-time
J2kvLJ,35-44 years old,3,At home,Espresso,,Cappuccino,Medium,Nutty,Very strong,Full caffeine,7.0,4.0,2.0,5.0,2.0,Coffee C,>$100,Male,Master's degree,Employed full-time
42NVjb,45-54 years old,1,At home,Espresso,,Latte,Dark,Chocolatey,Somewhat strong,Full caffeine,7.0,1.0,5.0,4.0,2.0,Coffee B,$20-$40,Female,Bachelor's degree,Homemaker
bl4Q2E,45-54 years old,1,At home,"Coffee brewing machine (e.g. Mr. Coffee), Cold brew",,Regular drip coffee,Light,Bright,Medium,Full caffeine,4.0,3.0,3.0,3.0,5.0,Coffee D,$20-$40,Male,Master's degree,Employed full-time
5dqPev,25-34 years old,1,"At home, At a cafe","Pour over, Pod/capsule machine (e.g. Keurig/Nespresso), Cold brew",,Cappuccino,Italian,Full Bodied,Somewhat strong,Decaf,4.0,1.0,4.0,2.0,3.0,Coffee B,$20-$40,Male,Master's degree,Employed full-time
6dQEvO,25-34 years old,3,At home,Other,,Other,Light,Juicy,Very strong,Full caffeine,8.0,4.0,2.0,3.0,5.0,Coffee D,$40-$60,Male,Bachelor's degree,Employed full-time
jB9ALR,18-24 years old,2,"At home, At the office, At a cafe, On the go","Coffee brewing machine (e.g. Mr. Coffee), Other","Local cafe, Specialty coffee shop",Latte,Light,Chocolatey,Somewhat strong,Full caffeine,3.0,5.0,3.0,2.0,4.0,Coffee A,$40-$60,Female,Master's degree,Student
9dJjpK,45-54 years old,2,At home,Other,,Pourover,Medium,Caramalized,Medium,Half caff,6.0,3.0,3.0,4.0,1.0,Coffee C,$40-$60,Male,Doctorate or professional degree,
LdMLE2,25-34 years old,1,At the office,,,Latte,Medium,Nutty,Somewhat strong,Full caffeine,5.0,1.0,5.0,4.0,1.0,Coffee B,$20-$40,Female,Bachelor's degree,Student
xdN54E,25-34 years old,1,At the office,,,Cappuccino,Medium,Chocolatey,Medium,Full caffeine,5.0,1.0,5.0,4.0,3.0,Coffee B,$60-$80,Male,Bachelor's degree,Employed full-time
J2kvV7,25-34 years old,1,"At the office, At home, At a cafe","Pour over, Espresso",,Cortado,Light,Full Bodied,,Full caffeine,5.0,4.0,5.0,1.0,3.0,Coffee C,$20-$40,Male,Bachelor's degree,Unemployed
8dp46k,55-64 years old,3,"At home, At a cafe","Coffee brewing machine (e.g. Mr. Coffee), Pod/capsule machine (e.g. Keurig/Nespresso)",,Pourover,Dark,Nutty,Very strong,Full caffeine,5.0,1.0,5.0,5.0,2.0,Coffee B,$80-$100,Female,Some college or associate's degree,Employed full-time
1r2oD4,35-44 years old,2,At home,"Pour over, Other",,Pourover,Medium,Nutty,Somewhat strong,Full caffeine,4.0,1.0,3.0,3.0,2.0,Coffee B,$20-$40,Male,Bachelor's degree,Employed full-time
bl4QK0,18-24 years old,1,"At the office, At home, At a cafe","Pour over, Cold brew, Coffee brewing machine (e.g. Mr. Coffee), Other",,Cappuccino,Blonde,Full Bodied,Very strong,Full caffeine,4.0,2.0,5.0,3.0,4.0,Coffee B,$20-$40,Non-binary,Master's degree,Student
DVv6AX,18-24 years old,2,"At a cafe, At the office, At home","Pour over, French press",,Pourover,Light,Floral,Medium,Full caffeine,7.0,4.0,3.0,2.0,4.0,Coffee A,>$100,Male,Bachelor's degree,Employed full-time
QABlxk,25-34 years old,1,"At home, At the office, At a cafe, On the go","French press, Cold brew, Other","National chain (e.g. Starbucks, Dunkin), Drive-thru, Local cafe",Cortado,French,Full Bodied,Somewhat strong,Full caffeine,3.0,5.0,5.0,2.0,1.0,Coffee B,$80-$100,Non-binary,Master's degree,Employed part-time
aBrqjy,25-34 years old,2,"At home, At a cafe",Pour over,,Regular drip coffee,Light,Juicy,Somewhat light,Full caffeine,10.0,4.0,1.0,2.0,5.0,Coffee D,<$20,Male,Some college or associate's degree,Employed full-time
XeBP1e,18-24 years old,4,"At the office, At home","Pour over, Espresso",,Pourover,Light,Fruity,Somewhat strong,Full caffeine,8.0,3.0,3.0,3.0,5.0,Coffee D,>$100,Male,Bachelor's degree,Employed full-time
qbE1P2,25-34 years old,2,"At home, At a cafe, At the office","Pour over, Espresso, French press",,Pourover,Light,Fruity,Somewhat strong,Full caffeine,7.0,4.0,3.0,2.0,5.0,Coffee D,$60-$80,Male,Bachelor's degree,Employed full-time
9dJjlG,55-64 years old,2,"At home, At the office","Other, Pour over",,Latte,Blonde,Caramalized,Medium,Half caff,7.0,4.0,2.0,2.0,4.0,Coffee D,$60-$80,Male,Master's degree,Employed full-time
WApVPJ,25-34 years old,2,"At a cafe, At home, On the go, At the office","French press, Coffee brewing machine (e.g. Mr. Coffee)","Local cafe, National chain (e.g. Starbucks, Dunkin), Specialty coffee shop",Other,Dark,Chocolatey,Somewhat strong,Full caffeine,5.0,1.0,5.0,3.0,2.0,Coffee B,$60-$80,Male,Bachelor's degree,Employed full-time
jB9A5Y,25-34 years old,3,"At home, At the office","Pour over, Other",,Pourover,Light,Juicy,Somewhat strong,Full caffeine,7.0,5.0,3.0,2.0,4.0,Coffee A,$40-$60,Male,Master's degree,Student
OABMjA,25-34 years old,2,"On the go, At the office, At home","Pour over, Espresso, French press, Cold brew",Specialty coffee shop,Latte,Medium,Nutty,Somewhat strong,Half caff,8.0,4.0,4.0,3.0,3.0,Coffee A,$40-$60,Male,Bachelor's degree,Employed part-time
DVv6V5,45-54 years old,3,"At home, At the office","Bean-to-cup machine, Espresso",,Latte,Medium,Nutty,Somewhat strong,Full caffeine,8.0,3.0,5.0,4.0,2.0,Coffee B,$80-$100,Male,Some college or associate's degree,Employed full-time
XeBPMd,35-44 years old,2,"At home, At a cafe","Pour over, French press, Espresso",,Latte,Medium,Chocolatey,Somewhat strong,Full caffeine,4.0,2.0,4.0,1.0,1.0,Coffee B,$40-$60,Female,Bachelor's degree,Employed full-time
6dQEAo,55-64 years old,1,At home,Instant coffee,,Regular drip coffee,Dark,Full Bodied,Medium,Half caff,5.0,5.0,1.0,5.0,2.0,Coffee A,$20-$40,Female,Some college or associate's degree,Unemployed
jB9AG9,25-34 years old,1,"At home, On the go, At the office",Espresso,Specialty coffee shop,Espresso,Light,Fruity,Medium,Full caffeine,8.0,3.0,4.0,2.0,5.0,Coffee D,$20-$40,Female,Bachelor's degree,Employed full-time
pLPpVV,18-24 years old,More than 4,"At home, At a cafe","Pour over, French press, Espresso",,Pourover,Light,Juicy,Medium,Full caffeine,8.0,4.0,3.0,1.0,5.0,Coffee D,$60-$80,Male,High school graduate,Employed full-time
rlrMYo,45-54 years old,3,At home,Other,,Latte,Medium,Nutty,Somewhat strong,Full caffeine,5.0,2.0,,,,,,,,
5dqPpQ,25-34 years old,3,At home,"Pour over, Espresso",,Americano,Light,Fruity,Medium,Full caffeine,8.0,2.0,4.0,1.0,5.0,Coffee D,$20-$40,Male,Bachelor's degree,Employed full-time
rlrMbN,25-34 years old,2,At home,"Pour over, Espresso",,Regular drip coffee,Medium,Nutty,Somewhat strong,Full caffeine,,,,,,,,,,
zKQ51g,18-24 years old,1,"At a cafe, At home, At the office","Pour over, Coffee brewing machine (e.g. Mr. Coffee)",,Pourover,Medium,Full Bodied,Somewhat strong,Full caffeine,3.0,2.0,4.0,2.0,1.0,Coffee B,$20-$40,Female,Bachelor's degree,Employed full-time
7d9rp2,35-44 years old,2,At the office,,,Latte,Medium,Chocolatey,Medium,Full caffeine,3.0,3.0,4.0,3.0,4.0,Coffee B,$20-$40,Female,Master's degree,Employed full-time
5dqPMQ,18-24 years old,2,"At the office, At home","Pour over, Espresso, French press",,Cortado,Medium,Fruity,Medium,Full caffeine,2.0,4.0,3.0,2.0,5.0,Coffee D,$20-$40,Female,Bachelor's degree,Employed full-time
9dJjrE,25-34 years old,1,"At home, At a cafe","Pour over, Other",,Regular drip coffee,Medium,Nutty,Somewhat strong,Full caffeine,6.0,1.0,4.0,2.0,4.0,Coffee D,$20-$40,Male,Bachelor's degree,Employed full-time
MAdp78,25-34 years old,1,At the office,,,Cortado,Light,Sweet,Somewhat strong,Full caffeine,5.0,2.0,3.0,4.0,5.0,Coffee D,$20-$40,Male,Master's degree,Employed full-time
kYRBpo,35-44 years old,2,On the go,,"National chain (e.g. Starbucks, Dunkin)",Cold brew,Dark,Caramalized,Somewhat strong,Full caffeine,4.0,3.0,2.0,4.0,1.0,Coffee C,,,,
pLPpz1,18-24 years old,Less than 1,"At a cafe, At home","French press, Espresso",,Other,Light,Fruity,Somewhat strong,Full caffeine,7.0,5.0,3.0,3.0,4.0,Coffee A,$20-$40,Non-binary,Some college or associate's degree,Student
KMBKgX,25-34 years old,2,At the office,,,Pourover,Light,Juicy,Medium,Full caffeine,4.0,4.0,2.0,3.0,5.0,Coffee D,$60-$80,Male,Doctorate or professional degree,Employed full-time
QABlk1,18-24 years old,Less than 1,None of these,,,Espresso,Light,Sweet,Weak,Decaf,1.0,3.0,1.0,3.0,4.0,Coffee A,<$20,Female,Some college or associate's degree,Student
XeBPzz,25-34 years old,1,At home,Pour over,,Pourover,Light,Floral,Somewhat strong,Full caffeine,7.0,5.0,2.0,3.0,2.0,Coffee A,,,,
8dp4gP,35-44 years old,,At home,Espresso,,Espresso,Medium,Nutty,Medium,Full caffeine,6.0,,,,,,,,,
PABJ41,45-54 years old,1,At home,Pour over,,Regular drip coffee,Light,Fruity,Medium,Full caffeine,4.0,3.0,2.0,3.0,5.0,Coffee D,$20-$40,Male,Some college or associate's degree,Employed full-time
QABlO1,>65 years old,1,At home,"Pour over, Cold brew",,Latte,Medium,Floral,Medium,Full caffeine,7.0,3.0,2.0,4.0,2.0,Coffee C,$20-$40,Male,Doctorate or professional degree,Retired
RzByjK,35-44 years old,2,At home,"Pour over, French press",,Regular drip coffee,Light,Floral,Medium,Full caffeine,6.0,4.0,2.0,2.0,4.0,Coffee A,$60-$80,Male,Master's degree,Unemployed
kYRBrr,35-44 years old,3,At home,"Pour over, Espresso, Coffee brewing machine (e.g. Mr. Coffee)",,Pourover,Medium,Bright,Somewhat strong,Full caffeine,5.0,2.0,3.0,4.0,4.0,Coffee C,$20-$40,Male,Master's degree,Employed full-time
PABJGx,35-44 years old,2,At home,"Espresso, Pour over",,Espresso,Nordic,Floral,Very strong,Full caffeine,8.0,3.0,1.0,1.0,3.0,Coffee D,>$100,Male,Doctorate or professional degree,Employed full-time
vNx5gl,25-34 years old,1,"At home, At a cafe",Pour over,,Latte,Light,Fruity,Somewhat strong,Full caffeine,6.0,2.0,3.0,3.0,5.0,Coffee A,$40-$60,Male,Bachelor's degree,Unemployed
eBxWzx,25-34 years old,3,"At home, At a cafe","Pour over, Coffee brewing machine (e.g. Mr. Coffee)",,Latte,Light,Fruity,Somewhat light,Full caffeine,5.0,4.0,3.0,3.0,5.0,Coffee D,$60-$80,Male,Some college or associate's degree,Employed full-time
WApVZe,25-34 years old,Less than 1,"At a cafe, On the go, At home","Espresso, Coffee brewing machine (e.g. Mr. Coffee), Pour over, French press, Cold brew",Specialty coffee shop,Latte,Light,Full Bodied,Somewhat strong,Full caffeine,3.0,5.0,3.0,3.0,4.0,Coffee A,$20-$40,Non-binary,Bachelor's degree,Employed full-time
Albeae,35-44 years old,1,At home,Espresso,,Latte,Italian,Chocolatey,Medium,Full caffeine,6.0,3.0,4.0,5.0,2.0,Coffee C,$20-$40,Male,Master's degree,Employed full-time
lNlkMX,35-44 years old,2,At home,Espresso,,Cappuccino,Medium,Chocolatey,Medium,Full caffeine,8.0,4.0,2.0,3.0,5.0,Coffee D,$40-$60,Female,Some college or associate's degree,Employed full-time
OABMVa,35-44 years old,1,"At home, At a cafe","Coffee brewing machine (e.g. Mr. Coffee), Cold brew",,Regular drip coffee,Medium,Nutty,Medium,Full caffeine,5.0,4.0,3.0,5.0,2.0,Coffee C,$20-$40,Male,Bachelor's degree,Employed full-time
XeBP2z,25-34 years old,1,At home,Other,,Pourover,Light,Fruity,Somewhat strong,Full caffeine,7.0,5.0,3.0,3.0,4.0,Coffee A,$20-$40,Male,Bachelor's degree,Employed full-time
eBxWpl,55-64 years old,3,"At the office, At home",Pour over,,Latte,Medium,Bold,Medium,Full caffeine,3.0,1.0,3.0,1.0,1.0,Coffee B,$20-$40,Female,Bachelor's degree,Employed full-time
EPb7gB,18-24 years old,2,At home,"Pour over, Coffee brewing machine (e.g. Mr. Coffee), Cold brew",,Regular drip coffee,Medium,Caramalized,Very strong,Full caffeine,2.0,5.0,3.0,3.0,4.0,Coffee A,,Male,High school graduate,Unemployed
RzBy2K,35-44 years old,3,"At home, At the office","Cold brew, Espresso, French press",,Espresso,Dark,Bold,Very strong,Full caffeine,8.0,4.0,5.0,3.0,3.0,Coffee B,$40-$60,Male,Doctorate or professional degree,Employed full-time
1r2oBg,35-44 years old,3,At home,,,Americano,Light,Juicy,Medium,Half caff,6.0,3.0,2.0,4.0,5.0,,,,,
GrBAjZ,25-34 years old,3,"At home, At the office","Espresso, Coffee brewing machine (e.g. Mr. Coffee)",,Regular drip coffee,Dark,Full Bodied,Very strong,Full caffeine,3.0,4.0,3.0,3.0,4.0,Coffee A,$40-$60,Male,Bachelor's degree,Employed full-time
KMBKaD,35-44 years old,4,At home,"Pour over, Espresso",,Pourover,Medium,Chocolatey,Medium,Full caffeine,6.0,5.0,3.0,3.0,5.0,Coffee C,$20-$40,Male,Bachelor's degree,Employed full-time
ZdRrQV,35-44 years old,Less than 1,At home,Coffee brewing machine (e.g. Mr. Coffee),,Regular drip coffee,Medium,Bold,Somewhat strong,Full caffeine,3.0,3.0,4.0,5.0,1.0,Coffee C,<$20,Female,Bachelor's degree,Employed full-time
1r2oRg,25-34 years old,2,At home,Other,,Regular drip coffee,Medium,Bright,Somewhat strong,Full caffeine,6.0,4.0,3.0,3.0,5.0,Coffee D,$20-$40,Male,High school graduate,Unemployed
kYRBkZ,25-34 years old,1,"At home, At a cafe","French press, Cold brew",,Latte,Medium,Chocolatey,Medium,Full caffeine,5.0,3.0,4.0,2.0,1.0,Coffee B,$20-$40,Female,Bachelor's degree,Employed part-time
oAVLzb,18-24 years old,2,"At home, At a cafe, At the office","Pour over, Other",,Pourover,Light,Fruity,Somewhat strong,Full caffeine,7.0,5.0,1.0,3.0,5.0,Coffee D,$20-$40,Male,,
aBrqzZ,18-24 years old,Less than 1,At home,Pour over,,Cortado,Light,Fruity,Somewhat strong,Full caffeine,2.0,4.0,5.0,3.0,4.0,Coffee B,<$20,Non-binary,Bachelor's degree,Employed full-time
rlrMvX,35-44 years old,2,"At home, At the office","Pour over, French press",,Pourover,Light,Fruity,Medium,Full caffeine,5.0,4.0,4.0,2.0,3.0,Coffee A,$20-$40,Male,Bachelor's degree,Employed full-time
EPb76l,25-34 years old,2,At home,"Pour over, Espresso",,Espresso,Medium,Sweet,Somewhat strong,Full caffeine,7.0,2.0,4.0,2.0,5.0,Coffee D,$40-$60,Male,Bachelor's degree,Employed full-time
24xGDM,35-44 years old,1,At home,Coffee brewing machine (e.g. Mr. Coffee),,Regular drip coffee,Medium,Full Bodied,Somewhat strong,Full caffeine,7.0,4.0,3.0,2.0,4.0,Coffee A,$60-$80,Male,Bachelor's degree,Employed full-time
7d9rPa,35-44 years old,1,At the office,,,Americano,Dark,Chocolatey,Somewhat strong,Full caffeine,5.0,4.0,2.0,4.0,3.0,Coffee B,<$20,Male,Bachelor's degree,Employed full-time
DVv69R,25-34 years old,2,"At home, At a cafe","Espresso, Pour over",,Pourover,Light,Fruity,Medium,Full caffeine,7.0,5.0,3.0,2.0,3.0,Coffee A,$40-$60,Male,Bachelor's degree,Employed full-time
42NVdA,25-34 years old,2,"At home, At a cafe, At the office","French press, Espresso",,Latte,Medium,Caramalized,Medium,Full caffeine,8.0,4.0,3.0,2.0,3.0,Coffee A,$20-$40,Male,Bachelor's degree,Employed full-time
g5N6OP,35-44 years old,2,"At home, At a cafe",Pour over,,Pourover,Light,Fruity,Somewhat light,Full caffeine,7.0,3.0,3.0,2.0,5.0,Coffee D,>$100,Male,High school graduate,Employed full-time
J2kvZR,25-34 years old,2,At home,Espresso,,Espresso,Medium,Full Bodied,Somewhat strong,Full caffeine,5.0,3.0,4.0,5.0,2.0,Coffee C,$60-$80,Male,Bachelor's degree,Employed full-time
RzBylj,45-54 years old,2,"At home, On the go, At a cafe",Coffee brewing machine (e.g. Mr. Coffee),"National chain (e.g. Starbucks, Dunkin), Local cafe",Latte,Medium,Nutty,Medium,Half caff,7.0,3.0,5.0,3.0,1.0,Coffee B,$80-$100,Female,Master's degree,Employed full-time
qbE1zO,25-34 years old,2,"At home, At the office",Pour over,,Regular drip coffee,Light,Juicy,Somewhat strong,Full caffeine,7.0,5.0,2.0,2.0,5.0,Coffee B,$20-$40,Other (please specify),Bachelor's degree,Employed full-time
jB9AEQ,25-34 years old,2,At home,"Pour over, Espresso",,Pourover,Light,Bright,Somewhat light,Full caffeine,8.0,4.0,2.0,2.0,4.0,Coffee A,$40-$60,Male,Master's degree,Employed full-time
xdN5ov,18-24 years old,1,"At home, At a cafe","French press, Pour over, Cold brew",,Other,Dark,Chocolatey,Somewhat strong,Full caffeine,5.0,2.0,3.0,4.0,5.0,Coffee D,$20-$40,Female,Bachelor's degree,Unemployed
9dJja5,25-34 years old,2,At home,Espresso,,Americano,Dark,Chocolatey,Somewhat strong,Full caffeine,6.0,2.0,4.0,3.0,1.0,Coffee B,$20-$40,Male,Master's degree,Employed full-time
EPb7N2,35-44 years old,1,At home,Pour over,,Cortado,Light,Caramalized,Medium,Full caffeine,6.0,4.0,2.0,5.0,3.0,Coffee C,,,,
kYRBQe,25-34 years old,2,"At home, At the office","Pour over, Other",,Cappuccino,Light,Bright,Somewhat strong,Full caffeine,7.0,5.0,3.0,3.0,4.0,Coffee A,$80-$100,Male,Doctorate or professional degree,Employed full-time
24xGVD,35-44 years old,2,At home,Pour over,,Latte,Medium,Nutty,Somewhat strong,Full caffeine,8.0,2.0,2.0,5.0,4.0,Coffee C,$20-$40,Female,Some college or associate's degree,Employed full-time
VZ1O46,25-34 years old,4,"At the office, At home, At a cafe","French press, Espresso, Pour over",,Latte,Light,Full Bodied,Medium,Full caffeine,6.0,4.0,3.0,3.0,4.0,Coffee A,$40-$60,Male,Bachelor's degree,Employed full-time
PABJee,25-34 years old,2,"At home, At a cafe","Pour over, French press, Coffee brewing machine (e.g. Mr. Coffee), Pod/capsule machine (e.g. Keurig/Nespresso)",,Americano,Dark,Full Bodied,Somewhat strong,Full caffeine,6.0,3.0,4.0,3.0,2.0,Coffee B,$20-$40,Male,Master's degree,Employed full-time
eBxWYQ,35-44 years old,1,"At the office, At home",Other,,Latte,Light,Caramalized,Medium,Full caffeine,3.0,3.0,2.0,4.0,1.0,Coffee C,<$20,Female,Master's degree,Employed full-time
qbE1NO,45-54 years old,2,At home,"Coffee brewing machine (e.g. Mr. Coffee), Pour over",,Mocha,Medium,Chocolatey,Medium,Full caffeine,6.0,4.0,5.0,3.0,1.0,Coffee B,$20-$40,Male,Some college or associate's degree,Employed full-time
oAVLaP,35-44 years old,3,At home,French press,,Pourover,Light,Bright,Somewhat strong,Full caffeine,6.0,4.0,3.0,2.0,5.0,Coffee D,$20-$40,Male,Doctorate or professional degree,Employed full-time
LdMLgl,25-34 years old,2,"At home, At the office, At a cafe","French press, Espresso",,Americano,Light,Juicy,Somewhat strong,Full caffeine,5.0,4.0,2.0,3.0,3.0,Coffee A,$40-$60,Male,Master's degree,Employed full-time
ylq5zd,25-34 years old,3,"At home, At a cafe",Espresso,,Espresso,Light,Fruity,Somewhat strong,Full caffeine,8.0,3.0,2.0,3.0,5.0,Coffee D,$40-$60,Male,Doctorate or professional degree,Homemaker
NAB1EO,25-34 years old,1,At home,Pour over,,Pourover,Light,Fruity,Somewhat light,Full caffeine,6.0,4.0,2.0,1.0,5.0,Coffee C,$80-$100,Male,Bachelor's degree,Employed full-time
7d9rj0,25-34 years old,1,"At a cafe, At home","French press, Espresso",,Cortado,Medium,Nutty,Medium,Full caffeine,6.0,3.0,2.0,4.0,3.0,Coffee C,$40-$60,Female,,Employed full-time
ZdRrKB,35-44 years old,2,At home,Coffee brewing machine (e.g. Mr. Coffee),,Latte,Light,Bright,Medium,Full caffeine,6.0,5.0,3.0,2.0,4.0,Coffee A,$20-$40,Male,Doctorate or professional degree,Employed full-time
xdN56d,25-34 years old,1,At home,Pour over,,Mocha,Light,Fruity,Somewhat light,Full caffeine,5.0,5.0,3.0,2.0,4.0,Coffee A,$20-$40,Male,Master's degree,Employed full-time
rlrMg2,35-44 years old,3,At home,Coffee brewing machine (e.g. Mr. Coffee),,Latte,Light,Full Bodied,Somewhat strong,Full caffeine,5.0,1.0,5.0,4.0,4.0,Coffee B,$40-$60,Male,Bachelor's degree,Employed full-time
qbE1pg,35-44 years old,1,At home,Coffee brewing machine (e.g. Mr. Coffee),,Blended drink (e.g. Frappuccino),Blonde,Caramalized,Medium,Full caffeine,2.0,3.0,4.0,5.0,1.0,Coffee C,$20-$40,Female,Doctorate or professional degree,Employed full-time
pLPpXJ,25-34 years old,3,"At home, At a cafe","Pour over, Espresso",,Pourover,Light,Fruity,Medium,Full caffeine,7.0,5.0,1.0,1.0,4.0,Coffee A,$60-$80,Male,Bachelor's degree,Employed full-time
xdN5vk,25-34 years old,2,"At home, On the go","Pour over, Espresso, French press",Other,Pourover,Light,Caramalized,Somewhat strong,Full caffeine,6.0,3.0,5.0,4.0,1.0,Coffee B,$20-$40,Male,Some college or associate's degree,Homemaker
vNx5a0,25-34 years old,More than 4,"At the office, At a cafe, At home","Pour over, French press",,Cortado,Medium,Fruity,Somewhat strong,Full caffeine,6.0,4.0,3.0,2.0,3.0,Coffee A,>$100,Non-binary,Bachelor's degree,Employed full-time
LdML6J,35-44 years old,1,At home,Espresso,,Espresso,Light,Chocolatey,Somewhat strong,Full caffeine,8.0,4.0,4.0,3.0,2.0,Coffee A,$20-$40,Male,Master's degree,Employed full-time
bl4QML,35-44 years old,2,At home,"Pour over, Pod/capsule machine (e.g. Keurig/Nespresso)",,Espresso,Light,Sweet,Medium,Full caffeine,5.0,4.0,,,,Coffee B,,,,
6dQEyJ,35-44 years old,1,"At home, At a cafe",Espresso,,Latte,Medium,Sweet,Very strong,Full caffeine,1.0,5.0,1.0,2.0,4.0,Coffee A,$20-$40,Female,Doctorate or professional degree,Employed full-time
xdN5L5,25-34 years old,2,At home,"Pour over, Coffee brewing machine (e.g. Mr. Coffee), Espresso",,Pourover,Light,Fruity,Somewhat light,Full caffeine,6.0,3.0,1.0,2.0,4.0,Coffee D,$60-$80,Male,Bachelor's degree,Employed full-time
OABMra,25-34 years old,1,At home,Pour over,,Regular drip coffee,Light,Sweet,Somewhat light,Full caffeine,5.0,3.0,4.0,3.0,3.0,Coffee B,$20-$40,Male,Master's degree,Employed full-time
jB9AgQ,18-24 years old,1,At home,French press,,Cappuccino,Light,Chocolatey,Somewhat strong,Full caffeine,4.0,3.0,4.0,4.0,4.0,Coffee B,$20-$40,Non-binary,Some college or associate's degree,Employed part-time
EPb7AB,25-34 years old,3,"At home, On the go, At a cafe, At the office",Cold brew,"National chain (e.g. Starbucks, Dunkin)",Cold brew,Medium,Full Bodied,Very strong,Full caffeine,1.0,4.0,3.0,2.0,1.0,Coffee A,$80-$100,Female,Bachelor's degree,Employed full-time
GrBAQO,35-44 years old,2,At home,"Pour over, Espresso",,Espresso,Light,Fruity,Medium,Full caffeine,5.0,5.0,3.0,2.0,4.0,Coffee A,$80-$100,Male,Some college or associate's degree,Employed full-time
lNlk9v,25-34 years old,2,At home,"Pour over, Coffee brewing machine (e.g. Mr. Coffee)",,Regular drip coffee,Light,Juicy,Somewhat strong,Full caffeine,5.0,3.0,2.0,4.0,5.0,Coffee D,$60-$80,Male,Bachelor's degree,Employed full-time
eBxWox,35-44 years old,3,At home,Pod/capsule machine (e.g. Keurig/Nespresso),,Americano,Medium,Caramalized,Weak,Half caff,2.0,1.0,3.0,4.0,1.0,Coffee C,<$20,Female,Master's degree,Employed full-time
VZ1OyM,18-24 years old,1,At the office,,,Cappuccino,Medium,Bold,Medium,Full caffeine,6.0,2.0,4.0,3.0,4.0,Coffee B,<$20,Male,Some college or associate's degree,Student
KMBKNV,25-34 years old,1,At home,Other,,Regular drip coffee,Medium,Full Bodied,Medium,Full caffeine,3.0,4.0,5.0,3.0,3.0,Coffee B,$20-$40,Male,Bachelor's degree,Employed full-time
OABMyY,55-64 years old,2,At home,"Pour over, French press",,Pourover,Light,Full Bodied,Somewhat light,Full caffeine,5.0,3.0,5.0,4.0,2.0,Coffee D,$40-$60,Male,Bachelor's degree,Retired
WApVjR,18-24 years old,1,At home,Espresso,,Latte,Medium,Sweet,Somewhat strong,Full caffeine,5.0,1.0,2.0,5.0,4.0,Coffee D,$20-$40,Male,Master's degree,Employed full-time
OABMKR,25-34 years old,2,"At home, At the office",Pour over,,Pourover,Medium,Caramalized,Very strong,Full caffeine,6.0,1.0,5.0,3.0,4.0,Coffee B,$20-$40,Male,Master's degree,Employed full-time
YZzlyW,25-34 years old,4,At home,"Espresso, Pour over",,Americano,Nordic,Bright,Medium,Full caffeine,7.0,4.0,3.0,2.0,5.0,Coffee D,,,,
BGbWVK,25-34 years old,2,"At the office, At home, On the go, At a cafe",Espresso,"National chain (e.g. Starbucks, Dunkin), Local cafe",Latte,Dark,Bold,Somewhat strong,Full caffeine,3.0,4.0,3.0,5.0,1.0,Coffee C,$20-$40,,,
XeBPyL,25-34 years old,3,"At home, At the office, On the go","Pour over, Espresso",Specialty coffee shop,Regular drip coffee,Light,Full Bodied,Medium,Full caffeine,8.0,2.0,4.0,3.0,4.0,Coffee B,$80-$100,Male,Bachelor's degree,Employed full-time
VZ1OBg,25-34 years old,1,At home,Espresso,,Cortado,Medium,Fruity,Medium,Half caff,4.0,3.0,2.0,4.0,5.0,Coffee D,$40-$60,Male,Master's degree,Employed full-time
1r2ox1,25-34 years old,Less than 1,"At home, On the go","Pour over, French press","Local cafe, National chain (e.g. Starbucks, Dunkin)",Cappuccino,Medium,Caramalized,Medium,Full caffeine,4.0,2.0,4.0,5.0,1.0,Coffee C,<$20,Female,Master's degree,Employed full-time
LdMLVl,25-34 years old,1,"At home, At a cafe","Pour over, Coffee brewing machine (e.g. Mr. Coffee), Cold brew",,Latte,Light,Fruity,Somewhat light,Full caffeine,6.0,4.0,3.0,5.0,5.0,Coffee B,$20-$40,Female,Some college or associate's degree,Employed full-time
oAVLQO,25-34 years old,2,At home,"Espresso, Pour over, Cold brew",,Pourover,Light,Floral,Somewhat strong,Half caff,8.0,4.0,2.0,5.0,5.0,Coffee C,$20-$40,Male,Bachelor's degree,Employed full-time
pLPpNJ,18-24 years old,Less than 1,None of these,,,Pourover,Light,Bright,Somewhat strong,Full caffeine,7.0,4.0,2.0,1.0,5.0,Coffee D,<$20,Male,Master's degree,Student
eBxWPk,25-34 years old,2,"At home, At the office",Espresso,,Espresso,Light,Bright,Somewhat strong,Full caffeine,6.0,4.0,3.0,4.0,1.0,Coffee C,$20-$40,Male,Bachelor's degree,Employed full-time
VZ1Oxj,18-24 years old,Less than 1,At home,Pour over,,Blended drink (e.g. Frappuccino),Medium,Sweet,Somewhat strong,Full caffeine,1.0,2.0,4.0,5.0,3.0,Coffee C,<$20,Male,Some college or associate's degree,Student
zKQ54R,25-34 years old,2,"At the office, At home","Pour over, Espresso, Cold brew",,Pourover,Light,Juicy,Somewhat strong,Full caffeine,7.0,3.0,2.0,2.0,4.0,Coffee D,$40-$60,Male,Bachelor's degree,Employed full-time
Albeyl,35-44 years old,2,"At home, At the office",Pour over,,Regular drip coffee,Medium,Chocolatey,Very strong,Full caffeine,6.0,2.0,5.0,4.0,3.0,Coffee B,,Male,Master's degree,Employed full-time
eBxWyl,25-34 years old,1,At home,"Espresso, Pour over",,Cortado,Light,Fruity,Medium,Full caffeine,7.0,5.0,3.0,2.0,4.0,Coffee A,$40-$60,Male,Bachelor's degree,Employed full-time
rlrM1R,35-44 years old,1,At home,Pod/capsule machine (e.g. Keurig/Nespresso),,Iced coffee,Dark,Chocolatey,Very strong,Full caffeine,2.0,1.0,4.0,3.0,1.0,Coffee B,$40-$60,Male,Bachelor's degree,Unemployed
24xGZD,18-24 years old,2,"At home, At a cafe",Pour over,,Pourover,Nordic,Bright,Somewhat strong,Full caffeine,8.0,3.0,2.0,1.0,4.0,Coffee D,$80-$100,Male,Bachelor's degree,Unemployed
VZ1Oyy,25-34 years old,Less than 1,"At home, At a cafe",Pour over,,Cappuccino,Light,Fruity,Somewhat light,Full caffeine,3.0,2.0,3.0,4.0,3.0,Coffee C,$20-$40,Male,Bachelor's degree,Employed full-time
XeBPdg,35-44 years old,1,"At the office, At home","Pour over, Other",,Pourover,Light,Bright,Somewhat strong,Full caffeine,6.0,4.0,3.0,3.0,4.0,Coffee D,$40-$60,Male,Bachelor's degree,Employed full-time
rlrMRN,45-54 years old,2,At home,Espresso,,Americano,Medium,Full Bodied,Somewhat strong,Full caffeine,6.0,2.0,4.0,5.0,1.0,Coffee C,>$100,Male,Master's degree,Employed full-time
6dQEGk,45-54 years old,2,At home,Espresso,,Latte,Medium,Bright,Very strong,Full caffeine,7.0,3.0,3.0,4.0,3.0,Coffee C,$20-$40,Male,Bachelor's degree,Employed part-time
EPb7YB,25-34 years old,1,At home,"Pour over, Espresso",,Pourover,Light,Floral,Somewhat strong,Full caffeine,6.0,1.0,4.0,3.0,2.0,Coffee B,$20-$40,Female,Master's degree,Employed full-time
7d9rEa,55-64 years old,2,At home,French press,,Latte,Medium,Nutty,Medium,Full caffeine,4.0,3.0,4.0,4.0,1.0,Coffee C,$40-$60,Female,Bachelor's degree,Homemaker
ylq5Rx,25-34 years old,2,"On the go, At home, At the office",Pour over,Specialty coffee shop,Pourover,Light,Juicy,Somewhat strong,Full caffeine,8.0,5.0,2.0,2.0,4.0,Coffee A,$20-$40,Male,Master's degree,Student
MAdpgk,55-64 years old,1,At home,Espresso,,Espresso,Medium,Bright,Somewhat strong,Full caffeine,6.0,5.0,4.0,3.0,4.0,Coffee A,$20-$40,Male,Master's degree,Employed full-time
g5N6vJ,35-44 years old,1,"At home, At a cafe","Pour over, French press, Espresso, Cold brew",,Espresso,Medium,Fruity,Very strong,Full caffeine,7.0,4.0,3.0,3.0,5.0,Coffee D,$40-$60,Male,Bachelor's degree,Employed full-time
0EjRlB,35-44 years old,3,"At home, At the office",Pour over,,Regular drip coffee,Light,Full Bodied,Medium,Half caff,6.0,2.0,1.0,5.0,1.0,Coffee C,$20-$40,Male,Doctorate or professional degree,Employed full-time
9dJjPQ,25-34 years old,2,"At home, At the office, At a cafe","Pour over, Espresso, Coffee brewing machine (e.g. Mr. Coffee)",,Regular drip coffee,Light,Fruity,Medium,Full caffeine,8.0,4.0,1.0,2.0,5.0,Coffee D,$60-$80,Male,Bachelor's degree,Student
AlbeND,18-24 years old,1,At home,"Pour over, Espresso, Other",,Latte,Light,Fruity,Somewhat light,Full caffeine,6.0,3.0,2.0,2.0,5.0,Coffee D,$20-$40,Male,Bachelor's degree,Employed full-time
OABMkM,25-34 years old,2,At home,"Espresso, Pour over, Cold brew",,Espresso,Light,Fruity,Very strong,Full caffeine,5.0,4.0,2.0,3.0,5.0,Coffee D,$80-$100,Female,Master's degree,Student
zKQ5dk,55-64 years old,2,At home,Espresso,,Espresso,Medium,Bold,Medium,Full caffeine,1.0,3.0,5.0,2.0,1.0,Coffee B,<$20,Female,Doctorate or professional degree,Employed part-time
7d9rgR,35-44 years old,3,"At home, At the office","Espresso, Coffee brewing machine (e.g. Mr. Coffee)",,Regular drip coffee,Light,Sweet,Medium,Full caffeine,6.0,5.0,5.0,5.0,5.0,Coffee D,$40-$60,Male,Bachelor's degree,Employed full-time
vNx5pl,18-24 years old,1,"At a cafe, At home","Cold brew, Other, Pour over, Coffee brewing machine (e.g. Mr. Coffee), Pod/capsule machine (e.g. Keurig/Nespresso)",,Cold brew,Light,Fruity,Somewhat strong,Full caffeine,7.0,3.0,2.0,4.0,5.0,Coffee D,$20-$40,Male,Master's degree,Student
EPb7e4,18-24 years old,2,"At home, At a cafe","Espresso, French press",,Cappuccino,Medium,Chocolatey,Somewhat strong,Full caffeine,7.0,2.0,4.0,4.0,4.0,Coffee A,$40-$60,Male,Bachelor's degree,Employed full-time
DVv6PZ,25-34 years old,2,"At home, At a cafe","Pour over, Espresso",,Cold brew,Light,Fruity,Medium,Full caffeine,7.0,2.0,3.0,5.0,2.0,Coffee C,$20-$40,Male,Master's degree,Employed full-time
MAdpPk,18-24 years old,2,"At the office, At home","Espresso, Pod/capsule machine (e.g. Keurig/Nespresso), Other",,Cortado,Medium,Caramalized,Somewhat strong,Full caffeine,7.0,4.0,5.0,4.0,5.0,Coffee B,$20-$40,Male,High school graduate,Employed full-time
ylq5rg,18-24 years old,Less than 1,"At the office, At home","Coffee brewing machine (e.g. Mr. Coffee), Pour over",,Latte,Medium,Caramalized,Medium,Full caffeine,5.0,2.0,4.0,4.0,4.0,Coffee C,<$20,Male,Master's degree,Employed full-time
24xG7M,25-34 years old,1,"On the go, At home","Pour over, Coffee brewing machine (e.g. Mr. Coffee)","Specialty coffee shop, Local cafe",Pourover,Light,Caramalized,Somewhat light,Full caffeine,10.0,5.0,2.0,3.0,5.0,Coffee A,$60-$80,Female,High school graduate,Employed full-time
bl4Qz6,25-34 years old,1,At home,"Pour over, Other",,Pourover,Medium,Sweet,Somewhat strong,Full caffeine,6.0,4.0,3.0,5.0,2.0,Coffee C,$20-$40,Non-binary,Bachelor's degree,Employed full-time
6dQE9Y,35-44 years old,2,"At the office, At home, On the go",Other,Local cafe,Cortado,Light,Caramalized,Somewhat strong,Full caffeine,6.0,4.0,3.0,3.0,1.0,Coffee A,$20-$40,Male,Doctorate or professional degree,Employed full-time
eBxWvQ,35-44 years old,2,"At home, On the go",Other,Local cafe,Cortado,Light,Fruity,Medium,Full caffeine,7.0,5.0,3.0,2.0,4.0,Coffee A,$60-$80,Male,Some college or associate's degree,Employed full-time
ZdRrXo,25-34 years old,1,At home,Other,,Pourover,Light,Fruity,Somewhat strong,Full caffeine,7.0,3.0,3.0,5.0,3.0,Coffee A,$20-$40,Male,Bachelor's degree,Employed full-time
24xGy9,35-44 years old,1,"At home, On the go",Espresso,Specialty coffee shop,Latte,Medium,Chocolatey,Somewhat strong,Full caffeine,5.0,5.0,2.0,1.0,3.0,Coffee A,$40-$60,Female,Bachelor's degree,Employed part-time
xdN57r,35-44 years old,1,"At home, At the office","Espresso, Pour over, Bean-to-cup machine, French press",,Espresso,Medium,Chocolatey,Medium,Full caffeine,7.0,2.0,4.0,3.0,3.0,Coffee B,<$20,Male,Some college or associate's degree,Employed full-time
lNlkXk,35-44 years old,2,At home,Pour over,,Americano,Medium,Chocolatey,Somewhat strong,Full caffeine,4.0,2.0,4.0,3.0,5.0,Coffee D,<$20,Male,Master's degree,Employed full-time
9dJjyV,35-44 years old,2,"At home, At the office","Pour over, Espresso",,Cappuccino,Light,Fruity,Somewhat strong,Full caffeine,7.0,3.0,2.0,4.0,5.0,Coffee D,$40-$60,Male,Bachelor's degree,Employed full-time
RzBy19,25-34 years old,2,At home,"Pour over, French press",,Pourover,Light,Juicy,Somewhat light,Full caffeine,4.0,4.0,3.0,2.0,5.0,Coffee D,$40-$60,Male,,
J2kvgK,25-34 years old,1,At home,"Pour over, Espresso",,Espresso,Light,Juicy,Very strong,Full caffeine,6.0,3.0,3.0,2.0,4.0,Coffee D,$20-$40,Male,Doctorate or professional degree,Employed full-time
J2kvbo,25-34 years old,2,"At the office, At home","Pour over, French press, Espresso",,Pourover,Light,Fruity,Medium,Full caffeine,7.0,4.0,3.0,2.0,3.0,Coffee A,$40-$60,Male,Bachelor's degree,Employed full-time
DVv6ZE,25-34 years old,1,"At home, At a cafe, On the go, At the office","Espresso, Bean-to-cup machine","Specialty coffee shop, National chain (e.g. Starbucks, Dunkin), Local cafe",Latte,Light,Fruity,Medium,Full caffeine,5.0,4.0,1.0,2.0,5.0,Coffee D,$40-$60,Non-binary,Master's degree,Student
aBrq1B,18-24 years old,2,"At home, At the office, At a cafe","Pour over, Espresso",,Cortado,Medium,Nutty,Somewhat strong,Full caffeine,7.0,4.0,3.0,5.0,4.0,Coffee C,,,,
XeBPvY,25-34 years old,2,At home,Espresso,,Cappuccino,Medium,Nutty,Somewhat strong,Full caffeine,6.0,2.0,3.0,2.0,1.0,Coffee B,<$20,Female,Bachelor's degree,Employed full-time
ZdRrAo,25-34 years old,1,"At home, At the office","Other, Pour over",,Pourover,Light,Fruity,Very strong,Full caffeine,8.0,3.0,3.0,2.0,5.0,Coffee D,$20-$40,Male,Master's degree,Employed full-time
NAB1O0,25-34 years old,3,At home,"Pour over, Coffee extract (e.g. Cometeer)",,Pourover,Light,Fruity,Somewhat strong,Full caffeine,7.0,5.0,3.0,2.0,5.0,Coffee D,$60-$80,Male,Bachelor's degree,Employed full-time
J2kvBr,25-34 years old,2,"At home, At a cafe","Pour over, Espresso",,Espresso,Light,Fruity,Medium,Full caffeine,6.0,4.0,2.0,3.0,5.0,Coffee D,$60-$80,Male,Bachelor's degree,Employed full-time
ylq5px,25-34 years old,2,At home,Coffee brewing machine (e.g. Mr. Coffee),,Iced coffee,Dark,Caramalized,Somewhat strong,Full caffeine,1.0,4.0,3.0,5.0,1.0,Coffee C,$20-$40,Female,Some college or associate's degree,Homemaker
KMBKRg,18-24 years old,2,At home,"Pour over, Espresso, French press",,Pourover,Medium,Chocolatey,Somewhat strong,Full caffeine,4.0,3.0,2.0,4.0,2.0,Coffee C,$40-$60,Male,Bachelor's degree,Employed part-time
OABMyg,25-34 years old,2,At home,"Pour over, Espresso",,Pourover,Nordic,Juicy,Medium,Full caffeine,8.0,4.0,2.0,2.0,4.0,Coffee D,$60-$80,Other (please specify),Bachelor's degree,Employed full-time
oAVLax,35-44 years old,2,"At home, At the office","Pour over, Espresso, Other",,Pourover,Light,Juicy,Somewhat strong,Full caffeine,7.0,5.0,2.0,3.0,4.0,Coffee A,$60-$80,Male,Bachelor's degree,Employed full-time
VZ1OXg,25-34 years old,2,"At home, At the office",Other,,Latte,Light,Fruity,Medium,Full caffeine,6.0,3.0,2.0,4.0,5.0,Coffee D,$40-$60,Female,Bachelor's degree,Student
WApVdv,25-34 years old,2,"At the office, At home","Espresso, Pour over",,Espresso,Light,Floral,Somewhat strong,Full caffeine,8.0,5.0,3.0,2.0,5.0,Coffee D,$40-$60,Male,Master's degree,Employed full-time
aBrqXB,25-34 years old,1,At home,"Pour over, French press",,Americano,Light,Chocolatey,Very strong,Full caffeine,5.0,1.0,2.0,4.0,3.0,Coffee C,,Female,Some college or associate's degree,
EPb7rr,18-24 years old,2,"On the go, At home","Pour over, Espresso","Local cafe, National chain (e.g. Starbucks, Dunkin)",Latte,Medium,Caramalized,Medium,Full caffeine,6.0,4.0,2.0,2.0,3.0,Coffee A,$60-$80,Female,Some college or associate's degree,Student
NAB1gO,25-34 years old,2,At home,Pour over,,Pourover,Light,Fruity,Somewhat strong,Full caffeine,6.0,5.0,3.0,2.0,4.0,Coffee A,$40-$60,Male,Some college or associate's degree,Employed full-time
XeBPkY,18-24 years old,3,"At the office, At home, On the go","Espresso, Coffee brewing machine (e.g. Mr. Coffee)","Specialty coffee shop, Local cafe",Espresso,Medium,Caramalized,Somewhat strong,Full caffeine,9.0,1.0,4.0,5.0,2.0,Coffee C,$20-$40,Male,Bachelor's degree,Student
vNx5Wg,35-44 years old,2,"At home, At the office, On the go","Pour over, Other",Specialty coffee shop,Pourover,Light,Fruity,Medium,Full caffeine,7.0,4.0,3.0,2.0,5.0,Coffee D,$40-$60,,,
LdMLOy,35-44 years old,1,At home,Pour over,,Cortado,Dark,Bold,Somewhat strong,Full caffeine,6.0,5.0,1.0,3.0,4.0,Coffee A,$20-$40,Female,Some college or associate's degree,Employed part-time
aBrqa2,25-34 years old,2,At home,"Pour over, Espresso",,Espresso,Medium,Fruity,Somewhat strong,Full caffeine,7.0,2.0,3.0,3.0,5.0,Coffee D,$40-$60,Male,Bachelor's degree,Employed full-time
WApVXN,18-24 years old,2,At home,"Espresso, Pod/capsule machine (e.g. Keurig/Nespresso)",,Cappuccino,Medium,Juicy,Medium,Full caffeine,7.0,4.0,2.0,3.0,4.0,Coffee D,$20-$40,Male,Bachelor's degree,Employed full-time
OABMeg,35-44 years old,3,"On the go, At home, At the office","Espresso, Pour over",Specialty coffee shop,Americano,Light,Sweet,Medium,Full caffeine,7.0,5.0,2.0,3.0,4.0,Coffee A,$20-$40,Male,Doctorate or professional degree,Employed full-time
NAB1xl,35-44 years old,2,"At home, At the office","Coffee brewing machine (e.g. Mr. Coffee), Cold brew, Espresso",,Latte,Light,Fruity,Somewhat strong,Full caffeine,6.0,1.0,4.0,3.0,5.0,Coffee D,$60-$80,Male,Some college or associate's degree,Employed full-time
dY2ekV,55-64 years old,2,At home,Pod/capsule machine (e.g. Keurig/Nespresso),,Blended drink (e.g. Frappuccino),Dark,Chocolatey,Very strong,Full caffeine,6.0,1.0,3.0,4.0,1.0,Coffee D,$80-$100,Female,Doctorate or professional degree,Employed full-time
LdMLBv,25-34 years old,2,"At home, On the go, At a cafe",Coffee brewing machine (e.g. Mr. Coffee),"National chain (e.g. Starbucks, Dunkin)",Latte,Medium,Chocolatey,Very strong,Full caffeine,6.0,1.0,3.0,4.0,4.0,Coffee C,$40-$60,Female,Bachelor's degree,Employed full-time
Albe0e,25-34 years old,1,"At a cafe, At home",Other,,Cappuccino,Medium,Chocolatey,Somewhat strong,Full caffeine,5.0,3.0,4.0,5.0,1.0,Coffee C,$20-$40,Female,Bachelor's degree,Employed full-time
eBxW8e,35-44 years old,2,At home,"Pour over, Pod/capsule machine (e.g. Keurig/Nespresso)",,Americano,Light,Fruity,Somewhat light,Full caffeine,7.0,4.0,4.0,3.0,5.0,Coffee D,$40-$60,Male,Bachelor's degree,Employed full-time
8dp4V5,35-44 years old,2,"At home, At the office","Pour over, Coffee brewing machine (e.g. Mr. Coffee), Cold brew",,Pourover,Light,Bright,Somewhat strong,Full caffeine,6.0,5.0,2.0,1.0,5.0,Coffee D,>$100,Male,Some college or associate's degree,Employed full-time
1r2ozp,18-24 years old,2,"At the office, At home, At a cafe","Pour over, Espresso",,Cappuccino,Light,Fruity,Somewhat strong,Full caffeine,7.0,4.0,3.0,2.0,5.0,Coffee D,$40-$60,Male,Bachelor's degree,Employed full-time
DVv6al,35-44 years old,2,At home,"Espresso, Coffee brewing machine (e.g. Mr. Coffee), Pod/capsule machine (e.g. Keurig/Nespresso)",,Cappuccino,Medium,Fruity,Very strong,Full caffeine,8.0,3.0,2.0,2.0,4.0,Coffee D,$40-$60,Male,Some college or associate's degree,Employed full-time
QABl4Y,18-24 years old,1,"At home, At a cafe",Pour over,,Cortado,Light,Floral,Medium,Full caffeine,6.0,5.0,3.0,2.0,3.0,Coffee A,$80-$100,Female,Bachelor's degree,Employed full-time
DVv6EZ,45-54 years old,2,At home,"Espresso, Pour over",,Latte,Light,Fruity,Somewhat strong,Full caffeine,6.0,4.0,1.0,2.0,5.0,Coffee D,$20-$40,Female,Doctorate or professional degree,Employed full-time
J2kvxR,25-34 years old,3,"At home, At the office","Pod/capsule machine (e.g. Keurig/Nespresso), Other",,Regular drip coffee,Light,Juicy,Somewhat strong,Full caffeine,4.0,1.0,5.0,2.0,3.0,Coffee B,$40-$60,Male,Master's degree,Employed full-time
eBxWGe,18-24 years old,1,At home,Pour over,,Latte,Light,Sweet,Medium,Full caffeine,2.0,3.0,3.0,4.0,5.0,Coffee D,$80-$100,Male,Some college or associate's degree,Student
KMBKA8,35-44 years old,1,"At home, At the office",Pour over,,Pourover,Light,Bright,Very strong,Full caffeine,6.0,5.0,4.0,2.0,5.0,Coffee C,$60-$80,Male,Master's degree,Employed full-time
DVv6Wl,25-34 years old,2,"At home, At a cafe, On the go",Pour over,"Specialty coffee shop, National chain (e.g. Starbucks, Dunkin)",Espresso,Light,Fruity,Very strong,Full caffeine,7.0,5.0,2.0,1.0,5.0,Coffee A,$40-$60,Male,Master's degree,Employed full-time
QABlyG,25-34 years old,Less than 1,At home,"Pour over, French press",,Pourover,Light,Juicy,Somewhat strong,Full caffeine,5.0,4.0,2.0,3.0,5.0,Coffee D,<$20,Male,Master's degree,Employed full-time
pLPp58,35-44 years old,3,"At home, At a cafe",Pour over,,Pourover,Light,Fruity,Very strong,Full caffeine,8.0,3.0,4.0,3.0,5.0,Coffee D,$40-$60,Male,Some college or associate's degree,Employed full-time
VZ1Oqj,25-34 years old,1,At home,Pour over,,Pourover,Light,Fruity,Somewhat strong,Full caffeine,6.0,4.0,3.0,2.0,5.0,Coffee D,$20-$40,Female,Bachelor's degree,Unemployed
XeBPNP,35-44 years old,1,At home,Espresso,,Iced coffee,Blonde,Chocolatey,Somewhat strong,Full caffeine,2.0,2.0,3.0,4.0,2.0,Coffee C,$20-$40,Female,Bachelor's degree,Employed part-time
jB9Aq4,25-34 years old,Less than 1,"At home, At a cafe","Pour over, Coffee extract (e.g. Cometeer), Espresso",,Pourover,Light,Juicy,Somewhat strong,Full caffeine,6.0,4.0,3.0,3.0,5.0,Coffee D,$20-$40,Male,Some college or associate's degree,Employed full-time
qbE1M9,25-34 years old,3,"At the office, At home",Pour over,,Cappuccino,Medium,Nutty,Medium,Full caffeine,3.0,2.0,4.0,3.0,2.0,Coffee B,$20-$40,Female,Bachelor's degree,Employed full-time
5dqPON,18-24 years old,2,At home,"Pour over, Espresso, Other",,Pourover,Light,Fruity,Somewhat strong,Full caffeine,5.0,3.0,2.0,3.0,5.0,Coffee D,$40-$60,Male,Bachelor's degree,Student
rlrMW2,25-34 years old,2,At home,Espresso,,Americano,Light,Fruity,Medium,Full caffeine,8.0,4.0,1.0,2.0,5.0,Coffee D,$20-$40,Male,Master's degree,Employed full-time
dY2ezr,25-34 years old,2,"At home, On the go","Pour over, French press, Other","National chain (e.g. Starbucks, Dunkin)",Iced coffee,Medium,Full Bodied,Medium,Full caffeine,5.0,4.0,4.0,2.0,5.0,Coffee D,$40-$60,Male,Master's degree,Employed full-time
oAVLgb,55-64 years old,1,At home,"Coffee brewing machine (e.g. Mr. Coffee), Other",,Pourover,Light,Sweet,Somewhat light,Full caffeine,6.0,4.0,2.0,3.0,1.0,Coffee A,$80-$100,Male,Bachelor's degree,Employed full-time
GrBAaZ,25-34 years old,2,"At home, At the office, At a cafe","Pour over, French press, Espresso",,Espresso,Light,Floral,Medium,Full caffeine,8.0,5.0,2.0,4.0,5.0,Coffee A,$60-$80,Male,Bachelor's degree,Employed full-time
7d9rOZ,35-44 years old,2,At home,Espresso,,Latte,Medium,Nutty,Very strong,Full caffeine,9.0,1.0,3.0,4.0,3.0,Coffee C,$20-$40,Male,Master's degree,Employed full-time
kYRB1e,35-44 years old,1,At home,Pod/capsule machine (e.g. Keurig/Nespresso),,Latte,Light,Sweet,Medium,Full caffeine,2.0,4.0,5.0,4.0,1.0,Coffee B,<$20,Male,Some college or associate's degree,Employed full-time
24xGzj,35-44 years old,4,At the office,,,Espresso,Light,Bright,Very strong,Full caffeine,9.0,4.0,3.0,1.0,5.0,Coffee D,>$100,Male,Bachelor's degree,Employed full-time
XeBPQP,25-34 years old,3,"At home, At the office",Coffee brewing machine (e.g. Mr. Coffee),,Regular drip coffee,Light,Caramalized,Somewhat light,Full caffeine,5.0,5.0,1.0,4.0,2.0,Coffee A,$20-$40,Male,Bachelor's degree,Employed full-time
9dJj4E,25-34 years old,2,"At the office, At a cafe, At home, On the go","Pour over, Coffee brewing machine (e.g. Mr. Coffee), Cold brew","Local cafe, Drive-thru, Specialty coffee shop",Cappuccino,Nordic,Fruity,Medium,Full caffeine,9.0,5.0,2.0,2.0,3.0,Coffee A,$20-$40,Female,Bachelor's degree,Employed full-time
MAdpqA,45-54 years old,Less than 1,At home,"Pour over, French press",,Pourover,Light,Fruity,Medium,Full caffeine,7.0,3.0,4.0,2.0,5.0,Coffee D,$20-$40,Female,Bachelor's degree,Employed full-time
AlbeOz,18-24 years old,2,"At home, At a cafe","Pour over, French press, Pod/capsule machine (e.g. Keurig/Nespresso), Other",,Cortado,Medium,Full Bodied,Somewhat strong,Half caff,5.0,2.0,5.0,4.0,3.0,Coffee A,$40-$60,Male,Some college or associate's degree,Student
NAB1Qj,25-34 years old,3,"At the office, At home","Pour over, Espresso",,Espresso,Medium,Full Bodied,Somewhat strong,Full caffeine,8.0,2.0,5.0,4.0,2.0,Coffee B,$80-$100,Male,Some college or associate's degree,Employed full-time
GrBA5O,18-24 years old,Less than 1,"At home, At the office",Pour over,,Pourover,Medium,Full Bodied,Somewhat strong,Full caffeine,5.0,2.0,3.0,4.0,1.0,Coffee D,<$20,Male,Some college or associate's degree,Employed full-time
24xGYj,25-34 years old,2,"On the go, At home","Espresso, Pour over",Specialty coffee shop,Pourover,Light,Fruity,Very strong,Full caffeine,8.0,4.0,3.0,2.0,5.0,Coffee D,$20-$40,Male,Doctorate or professional degree,Student
kYRBXR,25-34 years old,2,At home,Pour over,,Pourover,Light,Chocolatey,Medium,Full caffeine,5.0,1.0,1.0,2.0,2.0,Coffee D,$20-$40,Male,Some college or associate's degree,Homemaker
WApV6N,25-34 years old,3,"On the go, At home, At the office, At a cafe",Pour over,"National chain (e.g. Starbucks, Dunkin), Local cafe, Specialty coffee shop",Pourover,Light,Fruity,Medium,Full caffeine,8.0,3.0,4.0,4.0,5.0,Coffee D,$20-$40,Male,Bachelor's degree,Employed full-time
dY2eXo,55-64 years old,2,At home,Coffee brewing machine (e.g. Mr. Coffee),,Pourover,Light,Bold,Somewhat strong,Full caffeine,9.0,4.0,3.0,5.0,5.0,Coffee D,$20-$40,Male,Doctorate or professional degree,Employed full-time
QABlp7,25-34 years old,2,At home,"Pour over, Other",,Pourover,Light,Sweet,Medium,Full caffeine,8.0,4.0,3.0,2.0,5.0,Coffee D,$60-$80,Male,Bachelor's degree,Employed full-time
ylq5GX,35-44 years old,1,At home,Other,,Pourover,Medium,Full Bodied,Somewhat strong,Full caffeine,7.0,1.0,3.0,4.0,2.0,Coffee C,<$20,Male,Bachelor's degree,Employed full-time
EPb7Al,35-44 years old,1,"At home, At a cafe","Pour over, Espresso",,Latte,Medium,Nutty,Somewhat light,Full caffeine,5.0,5.0,2.0,3.0,3.0,Coffee A,$40-$60,Female,Master's degree,Employed full-time
42NVEA,35-44 years old,1,At home,"Espresso, Coffee brewing machine (e.g. Mr. Coffee)",,Latte,Medium,Caramalized,Somewhat strong,Full caffeine,7.0,3.0,5.0,4.0,1.0,Coffee B,$40-$60,Male,Some college or associate's degree,Retired
aBrqgb,35-44 years old,2,At home,Coffee brewing machine (e.g. Mr. Coffee),,Latte,Dark,Sweet,Medium,Full caffeine,1.0,2.0,3.0,5.0,4.0,Coffee C,$40-$60,Male,Master's degree,Employed full-time
42NVYX,55-64 years old,2,"At the office, At home",Espresso,,Espresso,Dark,Full Bodied,Somewhat strong,Full caffeine,3.0,1.0,3.0,5.0,1.0,Coffee C,$40-$60,Male,Doctorate or professional degree,Employed full-time
oAVL1x,25-34 years old,2,"At home, At a cafe, At the office","Pour over, Espresso, Coffee brewing machine (e.g. Mr. Coffee)",,Pourover,Nordic,Juicy,Somewhat strong,Full caffeine,9.0,2.0,4.0,3.0,5.0,Coffee D,$40-$60,Male,Master's degree,Student
KMBKZV,18-24 years old,1,At home,"Pour over, French press",,Pourover,Light,Bright,Somewhat strong,Full caffeine,8.0,4.0,4.0,2.0,3.0,Coffee B,$60-$80,Male,High school graduate,Unemployed
1r2oyl,25-34 years old,Less than 1,"At home, At the office","Coffee extract (e.g. Cometeer), Pour over, Espresso, French press",,Cortado,Light,Caramalized,Somewhat strong,Decaf,7.0,5.0,4.0,2.0,3.0,Coffee A,$20-$40,Male,Bachelor's degree,Employed full-time
42NVEr,35-44 years old,2,"At the office, At home","Pour over, Other",,Latte,Medium,Sweet,Somewhat strong,Full caffeine,6.0,4.0,2.0,4.0,4.0,Coffee D,$20-$40,Male,Bachelor's degree,Employed full-time
g5N614,25-34 years old,2,"At home, At the office","Cold brew, Espresso",,Latte,Medium,Chocolatey,Medium,Full caffeine,1.0,2.0,5.0,2.0,1.0,Coffee B,$40-$60,Female,Master's degree,Employed full-time
0EjRyj,35-44 years old,4,"At home, On the go, At the office, At a cafe","Pour over, Espresso, Coffee brewing machine (e.g. Mr. Coffee)","Specialty coffee shop, Local cafe, National chain (e.g. Starbucks, Dunkin)",Pourover,Dark,Sweet,Somewhat strong,Full caffeine,4.0,3.0,4.0,5.0,1.0,Coffee C,$80-$100,Male,Some college or associate's degree,Employed full-time
6dQEzJ,25-34 years old,3,"At the office, At home",Pour over,,Pourover,Light,Chocolatey,Somewhat strong,Full caffeine,6.0,2.0,5.0,3.0,4.0,Coffee B,$20-$40,Male,Master's degree,Employed full-time
jB9Ara,25-34 years old,Less than 1,At a cafe,,,Pourover,Dark,Juicy,Somewhat strong,Full caffeine,7.0,1.0,3.0,2.0,4.0,Coffee D,$20-$40,Male,Bachelor's degree,Employed full-time
dY2e4K,25-34 years old,Less than 1,At a cafe,,,Regular drip coffee,Dark,Bold,Somewhat strong,Half caff,3.0,2.0,3.0,4.0,3.0,Coffee C,<$20,Non-binary,Bachelor's degree,Employed part-time
zKQ5vM,18-24 years old,2,At home,"Pour over, Espresso, French press",,Americano,Light,Floral,Somewhat strong,Full caffeine,8.0,3.0,1.0,2.0,4.0,Coffee D,>$100,Male,Master's degree,Student
YZzlgW,25-34 years old,1,At home,"Pour over, Espresso",,Pourover,Medium,Fruity,Medium,Full caffeine,7.0,3.0,4.0,1.0,5.0,Coffee D,<$20,Male,Bachelor's degree,Employed full-time
pLPpZ1,18-24 years old,1,"At a cafe, At home",French press,,Cappuccino,Medium,Nutty,Medium,Full caffeine,3.0,2.0,5.0,5.0,3.0,Coffee C,$20-$40,Male,High school graduate,Student
J2kvro,25-34 years old,1,At home,"Pour over, Espresso",,Pourover,Light,Fruity,Somewhat strong,Full caffeine,6.0,5.0,2.0,2.0,5.0,Coffee A,$40-$60,Male,Bachelor's degree,Employed full-time
xdN5B5,>65 years old,4,At home,"Coffee brewing machine (e.g. Mr. Coffee), Pod/capsule machine (e.g. Keurig/Nespresso)",,Cappuccino,Medium,Bright,Somewhat strong,Full caffeine,5.0,3.0,3.0,5.0,2.0,Coffee C,,Female,Doctorate or professional degree,Employed part-time
rlrMp2,25-34 years old,1,At home,"Pour over, Espresso",,Pourover,Light,Fruity,Somewhat strong,Full caffeine,7.0,5.0,4.0,2.0,4.0,Coffee A,$40-$60,Male,Bachelor's degree,Employed full-time
QABlWG,25-34 years old,2,"At home, At the office","Pour over, Coffee extract (e.g. Cometeer), Cold brew",,Pourover,Light,Fruity,Medium,Full caffeine,6.0,5.0,3.0,1.0,5.0,Coffee D,>$100,Male,Bachelor's degree,Employed full-time
vNx5d4,25-34 years old,1,"At home, At a cafe","Pour over, Cold brew, Instant coffee, Other",,Americano,Light,Fruity,Medium,Full caffeine,7.0,4.0,3.0,2.0,4.0,Coffee D,$40-$60,Male,Bachelor's degree,Employed full-time
jB9AzQ,25-34 years old,1,"At home, On the go, At the office","Pour over, Instant coffee, Cold brew, Espresso","Local cafe, Specialty coffee shop",Iced coffee,Medium,Full Bodied,Somewhat strong,Full caffeine,7.0,3.0,4.0,3.0,1.0,Coffee B,$40-$60,Non-binary,Bachelor's degree,Employed full-time
MAdp2M,25-34 years old,1,"On the go, At home","Pour over, Other","Local cafe, Specialty coffee shop, National chain (e.g. Starbucks, Dunkin)",Pourover,Light,Caramalized,Somewhat light,Full caffeine,6.0,1.0,3.0,4.0,3.0,Coffee C,$20-$40,Female,Master's degree,Student
7d9rYZ,25-34 years old,2,At home,"Pour over, Other",,Cappuccino,Light,Sweet,Somewhat strong,Full caffeine,7.0,5.0,3.0,2.0,4.0,Coffee A,$40-$60,Male,Bachelor's degree,Employed full-time
g5N6XO,25-34 years old,2,"At home, On the go",Pour over,"National chain (e.g. Starbucks, Dunkin), Specialty coffee shop",Pourover,Light,Fruity,Medium,Full caffeine,5.0,5.0,5.0,3.0,3.0,Coffee A,$20-$40,Male,Bachelor's degree,Unemployed
PABJr1,25-34 years old,2,"At the office, At home","French press, Instant coffee, Pod/capsule machine (e.g. Keurig/Nespresso), Coffee brewing machine (e.g. Mr. Coffee)",,Latte,Medium,Full Bodied,Somewhat strong,Full caffeine,5.0,4.0,3.0,5.0,5.0,Coffee D,$20-$40,Male,Some college or associate's degree,Employed full-time
RzByg4,25-34 years old,1,At home,Other,,Iced coffee,Light,Caramalized,Medium,Full caffeine,4.0,5.0,2.0,3.0,4.0,Coffee A,$20-$40,Male,Some college or associate's degree,Student
MAdpGl,25-34 years old,2,"At home, At the office","Cold brew, Pour over",,Pourover,Light,Caramalized,Medium,Full caffeine,3.0,3.0,4.0,3.0,2.0,Coffee B,$20-$40,Female,Bachelor's degree,Employed full-time
g5N6rD,25-34 years old,1,At home,"Pour over, Cold brew",,Cappuccino,Blonde,Caramalized,Medium,Full caffeine,6.0,4.0,4.0,3.0,2.0,Coffee B,$40-$60,Female,Master's degree,Employed full-time
RzByaj,25-34 years old,2,"At home, At the office","Pour over, French press, Espresso",,Latte,Medium,Nutty,Somewhat strong,Full caffeine,7.0,2.0,4.0,4.0,2.0,Coffee B,$20-$40,Male,Master's degree,Employed full-time
PABJLV,25-34 years old,2,At home,"Pour over, French press, Espresso",,Pourover,Medium,Nutty,Somewhat strong,Full caffeine,7.0,5.0,4.0,2.0,4.0,Coffee A,$40-$60,Male,Master's degree,Employed full-time
GrBA4k,25-34 years old,2,"On the go, At a cafe, At home",French press,"National chain (e.g. Starbucks, Dunkin), Local cafe",Other,Medium,Chocolatey,Very strong,Full caffeine,4.0,3.0,5.0,4.0,2.0,Coffee B,<$20,Male,Doctorate or professional degree,Student
zKQ5o0,25-34 years old,2,"At the office, At home, At a cafe",Pour over,,Pourover,Light,Fruity,Medium,Full caffeine,6.0,4.0,2.0,1.0,5.0,Coffee D,<$20,Male,Doctorate or professional degree,Employed full-time
dY2eyA,18-24 years old,1,At home,Pod/capsule machine (e.g. Keurig/Nespresso),,Americano,Dark,Chocolatey,Very strong,Full caffeine,4.0,,,,,,,,,
GrBAOp,25-34 years old,1,"At the office, At home, At a cafe","Pour over, Espresso, Coffee extract (e.g. Cometeer)",,Regular drip coffee,Medium,Chocolatey,Medium,Full caffeine,7.0,2.0,5.0,4.0,1.0,Coffee B,$20-$40,Male,Bachelor's degree,Employed full-time
qbE1QY,25-34 years old,1,At home,Pour over,,Americano,Light,Fruity,Somewhat strong,Full caffeine,7.0,2.0,2.0,3.0,5.0,Coffee D,$40-$60,Male,Bachelor's degree,Unemployed
9dJj0p,25-34 years old,1,At the office,,,Pourover,Medium,Chocolatey,Very strong,Full caffeine,6.0,2.0,5.0,3.0,3.0,Coffee B,,Male,Master's degree,Employed full-time
EPb77N,25-34 years old,1,"At home, At the office",French press,,Latte,Light,Caramalized,Medium,Half caff,3.0,1.0,3.0,2.0,1.0,Coffee D,$20-$40,Female,Bachelor's degree,Employed full-time
YZzlbB,35-44 years old,4,"At home, At the office","Coffee extract (e.g. Cometeer), Pour over",,Pourover,Light,Fruity,Medium,Full caffeine,10.0,5.0,3.0,2.0,5.0,Coffee D,$60-$80,,,
Albeek,25-34 years old,2,"At home, At the office",Pour over,,Pourover,Light,Bright,Medium,Full caffeine,6.0,1.0,3.0,4.0,3.0,Coffee C,$20-$40,Non-binary,Bachelor's degree,Employed full-time
WApV7a,35-44 years old,2,"At home, On the go",Coffee brewing machine (e.g. Mr. Coffee),"National chain (e.g. Starbucks, Dunkin), Specialty coffee shop",Regular drip coffee,Light,Bold,Somewhat strong,Full caffeine,7.0,3.0,3.0,4.0,3.0,Coffee C,$60-$80,Male,Some college or associate's degree,Employed full-time
kYRBPM,35-44 years old,1,"At home, At a cafe",Espresso,,Espresso,Light,Fruity,Somewhat light,Full caffeine,6.0,4.0,3.0,2.0,3.0,Coffee A,$40-$60,,,
GrBAAo,35-44 years old,2,"At home, At the office",Pour over,,Pourover,Nordic,Fruity,Somewhat strong,Full caffeine,4.0,4.0,2.0,2.0,4.0,Coffee D,$40-$60,Male,Bachelor's degree,Employed full-time
rlrMMl,25-34 years old,2,"At the office, On the go",,"Local cafe, Specialty coffee shop",Pourover,Light,Floral,Very strong,Full caffeine,5.0,4.0,3.0,4.0,4.0,Coffee A,$20-$40,Male,Bachelor's degree,Employed full-time
VZ1Oag,25-34 years old,2,"At the office, At home","Pour over, Espresso",,Pourover,Light,Juicy,Very strong,Full caffeine,7.0,5.0,1.0,1.0,5.0,Coffee A,$20-$40,Male,Bachelor's degree,Employed full-time
5dqPa6,35-44 years old,2,"At the office, On the go, At home","Coffee brewing machine (e.g. Mr. Coffee), Pour over","National chain (e.g. Starbucks, Dunkin), Specialty coffee shop",Pourover,Medium,Fruity,Somewhat strong,Full caffeine,7.0,4.0,3.0,2.0,5.0,Coffee D,$40-$60,Male,Bachelor's degree,Employed full-time
J2kvj4,25-34 years old,2,"At home, At a cafe",Pour over,,Pourover,Light,Fruity,Somewhat light,,7.0,4.0,2.0,2.0,5.0,Coffee D,$60-$80,Male,Doctorate or professional degree,Employed full-time
XeBPAj,18-24 years old,1,"On the go, At home",Pod/capsule machine (e.g. Keurig/Nespresso),"National chain (e.g. Starbucks, Dunkin)",Latte,Blonde,Caramalized,Somewhat light,Full caffeine,4.0,4.0,2.0,4.0,2.0,Coffee C,$40-$60,Female,,
24xGdL,35-44 years old,1,"At home, At the office","Pour over, Espresso, Coffee extract (e.g. Cometeer)",,Pourover,Light,Bright,Medium,Full caffeine,7.0,2.0,4.0,5.0,3.0,Coffee C,$40-$60,Male,Some college or associate's degree,Employed full-time
qbE117,25-34 years old,1,At home,"Pour over, French press, Cold brew",,Pourover,Medium,Fruity,Very strong,Full caffeine,6.0,4.0,1.0,3.0,5.0,Coffee D,$20-$40,Male,Bachelor's degree,Employed full-time
42NVVk,35-44 years old,2,"At the office, At home","Pour over, Espresso, Coffee brewing machine (e.g. Mr. Coffee)",,Cortado,Light,Fruity,Somewhat strong,Full caffeine,8.0,5.0,2.0,2.0,4.0,Coffee A,$40-$60,Male,Master's degree,Employed full-time
5dqPYo,35-44 years old,2,"At home, At the office",Other,,Cappuccino,Light,Bright,Medium,Full caffeine,6.0,4.0,2.0,3.0,5.0,Coffee D,$20-$40,Female,,
J2kv4d,35-44 years old,1,At home,Other,,Cappuccino,Light,Full Bodied,Very strong,Full caffeine,7.0,3.0,2.0,3.0,5.0,Coffee D,$80-$100,Non-binary,Master's degree,Employed full-time
EPb7VX,18-24 years old,Less than 1,At home,"Other, French press",,Americano,Dark,Full Bodied,Somewhat strong,Half caff,7.0,2.0,4.0,3.0,4.0,Coffee D,<$20,Male,Master's degree,Student
LdMLxj,35-44 years old,4,"At home, On the go",Pour over,"Specialty coffee shop, Deli or supermarket, Local cafe",Espresso,Light,Fruity,Somewhat strong,Full caffeine,7.0,4.0,2.0,3.0,5.0,Coffee D,$60-$80,Male,Bachelor's degree,Employed full-time
1r2o0Q,25-34 years old,1,At home,"Espresso, Cold brew",,Cortado,Medium,Nutty,Somewhat strong,Full caffeine,7.0,5.0,1.0,2.0,4.0,Coffee A,$60-$80,Male,Bachelor's degree,Employed full-time
bl4QJo,25-34 years old,2,At home,Espresso,,Espresso,Medium,Juicy,Very strong,Full caffeine,7.0,4.0,3.0,3.0,5.0,Coffee D,$40-$60,Male,Some college or associate's degree,Employed full-time
42NV6b,25-34 years old,2,"At home, At the office",Coffee brewing machine (e.g. Mr. Coffee),,Latte,Medium,Nutty,Medium,Full caffeine,5.0,4.0,1.0,3.0,3.0,Coffee A,$20-$40,Female,Master's degree,Employed full-time
aBrqJv,25-34 years old,1,At home,"Coffee brewing machine (e.g. Mr. Coffee), Other",,Cappuccino,Light,Full Bodied,Somewhat strong,Full caffeine,6.0,5.0,4.0,3.0,2.0,Coffee A,$20-$40,Male,Doctorate or professional degree,Employed full-time
OABMM7,35-44 years old,Less than 1,At home,Pour over,,Pourover,Light,Bright,Somewhat light,Decaf,4.0,3.0,1.0,3.0,4.0,Coffee D,$40-$60,Male,Bachelor's degree,Employed full-time
42NVMb,35-44 years old,2,At home,"Espresso, French press",,Cappuccino,Light,Bright,Somewhat strong,Full caffeine,6.0,4.0,2.0,3.0,5.0,Coffee D,$80-$100,Male,Master's degree,Employed full-time
WApVaj,35-44 years old,1,At home,"Pour over, French press",,Pourover,Light,Juicy,Medium,Full caffeine,7.0,3.0,3.0,1.0,4.0,Coffee D,$40-$60,Male,Bachelor's degree,Employed full-time
RzByQ9,25-34 years old,2,"At the office, On the go, At home","Pour over, French press, Espresso","Local cafe, Specialty coffee shop",Cortado,Light,Juicy,Medium,Full caffeine,7.0,4.0,2.0,3.0,5.0,Coffee D,$20-$40,Female,Bachelor's degree,Employed full-time
OABMM8,35-44 years old,2,"At home, At a cafe",Pour over,,Cappuccino,Light,Fruity,Somewhat light,Full caffeine,8.0,3.0,1.0,4.0,5.0,Coffee D,$80-$100,Non-binary,Bachelor's degree,Employed full-time
42NVlk,18-24 years old,1,At home,"Pour over, Other",,Cappuccino,Medium,Floral,Somewhat strong,Full caffeine,9.0,2.0,3.0,4.0,5.0,Coffee D,$20-$40,Male,Bachelor's degree,Employed full-time
XeBP6j,25-34 years old,1,"At the office, At home","Espresso, Pour over",,Latte,Medium,Nutty,Medium,Full caffeine,6.0,5.0,3.0,2.0,5.0,Coffee C,<$20,Male,Bachelor's degree,Employed full-time
WApVLJ,18-24 years old,Less than 1,"At the office, At a cafe",,,Cortado,Dark,Nutty,Somewhat light,Decaf,5.0,2.0,3.0,5.0,,Coffee C,,,,
eBxWWO,25-34 years old,1,At home,Espresso,,Cortado,Medium,Floral,Medium,Full caffeine,3.0,1.0,2.0,3.0,5.0,Coffee D,$20-$40,Male,Bachelor's degree,Employed full-time
PABJqb,25-34 years old,2,"At the office, At home, On the go","Coffee brewing machine (e.g. Mr. Coffee), Pour over","National chain (e.g. Starbucks, Dunkin)",Pourover,Medium,Chocolatey,Medium,Full caffeine,7.0,2.0,3.0,4.0,2.0,Coffee C,$40-$60,Male,Master's degree,Employed full-time
6dQEBB,25-34 years old,1,"At the office, At home","Pour over, French press, Other, Cold brew",,Pourover,Light,Fruity,Medium,Full caffeine,7.0,4.0,2.0,3.0,5.0,Coffee D,$60-$80,Male,Doctorate or professional degree,Employed full-time
GrBAEp,25-34 years old,2,"At home, At the office","Pour over, Espresso",,Pourover,Light,Fruity,Somewhat strong,Full caffeine,6.0,3.0,2.0,4.0,5.0,Coffee D,$20-$40,Male,Bachelor's degree,Employed full-time
xdN5qo,35-44 years old,2,"At the office, At home","Pod/capsule machine (e.g. Keurig/Nespresso), Pour over",,Cold brew,Medium,Chocolatey,Medium,Full caffeine,5.0,5.0,4.0,3.0,3.0,Coffee A,$40-$60,Male,Bachelor's degree,Employed full-time
g5N6VO,25-34 years old,2,At the office,,,Pourover,Light,Fruity,Medium,Full caffeine,6.0,4.0,2.0,2.0,5.0,Coffee D,$60-$80,Male,Bachelor's degree,Employed full-time
eBxWXO,35-44 years old,1,At the office,,,Pourover,Light,Fruity,Somewhat strong,Full caffeine,5.0,4.0,5.0,3.0,3.0,Coffee B,$40-$60,Male,Some college or associate's degree,Employed full-time
KMBKj7,35-44 years old,2,At home,Espresso,,Americano,Medium,Nutty,Somewhat strong,Full caffeine,3.0,3.0,5.0,4.0,3.0,Coffee B,$60-$80,Male,Bachelor's degree,Employed full-time
5dqP06,25-34 years old,2,"At home, At the office, On the go, At a cafe","Espresso, Pour over, Cold brew",Deli or supermarket,Latte,Medium,Chocolatey,Somewhat strong,Full caffeine,4.0,1.0,3.0,4.0,2.0,Coffee C,$40-$60,Female,Some college or associate's degree,Employed part-time
zKQ58a,25-34 years old,3,At home,Espresso,,Espresso,Medium,Fruity,Somewhat strong,Full caffeine,8.0,4.0,3.0,1.0,5.0,Coffee D,$80-$100,Male,Bachelor's degree,Employed full-time
EPb7RN,35-44 years old,2,At home,"Pour over, French press, Espresso",,Regular drip coffee,Nordic,Juicy,Somewhat strong,Full caffeine,9.0,4.0,2.0,3.0,1.0,Coffee A,$40-$60,Male,Some college or associate's degree,Employed full-time
DVv685,25-34 years old,2,At home,"French press, Pour over",,Other,Light,Fruity,Medium,Full caffeine,5.0,3.0,2.0,3.0,4.0,Coffee D,$60-$80,Non-binary,Bachelor's degree,Employed full-time
RzByed,25-34 years old,2,"At home, At the office","Pour over, Other",,Pourover,Light,Fruity,Medium,Full caffeine,8.0,4.0,2.0,3.0,4.0,Coffee D,$40-$60,Male,Bachelor's degree,Employed full-time
oAVLjV,25-34 years old,2,At home,Espresso,,Espresso,Light,Juicy,Somewhat strong,Full caffeine,7.0,4.0,1.0,3.0,5.0,Coffee D,$60-$80,Non-binary,Bachelor's degree,Employed full-time
dY2ery,25-34 years old,1,At home,Pour over,,Cappuccino,Medium,Sweet,Somewhat strong,Full caffeine,4.0,3.0,3.0,2.0,4.0,Coffee D,$20-$40,Male,Master's degree,Employed full-time
pLPp2b,55-64 years old,2,At home,Espresso,,Cappuccino,Medium,Nutty,Somewhat strong,Full caffeine,6.0,4.0,5.0,4.0,3.0,Coffee B,$40-$60,Female,Master's degree,Employed full-time
QABlN8,35-44 years old,2,At home,Espresso,,Americano,Light,Floral,Somewhat strong,Full caffeine,7.0,3.0,2.0,1.0,5.0,Coffee C,$20-$40,Male,Bachelor's degree,Employed full-time
GrBAZj,25-34 years old,Less than 1,At home,"Espresso, Other, Pour over",,Latte,Medium,Nutty,Somewhat strong,Full caffeine,7.0,1.0,3.0,4.0,3.0,Coffee C,<$20,Male,High school graduate,Employed full-time
YZzl75,45-54 years old,1,At home,"Pour over, French press",,Pourover,Medium,Sweet,Somewhat strong,Full caffeine,6.0,4.0,3.0,4.0,5.0,Coffee B,$40-$60,Female,Bachelor's degree,Homemaker
ylq58B,25-34 years old,1,At the office,,,Cortado,Dark,Caramalized,Somewhat strong,Full caffeine,7.0,4.0,4.0,2.0,2.0,Coffee B,$40-$60,Male,Doctorate or professional degree,Employed full-time
ylq5AB,25-34 years old,Less than 1,At the office,,,Cappuccino,Medium,Full Bodied,Medium,Full caffeine,1.0,1.0,4.0,5.0,2.0,Coffee C,<$20,Male,Doctorate or professional degree,Employed full-time
AlbeR0,25-34 years old,2,"At home, At a cafe","Pour over, Espresso",,Latte,Light,Sweet,Somewhat light,Full caffeine,7.0,4.0,3.0,3.0,5.0,Coffee D,$40-$60,Male,Bachelor's degree,Employed full-time
dY2eoo,45-54 years old,1,"At the office, At home",Other,,Regular drip coffee,Light,Juicy,Medium,Full caffeine,5.0,3.0,2.0,1.0,5.0,Coffee B,$20-$40,Male,Master's degree,Employed full-time
YZzlAd,25-34 years old,2,"At home, At a cafe","Pour over, French press, Coffee extract (e.g. Cometeer), Other",,Cortado,Dark,Full Bodied,Very strong,Full caffeine,6.0,1.0,4.0,5.0,2.0,Coffee C,$40-$60,Male,Bachelor's degree,Employed full-time
NAB1NB,25-34 years old,1,At home,"Pour over, Coffee extract (e.g. Cometeer)",,Pourover,Light,Juicy,Medium,Full caffeine,7.0,3.0,2.0,1.0,5.0,Coffee D,$40-$60,Male,Master's degree,Unemployed
aBrqR9,25-34 years old,1,At the office,,,Pourover,Medium,Bold,Somewhat strong,Full caffeine,7.0,3.0,4.0,4.0,1.0,Coffee B,<$20,Male,Some college or associate's degree,Employed full-time
LdMLr1,25-34 years old,1,"At the office, At a cafe, At home, On the go","Pour over, French press, Espresso, Coffee brewing machine (e.g. Mr. Coffee), Cold brew","Specialty coffee shop, Local cafe",Pourover,Light,Fruity,Somewhat light,Full caffeine,6.0,5.0,3.0,1.0,4.0,Coffee C,$80-$100,Non-binary,Master's degree,Employed full-time
zKQ5k1,25-34 years old,1,"At home, At the office",Other,,Pourover,Light,Fruity,Somewhat strong,Full caffeine,6.0,5.0,2.0,3.0,4.0,Coffee A,$40-$60,Male,Bachelor's degree,Employed full-time
42NVbO,25-34 years old,1,At home,Pour over,,Latte,Medium,Caramalized,Medium,Full caffeine,3.0,4.0,5.0,4.0,1.0,Coffee B,<$20,Female,Bachelor's degree,Employed full-time
oAVLJ1,25-34 years old,1,"At a cafe, At home","Pour over, Cold brew",,Latte,Light,Chocolatey,Medium,Full caffeine,7.0,4.0,3.0,3.0,4.0,Coffee D,$40-$60,Female,Bachelor's degree,Employed full-time
jB9AN6,18-24 years old,1,"At the office, At home",Pour over,,Regular drip coffee,Light,Fruity,Somewhat strong,Full caffeine,6.0,5.0,2.0,2.0,4.0,Coffee A,$20-$40,Male,Master's degree,Employed full-time
qbE1l7,25-34 years old,Less than 1,"At home, At a cafe","Pour over, Espresso",,Cappuccino,Light,Fruity,Somewhat strong,Full caffeine,5.0,4.0,3.0,2.0,5.0,Coffee D,<$20,Female,Bachelor's degree,Employed full-time
42NV0X,>65 years old,3,At home,"Pour over, French press",,Latte,Dark,Bright,Somewhat strong,Full caffeine,7.0,3.0,4.0,3.0,1.0,Coffee B,$20-$40,Male,High school graduate,Retired
7d9rrA,25-34 years old,1,"At home, At the office",Espresso,,Latte,Medium,Caramalized,Somewhat strong,Full caffeine,6.0,2.0,4.0,5.0,3.0,Coffee C,<$20,Female,Master's degree,Employed full-time
5dqPNM,45-54 years old,2,"At home, At a cafe","Pour over, Instant coffee",,Pourover,Light,Fruity,Somewhat strong,Full caffeine,6.0,4.0,3.0,2.0,5.0,Coffee D,$40-$60,Male,Master's degree,Employed full-time
ZdRrbz,25-34 years old,3,"At home, At the office","Pour over, Espresso, Other",,Iced coffee,Medium,Juicy,Medium,Full caffeine,7.0,1.0,3.0,4.0,5.0,Coffee D,$40-$60,Male,Bachelor's degree,Employed full-time
vNx5RA,35-44 years old,1,"At home, At a cafe, On the go, At the office","Instant coffee, Pour over, Espresso",Deli or supermarket,Cold brew,Dark,Bold,Somewhat strong,Full caffeine,6.0,3.0,3.0,4.0,1.0,Coffee C,$20-$40,Male,Some college or associate's degree,Employed full-time
0EjRqN,18-24 years old,1,"At home, At a cafe","Pour over, French press, Espresso",,Cold brew,Dark,Bold,Somewhat strong,Full caffeine,2.0,3.0,5.0,4.0,2.0,Coffee B,$20-$40,Female,Master's degree,Employed part-time
vNx59Q,25-34 years old,2,"At home, On the go",Espresso,"National chain (e.g. Starbucks, Dunkin), Specialty coffee shop",Espresso,Medium,Chocolatey,Somewhat strong,Full caffeine,5.0,4.0,3.0,5.0,3.0,Coffee C,$60-$80,Male,Doctorate or professional degree,Employed full-time
EPb72o,18-24 years old,Less than 1,"On the go, At a cafe",,"National chain (e.g. Starbucks, Dunkin), Specialty coffee shop, Local cafe",Mocha,Light,Fruity,Somewhat light,Decaf,2.0,2.0,2.0,1.0,4.0,Coffee D,<$20,Non-binary,Bachelor's degree,Employed part-time
dY2eJq,25-34 years old,1,"At home, At a cafe","Pour over, Espresso, Cold brew",,Pourover,Medium,Caramalized,Very strong,Full caffeine,5.0,4.0,4.0,2.0,5.0,Coffee D,$20-$40,Male,Master's degree,Unemployed
g5N6od,55-64 years old,2,At home,"Pod/capsule machine (e.g. Keurig/Nespresso), Pour over",,Regular drip coffee,Medium,Caramalized,Medium,Full caffeine,6.0,2.0,4.0,5.0,2.0,Coffee C,,,,
PABJxb,25-34 years old,Less than 1,"At home, On the go, At a cafe",French press,Local cafe,Latte,Light,Sweet,Somewhat light,Full caffeine,5.0,3.0,4.0,5.0,1.0,Coffee C,$60-$80,Non-binary,Master's degree,Student
6dQEEB,25-34 years old,2,"At home, At a cafe","Pour over, French press, Other",,Pourover,Light,Fruity,Medium,Full caffeine,6.0,4.0,3.0,4.0,5.0,Coffee D,$40-$60,Male,Bachelor's degree,Employed part-time
6dQE6P,18-24 years old,2,"At home, At the office, On the go","Coffee brewing machine (e.g. Mr. Coffee), Other","Deli or supermarket, Specialty coffee shop",Blended drink (e.g. Frappuccino),Medium,Chocolatey,Medium,Full caffeine,3.0,3.0,4.0,3.0,1.0,Coffee B,$40-$60,Male,Bachelor's degree,Employed part-time
pLPpYq,25-34 years old,1,At home,"Pour over, Other",,Cortado,Light,Fruity,Medium,Full caffeine,7.0,2.0,3.0,4.0,5.0,Coffee D,$40-$60,Male,Doctorate or professional degree,Employed part-time
RzByyJ,>65 years old,1,At home,"Pour over, French press",,Pourover,Nordic,Floral,Medium,Half caff,3.0,3.0,1.0,1.0,3.0,Coffee D,,Female,Bachelor's degree,Retired
XeBP7g,55-64 years old,3,"At home, At the office",Coffee brewing machine (e.g. Mr. Coffee),,Iced coffee,Dark,Bold,Somewhat strong,Full caffeine,6.0,3.0,3.0,4.0,2.0,Coffee C,$40-$60,Male,Doctorate or professional degree,Employed full-time
rlrM8l,25-34 years old,1,"At home, On the go","Pour over, French press, Coffee brewing machine (e.g. Mr. Coffee)",Local cafe,Cold brew,Medium,Caramalized,Medium,Full caffeine,5.0,5.0,2.0,4.0,2.0,Coffee A,$20-$40,Female,Bachelor's degree,Employed full-time
RzByqd,25-34 years old,2,At home,"Pour over, French press, Other",,Regular drip coffee,Light,Fruity,Somewhat strong,Full caffeine,7.0,4.0,2.0,3.0,5.0,Coffee D,$20-$40,Male,Bachelor's degree,Employed full-time
9dJjKY,25-34 years old,1,"At the office, At home",Espresso,,Cappuccino,Medium,Fruity,Somewhat strong,Full caffeine,8.0,3.0,4.0,1.0,5.0,Coffee D,<$20,Male,Bachelor's degree,Employed full-time
RzByNl,25-34 years old,Less than 1,None of these,,,Other,Medium,Floral,Medium,Full caffeine,1.0,1.0,3.0,5.0,4.0,Coffee C,<$20,Female,Master's degree,Employed full-time
VZ1O7J,45-54 years old,2,At home,"Coffee extract (e.g. Cometeer), Espresso, Pour over, Other",,Cappuccino,Medium,Caramalized,Somewhat strong,Decaf,7.0,4.0,3.0,2.0,5.0,Coffee D,$80-$100,Female,Bachelor's degree,Employed full-time
vNx5kd,18-24 years old,2,At home,"Coffee brewing machine (e.g. Mr. Coffee), Pod/capsule machine (e.g. Keurig/Nespresso)",,Latte,Medium,Chocolatey,Somewhat strong,Full caffeine,6.0,4.0,4.0,2.0,2.0,Coffee B,$40-$60,Female,Bachelor's degree,Employed full-time
8dp4DO,45-54 years old,1,At home,Other,,Latte,Light,Fruity,Medium,Full caffeine,7.0,4.0,1.0,2.0,4.0,Coffee D,$20-$40,Male,Bachelor's degree,Employed full-time
7d9rkA,25-34 years old,1,"At home, On the go","Cold brew, Espresso, Pour over","Local cafe, National chain (e.g. Starbucks, Dunkin)",Espresso,Medium,Chocolatey,Somewhat strong,Full caffeine,7.0,3.0,5.0,2.0,4.0,Coffee B,$40-$60,Female,Bachelor's degree,Unemployed
GrBAAp,25-34 years old,3,At home,"Pour over, Espresso, Cold brew",,Regular drip coffee,Light,Full Bodied,Somewhat strong,Full caffeine,8.0,3.0,4.0,4.0,2.0,Coffee B,$60-$80,Male,High school graduate,Employed full-time
rlrMQN,25-34 years old,1,At home,Pour over,,Pourover,Medium,Full Bodied,Somewhat strong,Full caffeine,3.0,1.0,4.0,5.0,2.0,Coffee C,$20-$40,Male,Bachelor's degree,Employed full-time
GrBAW2,18-24 years old,1,"At home, At the office","Espresso, Pour over",,Iced coffee,Dark,Chocolatey,Somewhat light,Full caffeine,1.0,3.0,2.0,4.0,3.0,Coffee C,$20-$40,Female,Bachelor's degree,Employed full-time
6dQEqe,25-34 years old,1,"At home, At the office, At a cafe",Pour over,,Pourover,Light,Floral,Medium,Full caffeine,5.0,5.0,4.0,3.0,5.0,Coffee D,$20-$40,Male,Master's degree,Employed full-time
RzBypp,25-34 years old,2,"At home, At a cafe","Espresso, Pour over, Other",,Espresso,Medium,Fruity,Somewhat strong,Full caffeine,7.0,4.0,3.0,2.0,5.0,Coffee D,$60-$80,Male,Bachelor's degree,Employed full-time
zKQ5AR,35-44 years old,1,At the office,,,Espresso,Light,Sweet,Somewhat strong,Full caffeine,9.0,4.0,4.0,3.0,2.0,Coffee B,$20-$40,Male,Bachelor's degree,Employed full-time
eBxWg0,25-34 years old,3,At home,"Pod/capsule machine (e.g. Keurig/Nespresso), Espresso, French press, Cold brew",,Espresso,Light,Bold,Somewhat strong,Full caffeine,7.0,3.0,2.0,4.0,5.0,Coffee D,$20-$40,Male,Bachelor's degree,Employed full-time
jB9AAx,25-34 years old,Less than 1,At a cafe,,,Cold brew,Light,Fruity,Somewhat light,Full caffeine,3.0,5.0,4.0,3.0,1.0,Coffee A,<$20,Male,Some college or associate's degree,Employed full-time
oAVLLV,25-34 years old,Less than 1,None of these,,,Other,Light,Sweet,Weak,Half caff,8.0,5.0,3.0,4.0,2.0,Coffee A,$20-$40,Male,Master's degree,Employed full-time
YZzl6d,35-44 years old,3,"At the office, At home, On the go, At a cafe","Coffee brewing machine (e.g. Mr. Coffee), Espresso, Cold brew","Local cafe, Specialty coffee shop",Regular drip coffee,Light,Nutty,Somewhat strong,Full caffeine,7.0,5.0,4.0,4.0,4.0,Coffee A,$60-$80,Male,Bachelor's degree,Employed full-time
g5N6EN,25-34 years old,Less than 1,None of these,,,Latte,Medium,Chocolatey,Weak,Full caffeine,1.0,5.0,4.0,3.0,1.0,Coffee A,<$20,Male,Bachelor's degree,Employed full-time
xdN5AG,25-34 years old,1,"At a cafe, On the go, At the office",,"Specialty coffee shop, National chain (e.g. Starbucks, Dunkin)",Cortado,Medium,Fruity,Somewhat strong,Full caffeine,2.0,4.0,3.0,2.0,5.0,Coffee D,$40-$60,Male,Doctorate or professional degree,Employed full-time
lNlkp5,35-44 years old,2,"At a cafe, At home","Pour over, Espresso",,Pourover,Medium,Caramalized,Medium,Full caffeine,10.0,2.0,2.0,4.0,3.0,Coffee C,$20-$40,,,
ZdRrBy,25-34 years old,1,At home,"Pour over, Espresso",,Pourover,Light,Bright,Somewhat light,Full caffeine,8.0,5.0,2.0,2.0,4.0,Coffee A,$20-$40,Male,Master's degree,Employed full-time
YZzl2q,25-34 years old,2,"At home, At the office, At a cafe, On the go","French press, Espresso","National chain (e.g. Starbucks, Dunkin), Local cafe, Specialty coffee shop",Cortado,Light,Bright,Somewhat strong,Full caffeine,7.0,5.0,4.0,1.0,5.0,Coffee D,$20-$40,Male,Bachelor's degree,Employed full-time
rlrM75,25-34 years old,1,"At home, At a cafe","Pour over, French press, Other",,Americano,Light,Fruity,Medium,Full caffeine,7.0,5.0,1.0,2.0,3.0,Coffee A,$20-$40,Male,Bachelor's degree,Employed full-time
zKQ5Ba,35-44 years old,Less than 1,"At home, On the go",Coffee brewing machine (e.g. Mr. Coffee),Local cafe,Mocha,Light,Sweet,Medium,Full caffeine,1.0,1.0,4.0,3.0,1.0,Coffee B,<$20,Female,Bachelor's degree,Employed part-time
0EjRX0,25-34 years old,1,"At home, At a cafe","Pour over, French press",,Latte,Light,Juicy,Somewhat strong,Full caffeine,10.0,5.0,1.0,2.0,4.0,Coffee A,$20-$40,Female,Bachelor's degree,Employed full-time
VZ1OgE,25-34 years old,2,"On the go, At the office, At a cafe, At home","Pour over, Espresso","Local cafe, Specialty coffee shop",Espresso,Medium,Floral,Somewhat strong,Full caffeine,7.0,4.0,2.0,5.0,3.0,Coffee C,$80-$100,Male,Bachelor's degree,Employed part-time
9dJjjY,25-34 years old,2,"At home, On the go, At a cafe","Pour over, Espresso",Local cafe,Latte,Light,Fruity,Somewhat strong,Full caffeine,5.0,5.0,3.0,2.0,5.0,Coffee A,$40-$60,Male,Master's degree,Employed full-time
J2kvE4,25-34 years old,1,"At home, At the office","Pour over, French press, Cold brew, Other",,Pourover,French,Bold,Very strong,Full caffeine,6.0,2.0,3.0,3.0,1.0,Coffee C,$20-$40,Male,High school graduate,Employed part-time
rlrM4M,35-44 years old,3,"At home, At the office","Coffee brewing machine (e.g. Mr. Coffee), Pour over",,Pourover,Dark,Caramalized,Somewhat strong,Full caffeine,3.0,1.0,3.0,3.0,3.0,Coffee B,$40-$60,Male,Bachelor's degree,Employed full-time
1r2oLM,55-64 years old,3,At home,"Espresso, Other",,Espresso,Medium,Caramalized,Very strong,Full caffeine,5.0,5.0,3.0,3.0,3.0,Coffee A,,,,
8dp4Bx,25-34 years old,Less than 1,"At home, At the office",Pour over,,Latte,Medium,Juicy,Medium,Half caff,6.0,2.0,4.0,3.0,5.0,Coffee D,<$20,Female,Master's degree,Employed full-time
jB9A4a,18-24 years old,2,At home,Other,,Regular drip coffee,Light,Fruity,Medium,Full caffeine,7.0,4.0,2.0,1.0,4.0,Coffee A,$40-$60,Male,Bachelor's degree,Student
42NVVO,45-54 years old,2,At home,"Pour over, French press, Cold brew, Espresso",,Pourover,Light,Fruity,Somewhat strong,Full caffeine,5.0,4.0,1.0,3.0,5.0,Coffee D,$60-$80,Male,Master's degree,Employed full-time
bl4QRg,25-34 years old,3,"On the go, At home, At the office, At a cafe","Pour over, French press","Specialty coffee shop, Local cafe",Pourover,Medium,Full Bodied,Very strong,Full caffeine,6.0,5.0,3.0,3.0,4.0,Coffee A,$40-$60,Male,Bachelor's degree,Employed full-time
pLPpqq,35-44 years old,Less than 1,At home,Pour over,,Pourover,Light,Full Bodied,Medium,Full caffeine,4.0,5.0,2.0,3.0,4.0,Coffee B,$20-$40,Male,Master's degree,Employed full-time
AlbeXk,35-44 years old,2,"At home, At the office, On the go",Espresso,"National chain (e.g. Starbucks, Dunkin)",Cappuccino,Dark,Full Bodied,Somewhat strong,Full caffeine,1.0,2.0,5.0,5.0,2.0,Coffee C,,,,
42NV6O,45-54 years old,3,At home,"Espresso, French press, Other",,Latte,Light,Chocolatey,Medium,Full caffeine,7.0,4.0,2.0,2.0,5.0,Coffee B,$40-$60,Male,Master's degree,Employed full-time
GrBAM2,45-54 years old,2,"At home, At the office","Pour over, Espresso, Coffee brewing machine (e.g. Mr. Coffee), Cold brew",,Pourover,Light,Fruity,Somewhat strong,Full caffeine,7.0,4.0,3.0,2.0,5.0,Coffee D,$80-$100,Male,Doctorate or professional degree,Employed full-time
LdML4j,25-34 years old,1,At a cafe,,,Cappuccino,Medium,Fruity,Medium,Full caffeine,7.0,4.0,3.0,5.0,4.0,Coffee C,<$20,Male,Some college or associate's degree,Employed full-time
42NVeB,35-44 years old,1,At home,"Pour over, Espresso, Cold brew",,Pourover,Light,Bright,Somewhat strong,Full caffeine,8.0,4.0,3.0,4.0,4.0,Coffee D,$20-$40,Male,Bachelor's degree,Employed full-time
QABllp,35-44 years old,3,"At home, On the go, At the office, At a cafe","Pour over, Cold brew, French press","Local cafe, Specialty coffee shop",Pourover,Light,Floral,Somewhat strong,Full caffeine,6.0,4.0,3.0,2.0,5.0,Coffee D,$80-$100,Male,Bachelor's degree,Employed full-time
RzByNJ,25-34 years old,1,At home,Pour over,,Pourover,Light,Fruity,Very strong,Full caffeine,5.0,4.0,3.0,4.0,5.0,Coffee D,$40-$60,Male,Bachelor's degree,Employed full-time
oAVLP1,35-44 years old,2,At home,"Pour over, Espresso",,Espresso,Light,Fruity,Somewhat strong,Full caffeine,7.0,5.0,2.0,4.0,5.0,Coffee D,$40-$60,Male,Doctorate or professional degree,Employed full-time
kYRBj1,35-44 years old,2,At home,Pour over,,Regular drip coffee,Light,Fruity,Somewhat strong,Full caffeine,7.0,4.0,2.0,3.0,5.0,Coffee D,$40-$60,Male,Bachelor's degree,Employed full-time
EPb79q,35-44 years old,3,"At home, At the office",Other,,Pourover,Light,Fruity,Somewhat strong,Full caffeine,8.0,4.0,1.0,3.0,5.0,Coffee D,$40-$60,Male,Master's degree,Employed full-time
aBrqMq,18-24 years old,1,"At home, At a cafe",Pour over,,Pourover,Medium,Sweet,Medium,Full caffeine,6.0,3.0,5.0,2.0,1.0,Coffee B,$20-$40,Male,Some college or associate's degree,Employed full-time
GrBAVZ,25-34 years old,2,At home,"Pour over, Espresso, Coffee extract (e.g. Cometeer), Other",,Espresso,Light,Fruity,Somewhat light,Full caffeine,7.0,4.0,3.0,3.0,5.0,Coffee D,<$20,Male,Some college or associate's degree,Employed full-time
5dqP7d,25-34 years old,1,At home,Other,,Other,Light,Fruity,Medium,Full caffeine,5.0,4.0,3.0,4.0,4.0,Coffee A,<$20,Male,Bachelor's degree,Employed full-time
kYRBL6,18-24 years old,2,"At the office, At home, At a cafe, On the go",Pour over,"Local cafe, Specialty coffee shop",Pourover,Light,Fruity,Somewhat light,Full caffeine,7.0,4.0,1.0,3.0,5.0,Coffee D,$20-$40,Male,Bachelor's degree,Employed full-time
DVv6oR,18-24 years old,1,"At home, At a cafe",Other,,Iced coffee,Light,Fruity,Somewhat strong,Full caffeine,5.0,3.0,4.0,2.0,5.0,Coffee D,$20-$40,Prefer not to say,Bachelor's degree,Employed full-time
GrBAGj,18-24 years old,2,"At home, At the office","Pour over, Cold brew, Other",,Pourover,Light,Fruity,Medium,Full caffeine,7.0,4.0,3.0,2.0,5.0,Coffee D,$40-$60,Male,Bachelor's degree,Employed full-time
24xG9L,25-34 years old,1,At home,Other,,Other,Light,Fruity,Very strong,Full caffeine,8.0,3.0,3.0,1.0,5.0,Coffee D,<$20,Male,Master's degree,Employed part-time
lNlkGW,35-44 years old,2,"At home, At the office",Espresso,,Cortado,Medium,Bold,Somewhat strong,Full caffeine,6.0,2.0,3.0,3.0,4.0,Coffee D,$20-$40,Male,Bachelor's degree,Employed full-time
vNx58v,25-34 years old,2,"At a cafe, At home, On the go",Coffee brewing machine (e.g. Mr. Coffee),"Specialty coffee shop, Local cafe",Other,Light,Juicy,Somewhat light,Full caffeine,9.0,4.0,3.0,2.0,5.0,Coffee D,$20-$40,Female,Bachelor's degree,Employed full-time
g5N6BN,18-24 years old,Less than 1,At a cafe,,,Iced coffee,Light,Full Bodied,Medium,Decaf,2.0,4.0,5.0,3.0,3.0,Coffee B,<$20,Male,Bachelor's degree,Employed full-time
OABMRK,25-34 years old,2,"At home, At the office, On the go","Pour over, Pod/capsule machine (e.g. Keurig/Nespresso)",Specialty coffee shop,Pourover,Light,Fruity,Medium,Full caffeine,5.0,4.0,2.0,2.0,5.0,Coffee D,$60-$80,Female,Bachelor's degree,Employed full-time
eBxWVq,45-54 years old,2,At home,"Pour over, Coffee extract (e.g. Cometeer), Bean-to-cup machine, Coffee brewing machine (e.g. Mr. Coffee)",,Pourover,Medium,Fruity,Medium,Full caffeine,4.0,3.0,2.0,3.0,4.0,Coffee D,$20-$40,Male,Bachelor's degree,Employed full-time
g5N621,25-34 years old,1,"At home, At the office",Pour over,,Pourover,Light,Bright,Somewhat light,Full caffeine,6.0,4.0,4.0,3.0,5.0,Coffee D,$80-$100,Male,Bachelor's degree,Employed full-time
5dqPJM,35-44 years old,Less than 1,At home,"Espresso, Cold brew",,Latte,Light,Chocolatey,Somewhat strong,Decaf,2.0,2.0,1.0,1.0,4.0,Coffee D,$20-$40,Non-binary,Bachelor's degree,Employed full-time
7d9ryL,25-34 years old,1,"At the office, At home","Pour over, Espresso, Pod/capsule machine (e.g. Keurig/Nespresso)",,Latte,Medium,Nutty,Medium,Full caffeine,6.0,3.0,5.0,4.0,2.0,Coffee B,$20-$40,Male,Bachelor's degree,Employed full-time
aBrq7E,45-54 years old,1,At home,Pour over,,Pourover,Light,Full Bodied,Very strong,Full caffeine,5.0,2.0,3.0,4.0,2.0,Coffee C,$60-$80,Male,Bachelor's degree,Employed full-time
XeBPa4,55-64 years old,2,At home,"Coffee brewing machine (e.g. Mr. Coffee), Other",,Regular drip coffee,Dark,Bold,Somewhat strong,Full caffeine,5.0,3.0,5.0,4.0,1.0,Coffee B,$20-$40,Female,Bachelor's degree,Retired
kYRBqJ,25-34 years old,2,At home,"Espresso, Cold brew",,Latte,Medium,Chocolatey,Somewhat strong,Full caffeine,6.0,3.0,3.0,2.0,5.0,Coffee D,$40-$60,Male,Some college or associate's degree,Employed full-time
24xGGL,18-24 years old,1,"At home, At a cafe",Pour over,,Pourover,Light,Fruity,Somewhat strong,Full caffeine,8.0,4.0,3.0,3.0,5.0,Coffee D,$20-$40,Male,Bachelor's degree,Employed full-time
aBrqqq,25-34 years old,2,At home,"French press, Pour over, Espresso, Instant coffee, Other",,Latte,Medium,Chocolatey,Medium,Full caffeine,7.0,3.0,2.0,5.0,4.0,Coffee C,$40-$60,Male,Some college or associate's degree,Employed full-time
VZ1O6v,25-34 years old,2,"At home, On the go","Pour over, Other","Specialty coffee shop, National chain (e.g. Starbucks, Dunkin)",Pourover,Medium,Sweet,Very strong,Half caff,6.0,5.0,3.0,2.0,4.0,Coffee A,$40-$60,Male,Bachelor's degree,Student
jB9AjR,18-24 years old,2,"At home, On the go","Pour over, Espresso",Local cafe,Pourover,Medium,Caramalized,Medium,Full caffeine,5.0,4.0,3.0,5.0,2.0,Coffee C,<$20,Female,Doctorate or professional degree,Student
AlbeM0,35-44 years old,2,"At home, At a cafe, At the office, On the go","Pour over, French press, Cold brew","Local cafe, National chain (e.g. Starbucks, Dunkin), Specialty coffee shop",Latte,Light,Bright,Somewhat strong,Full caffeine,7.0,3.0,2.0,1.0,4.0,Coffee D,$60-$80,Male,Bachelor's degree,Employed full-time
NAB1ZQ,35-44 years old,3,"At home, At the office","Coffee brewing machine (e.g. Mr. Coffee), Pour over, Espresso",,Cortado,Light,Bold,Somewhat strong,Full caffeine,5.0,3.0,3.0,3.0,5.0,Coffee D,$40-$60,Female,Bachelor's degree,Employed full-time
xdN5GG,25-34 years old,2,"At the office, At home",Pour over,,Pourover,Light,Fruity,Medium,Full caffeine,6.0,2.0,4.0,3.0,5.0,Coffee D,$20-$40,Male,Bachelor's degree,Employed full-time
oAVLJX,18-24 years old,Less than 1,None of these,,,Mocha,Italian,Chocolatey,Weak,Decaf,1.0,1.0,1.0,1.0,2.0,Coffee D,<$20,Female,Bachelor's degree,Employed full-time
lNlkx5,55-64 years old,4,At home,"French press, Espresso, Coffee brewing machine (e.g. Mr. Coffee)",,Espresso,Dark,Full Bodied,Somewhat strong,Full caffeine,9.0,2.0,3.0,4.0,2.0,Coffee C,$20-$40,Male,Master's degree,Retired
ZdRrqa,25-34 years old,2,At home,"French press, Coffee brewing machine (e.g. Mr. Coffee)",,Latte,Medium,Caramalized,Medium,Full caffeine,5.0,2.0,4.0,2.0,4.0,Coffee B,$40-$60,Female,Master's degree,Employed full-time
OABM28,45-54 years old,More than 4,"At home, At the office, On the go","Coffee brewing machine (e.g. Mr. Coffee), Cold brew, Instant coffee",Local cafe,Regular drip coffee,Light,Full Bodied,Somewhat strong,Full caffeine,5.0,5.0,1.0,4.0,4.0,Coffee D,$20-$40,Male,Bachelor's degree,Employed full-time
xdN5by,25-34 years old,1,"At the office, At home","Pour over, Pod/capsule machine (e.g. Keurig/Nespresso)",,Pourover,Light,Fruity,Somewhat strong,Full caffeine,8.0,2.0,2.0,4.0,5.0,Coffee D,$20-$40,Female,Master's degree,Employed part-time
ylq5Lp,25-34 years old,Less than 1,At home,"Pod/capsule machine (e.g. Keurig/Nespresso), French press",,Pourover,Light,Bright,Medium,Full caffeine,5.0,4.0,2.0,3.0,4.0,Coffee A,$20-$40,Non-binary,Master's degree,Employed full-time
0EjR96,25-34 years old,1,At home,Other,,Other,Light,Fruity,Somewhat strong,Full caffeine,6.0,2.0,3.0,4.0,4.0,Coffee D,$20-$40,Male,Bachelor's degree,
dY2eMA,25-34 years old,2,At home,Coffee brewing machine (e.g. Mr. Coffee),,Regular drip coffee,Dark,Full Bodied,Medium,Full caffeine,5.0,3.0,2.0,4.0,4.0,Coffee C,$80-$100,Female,Bachelor's degree,Employed full-time
jB9A4x,25-34 years old,4,At home,"Espresso, Other, French press, Cold brew",,Americano,Medium,Fruity,Somewhat strong,Full caffeine,6.0,3.0,4.0,5.0,5.0,Coffee D,$20-$40,Male,Bachelor's degree,Employed part-time
42NV5B,55-64 years old,1,At home,"Pod/capsule machine (e.g. Keurig/Nespresso), Bean-to-cup machine, Other",,Regular drip coffee,Medium,Nutty,Medium,Half caff,4.0,2.0,5.0,5.0,1.0,Coffee B,$20-$40,Female,Master's degree,Retired
oAVLZP,25-34 years old,2,At home,"Pour over, Espresso, Coffee extract (e.g. Cometeer), Coffee brewing machine (e.g. Mr. Coffee)",,Pourover,Medium,Chocolatey,Somewhat light,Full caffeine,3.0,2.0,5.0,4.0,1.0,Coffee B,$40-$60,Female,Bachelor's degree,Homemaker
EPb77X,45-54 years old,3,"At home, At the office","Espresso, Other",,Latte,Medium,Chocolatey,Somewhat strong,Full caffeine,6.0,3.0,3.0,4.0,5.0,Coffee C,$40-$60,Male,Bachelor's degree,Employed full-time
pLPpQV,18-24 years old,Less than 1,"At home, At a cafe","Pour over, Instant coffee, Cold brew",,Latte,Light,Fruity,Medium,Decaf,7.0,5.0,3.0,3.0,5.0,Coffee D,<$20,Male,,Student
OABMq7,25-34 years old,2,"On the go, At home, At the office, At a cafe",Espresso,"Specialty coffee shop, Local cafe",Latte,Medium,Caramalized,Somewhat strong,Full caffeine,7.0,5.0,4.0,3.0,2.0,Coffee A,$40-$60,Male,Bachelor's degree,Employed full-time
PABJJ5,45-54 years old,2,At home,Pour over,,Mocha,Medium,Full Bodied,Very strong,Full caffeine,7.0,3.0,4.0,2.0,2.0,Coffee B,$20-$40,Male,High school graduate,Employed full-time
1r2oQQ,25-34 years old,4,At home,"Pour over, Espresso, Coffee brewing machine (e.g. Mr. Coffee), Coffee extract (e.g. Cometeer)",,Pourover,Light,Bright,Somewhat strong,Full caffeine,7.0,4.0,3.0,2.0,5.0,Coffee D,$60-$80,Male,Bachelor's degree,Employed full-time
6dQEoO,35-44 years old,2,"At the office, At home","Espresso, Pour over",,Cortado,Medium,Juicy,Medium,Full caffeine,6.0,2.0,4.0,3.0,2.0,Coffee B,$40-$60,Male,Master's degree,Employed full-time
24xG6V,18-24 years old,1,"At home, On the go","Other, Pod/capsule machine (e.g. Keurig/Nespresso)",Deli or supermarket,Cappuccino,Medium,Nutty,Somewhat light,Full caffeine,6.0,2.0,3.0,4.0,1.0,Coffee C,$20-$40,Male,Some college or associate's degree,Student
lNlkkB,35-44 years old,2,At home,Espresso,,Mocha,Dark,Caramalized,Very strong,Full caffeine,7.0,3.0,4.0,5.0,2.0,Coffee C,<$20,Male,Some college or associate's degree,Employed part-time
oAVL8e,45-54 years old,1,"At home, At a cafe","Pour over, French press, Cold brew, Coffee extract (e.g. Cometeer), Instant coffee, Other",,Iced coffee,Medium,Chocolatey,Medium,Full caffeine,7.0,3.0,4.0,3.0,2.0,Coffee B,$20-$40,Female,Doctorate or professional degree,Employed full-time
rlrMz5,25-34 years old,2,"At home, At the office","Pour over, Coffee extract (e.g. Cometeer), Cold brew, Other",,Regular drip coffee,Light,Fruity,Somewhat strong,Full caffeine,7.0,4.0,3.0,3.0,5.0,Coffee D,$40-$60,Male,Doctorate or professional degree,Student
42NV0k,18-24 years old,2,"At home, At a cafe","Pour over, Espresso",,Pourover,Light,Juicy,Somewhat strong,Full caffeine,10.0,5.0,2.0,1.0,5.0,Coffee D,$60-$80,Male,Some college or associate's degree,Employed full-time
MAdpZp,55-64 years old,3,"At home, At a cafe, On the go","Pod/capsule machine (e.g. Keurig/Nespresso), Pour over, Espresso, Cold brew, Other","Drive-thru, National chain (e.g. Starbucks, Dunkin), Local cafe",Other,Medium,Full Bodied,Somewhat strong,Full caffeine,8.0,5.0,2.0,4.0,5.0,Coffee D,$60-$80,Female,Some college or associate's degree,Retired
eBxW4E,35-44 years old,More than 4,At home,"Coffee brewing machine (e.g. Mr. Coffee), Cold brew, French press",,Cortado,Medium,Chocolatey,Medium,Full caffeine,6.0,3.0,3.0,1.0,5.0,Coffee D,$20-$40,Female,Some college or associate's degree,Homemaker
rlrM4v,35-44 years old,1,At home,Pour over,,Pourover,Light,Bright,,,8.0,4.0,2.0,3.0,4.0,Coffee D,,Male,Master's degree,Employed full-time
OABMx7,25-34 years old,1,"At home, At the office","Pour over, French press, Pod/capsule machine (e.g. Keurig/Nespresso), Other",,Pourover,Medium,Chocolatey,Medium,Full caffeine,2.0,4.0,3.0,2.0,5.0,Coffee D,$20-$40,Female,Bachelor's degree,Employed full-time
OABMZR,55-64 years old,Less than 1,"At home, At the office","Coffee brewing machine (e.g. Mr. Coffee), Pour over, Pod/capsule machine (e.g. Keurig/Nespresso)",,Cortado,Medium,Chocolatey,Somewhat strong,Half caff,4.0,4.0,5.0,3.0,1.0,Coffee B,<$20,Female,Bachelor's degree,Employed full-time
GrBAPo,25-34 years old,1,At home,"Pour over, French press, Espresso, Instant coffee, Cold brew",,Pourover,Medium,Nutty,Somewhat strong,Full caffeine,3.0,3.0,2.0,2.0,4.0,Coffee D,$20-$40,Male,Some college or associate's degree,Employed part-time
PABJxQ,35-44 years old,2,At home,Pour over,,Pourover,Light,Chocolatey,,,3.0,3.0,5.0,2.0,2.0,Coffee B,,Female,Master's degree,Employed full-time
jB9AKR,55-64 years old,More than 4,At home,"French press, Coffee brewing machine (e.g. Mr. Coffee)",,Regular drip coffee,Dark,Full Bodied,Very strong,Full caffeine,5.0,5.0,3.0,4.0,2.0,Coffee A,$40-$60,Male,Bachelor's degree,Employed full-time
QABl98,>65 years old,Less than 1,At home,Pour over,,Pourover,Light,Chocolatey,Medium,Decaf,3.0,3.0,4.0,5.0,1.0,Coffee C,<$20,Female,Bachelor's degree,Employed part-time
xdN55y,18-24 years old,2,"At home, At a cafe","Pour over, Espresso",,Latte,Light,Chocolatey,Medium,Full caffeine,4.0,3.0,5.0,4.0,2.0,Coffee D,,,,
lNlk8B,55-64 years old,2,At home,Pour over,,Pourover,Light,Fruity,Somewhat strong,Full caffeine,6.0,5.0,3.0,4.0,5.0,Coffee D,$60-$80,Female,Doctorate or professional degree,Retired
NAB1kW,25-34 years old,4,At the office,,,Regular drip coffee,Light,Bright,Somewhat strong,Full caffeine,7.0,4.0,3.0,3.0,2.0,Coffee A,$80-$100,Male,Bachelor's degree,Employed full-time
PABJQ5,35-44 years old,1,"At home, At a cafe",Pour over,,Cortado,Light,Fruity,Somewhat strong,Full caffeine,6.0,4.0,2.0,3.0,5.0,Coffee D,$60-$80,Male,Bachelor's degree,Employed full-time
dY2eOz,35-44 years old,2,"At home, At the office",Pod/capsule machine (e.g. Keurig/Nespresso),,Latte,Light,Sweet,Very strong,Full caffeine,2.0,2.0,4.0,3.0,1.0,Coffee B,<$20,,,
LdML8G,25-34 years old,Less than 1,At home,Coffee brewing machine (e.g. Mr. Coffee),,Regular drip coffee,Dark,Bold,Somewhat strong,Full caffeine,3.0,1.0,2.0,5.0,3.0,Coffee C,<$20,Male,Some college or associate's degree,Employed full-time
ylq5O0,55-64 years old,3,"At home, At the office",Pod/capsule machine (e.g. Keurig/Nespresso),,Regular drip coffee,Medium,Sweet,Medium,Full caffeine,1.0,3.0,3.0,2.0,2.0,Coffee A,$20-$40,Female,Bachelor's degree,Employed full-time
9dJjAp,45-54 years old,1,"At home, At a cafe","Espresso, French press, Other",,Espresso,Medium,Fruity,Very strong,Full caffeine,5.0,3.0,3.0,4.0,5.0,Coffee D,$40-$60,Male,Master's degree,Employed full-time
NAB1GW,25-34 years old,2,At home,"Pour over, Instant coffee",,Pourover,Light,Sweet,Medium,Full caffeine,3.0,5.0,3.0,5.0,3.0,Coffee A,$60-$80,Male,Bachelor's degree,Employed part-time
GrBAGo,25-34 years old,1,At home,Pour over,,Latte,Medium,Full Bodied,Somewhat strong,Full caffeine,5.0,3.0,5.0,3.0,1.0,Coffee B,$20-$40,Female,Master's degree,Employed part-time
7d9rG9,25-34 years old,Less than 1,"At the office, At home, At a cafe",Pour over,,Regular drip coffee,Medium,Bright,Somewhat strong,Full caffeine,7.0,4.0,5.0,4.0,5.0,Coffee B,$20-$40,Female,High school graduate,Employed full-time
24xGWV,55-64 years old,1,At home,"Pour over, Other",,Pourover,Medium,Chocolatey,Medium,Full caffeine,5.0,4.0,4.0,3.0,2.0,Coffee B,$20-$40,Male,Some college or associate's degree,Employed full-time
5dqPRP,55-64 years old,2,At home,"French press, Coffee brewing machine (e.g. Mr. Coffee), Pod/capsule machine (e.g. Keurig/Nespresso), Cold brew",,Regular drip coffee,Medium,Full Bodied,Medium,Full caffeine,6.0,5.0,2.0,4.0,3.0,Coffee A,$60-$80,Male,Some college or associate's degree,Employed full-time
KMBK9M,25-34 years old,1,At home,"Pour over, Cold brew",,Pourover,Light,Floral,Medium,Full caffeine,6.0,5.0,2.0,5.0,4.0,Coffee A,<$20,Male,Bachelor's degree,Employed full-time
kYRB26,35-44 years old,3,"At home, At the office","Pour over, Espresso",,Espresso,Medium,Chocolatey,Somewhat strong,Full caffeine,6.0,4.0,4.0,5.0,4.0,Coffee C,$20-$40,Male,High school graduate,Employed full-time
ZdRrry,35-44 years old,Less than 1,"At home, At a cafe","Coffee brewing machine (e.g. Mr. Coffee), Espresso, Cold brew",,Latte,Light,Caramalized,Medium,Full caffeine,6.0,4.0,5.0,2.0,4.0,Coffee B,$60-$80,Female,Bachelor's degree,Employed full-time
g5N6ld,35-44 years old,2,"At home, At the office",Other,,Latte,Medium,Caramalized,Medium,Full caffeine,7.0,2.0,3.0,4.0,2.0,Coffee C,$20-$40,Male,Some college or associate's degree,Employed full-time
DVv6Qj,>65 years old,2,At home,Pour over,,Pourover,Medium,Full Bodied,Somewhat strong,Full caffeine,5.0,3.0,4.0,5.0,1.0,Coffee C,$60-$80,Male,Doctorate or professional degree,Employed full-time
aBrqW9,25-34 years old,1,"At home, At the office, At a cafe","Pour over, Coffee brewing machine (e.g. Mr. Coffee), Instant coffee",,Pourover,Dark,Bold,Somewhat strong,Full caffeine,6.0,4.0,2.0,3.0,5.0,Coffee D,,Female,Bachelor's degree,Employed full-time
MAdpxX,35-44 years old,3,"At home, At the office","Pour over, Espresso",,Regular drip coffee,Light,Fruity,Somewhat strong,Full caffeine,7.0,5.0,3.0,2.0,4.0,Coffee A,>$100,Male,Bachelor's degree,Employed full-time
rlrM9l,25-34 years old,2,"At home, At the office","Pour over, Espresso",,Pourover,Light,Juicy,Somewhat light,Full caffeine,8.0,4.0,3.0,2.0,5.0,Coffee D,$20-$40,Male,Bachelor's degree,Employed full-time
7d9r0P,35-44 years old,2,"On the go, At a cafe, At home","Pour over, Espresso","Local cafe, Specialty coffee shop, National chain (e.g. Starbucks, Dunkin)",Cortado,Medium,Floral,Medium,Full caffeine,4.0,3.0,4.0,5.0,2.0,Coffee C,,Female,Bachelor's degree,Unemployed
BGbWRN,25-34 years old,1,"At home, On the go","Other, Espresso",Specialty coffee shop,Pourover,Light,Fruity,Somewhat strong,Full caffeine,5.0,2.0,3.0,3.0,5.0,Coffee D,$40-$60,Male,Bachelor's degree,Employed full-time
BGbWNA,>65 years old,1,At home,Cold brew,,Cold brew,Dark,Full Bodied,Somewhat strong,Full caffeine,4.0,2.0,4.0,2.0,1.0,Coffee B,$20-$40,Male,Bachelor's degree,Retired
xdN5Wo,35-44 years old,2,"At home, At the office, On the go, At a cafe","Pour over, French press, Espresso","Specialty coffee shop, Drive-thru, Local cafe, National chain (e.g. Starbucks, Dunkin)",Pourover,Light,Fruity,Medium,Full caffeine,7.0,3.0,2.0,1.0,3.0,Coffee A,$40-$60,Male,Bachelor's degree,Employed full-time
9dJjb1,55-64 years old,3,At home,"Pour over, Espresso, Instant coffee",,Latte,Dark,Nutty,Medium,Full caffeine,7.0,4.0,4.0,5.0,2.0,Coffee C,$40-$60,Male,Bachelor's degree,Employed part-time
bl4Q1g,25-34 years old,1,At home,Other,,Americano,Light,Floral,Somewhat strong,Full caffeine,4.0,4.0,2.0,3.0,3.0,Coffee A,$20-$40,Male,Doctorate or professional degree,Student
9dJjeG,18-24 years old,1,"At home, On the go",Espresso,Other,Espresso,Light,Fruity,Medium,Full caffeine,3.0,3.0,3.0,4.0,2.0,Coffee C,<$20,Male,Less than high school,Employed full-time
J2kvPd,35-44 years old,1,"At home, At a cafe",Other,,Latte,Medium,Fruity,Somewhat strong,Full caffeine,8.0,4.0,3.0,4.0,5.0,Coffee D,$20-$40,Male,Bachelor's degree,Employed full-time
EPb7oX,25-34 years old,2,"At home, At the office",Pour over,,Latte,Medium,Nutty,Medium,Full caffeine,6.0,4.0,4.0,4.0,3.0,Coffee C,$20-$40,Male,Bachelor's degree,Employed full-time
RzByAl,35-44 years old,1,At home,"Pour over, Espresso, French press",,Pourover,Light,Fruity,Somewhat strong,Full caffeine,8.0,4.0,3.0,1.0,5.0,Coffee D,$60-$80,Male,Some college or associate's degree,Employed full-time
PABJKd,55-64 years old,1,At home,Pour over,,Regular drip coffee,Medium,Chocolatey,Somewhat strong,Full caffeine,3.0,4.0,5.0,3.0,1.0,Coffee B,$20-$40,Female,Bachelor's degree,Retired
42NVZb,45-54 years old,1,"On the go, At the office, At a cafe, At home","Pour over, French press, Espresso, Other","Specialty coffee shop, National chain (e.g. Starbucks, Dunkin), Local cafe, Deli or supermarket, Drive-thru",Latte,Medium,Chocolatey,Medium,Full caffeine,5.0,3.0,5.0,4.0,2.0,Coffee B,$80-$100,Female,Some college or associate's degree,Employed full-time
QABlZg,55-64 years old,2,At home,Coffee brewing machine (e.g. Mr. Coffee),,Latte,Medium,Chocolatey,Very strong,Full caffeine,7.0,2.0,3.0,4.0,2.0,Coffee C,$40-$60,Male,Bachelor's degree,Employed full-time
kYRBBM,25-34 years old,Less than 1,At home,Pour over,"National chain (e.g. Starbucks, Dunkin)",Pourover,Medium,Bold,Somewhat strong,Full caffeine,7.0,2.0,4.0,3.0,1.0,Coffee B,$20-$40,Male,Bachelor's degree,Employed full-time
qbE1r2,25-34 years old,Less than 1,At a cafe,,,Latte,Italian,Nutty,Weak,Decaf,1.0,2.0,2.0,2.0,2.0,Coffee B,<$20,Female,Master's degree,Employed full-time
vNx55Q,55-64 years old,2,"At home, At the office","Pour over, French press, Espresso",,Pourover,Light,Bright,Medium,Full caffeine,5.0,2.0,4.0,3.0,4.0,Coffee B,$20-$40,Male,Some college or associate's degree,Employed full-time
YZzll5,25-34 years old,2,"At home, At a cafe","Pour over, French press, Cold brew, Other",,Pourover,Light,Fruity,Medium,Full caffeine,7.0,4.0,5.0,3.0,2.0,Coffee B,$40-$60,Male,Bachelor's degree,Employed full-time
QABlQp,25-34 years old,3,"At home, At a cafe","Pour over, Espresso",,Espresso,Light,Bright,Very strong,Full caffeine,6.0,5.0,2.0,4.0,5.0,Coffee A,$60-$80,Male,Bachelor's degree,Employed full-time
jB9ARE,25-34 years old,3,"At home, At the office","Pour over, Espresso, Other, Coffee extract (e.g. Cometeer)",,Pourover,Nordic,Fruity,Somewhat strong,Full caffeine,6.0,4.0,2.0,2.0,3.0,Coffee A,>$100,Male,Bachelor's degree,Employed full-time
EPb7Ro,25-34 years old,1,At home,"Pour over, Espresso, French press, Cold brew",,Pourover,Medium,Fruity,Somewhat strong,Full caffeine,8.0,4.0,3.0,3.0,5.0,Coffee D,<$20,Male,Master's degree,Student
9dJjz4,25-34 years old,2,At home,Other,,Americano,Light,Fruity,Very strong,Full caffeine,4.0,,,,,,,,,
qbElL5,,,"At home, At the office",Pour over,,Pourover,Light,Floral,Medium,Full caffeine,8.0,,,,,,,,,
RzBy7P,25-34 years old,1,On the go,,"National chain (e.g. Starbucks, Dunkin), Local cafe",Americano,Medium,Nutty,Somewhat strong,Full caffeine,3.0,2.0,4.0,5.0,1.0,Coffee C,$20-$40,Female,Doctorate or professional degree,Student
pLPpjE,35-44 years old,1,At home,French press,,Regular drip coffee,Medium,Nutty,Medium,Full caffeine,1.0,4.0,3.0,5.0,3.0,Coffee C,<$20,Male,Bachelor's degree,Employed part-time
jB9AO6,25-34 years old,3,At home,Pod/capsule machine (e.g. Keurig/Nespresso),,Cold brew,,Bold,Very strong,Full caffeine,5.0,1.0,4.0,4.0,4.0,Coffee C,,,,
BGbWMA,25-34 years old,2,"At home, At the office","Pour over, Espresso",,Espresso,Medium,Floral,Somewhat strong,Full caffeine,6.0,5.0,3.0,2.0,4.0,Coffee A,$20-$40,Male,Bachelor's degree,Employed full-time
dY2yqN,35-44 years old,2,,Pour over,,Pourover,Light,Fruity,Somewhat strong,Full caffeine,7.0,3.0,2.0,3.0,5.0,Coffee C,,,,
ylqaNd,35-44 years old,1,"At home, On the go, At a cafe","Pour over, Espresso","Local cafe, Specialty coffee shop",Latte,Light,Fruity,Very strong,Full caffeine,6.0,4.0,,,,,,,,
zKQ5P8,25-34 years old,4,At home,Pour over,,Americano,Medium,Full Bodied,Somewhat strong,Full caffeine,5.0,4.0,3.0,4.0,5.0,Coffee D,$80-$100,Male,Bachelor's degree,Employed full-time
24xGqb,35-44 years old,2,"At the office, At home","Coffee brewing machine (e.g. Mr. Coffee), Espresso",,Blended drink (e.g. Frappuccino),Light,Nutty,Very strong,Full caffeine,6.0,1.0,3.0,3.0,1.0,Coffee C,<$20,Male,Bachelor's degree,Employed full-time
MAdpog,18-24 years old,2,"At the office, At a cafe, At home, On the go","French press, Espresso, Coffee brewing machine (e.g. Mr. Coffee)",Local cafe,Mocha,Dark,Bold,Somewhat strong,Full caffeine,6.0,1.0,5.0,4.0,4.0,Coffee B,$20-$40,Male,Some college or associate's degree,Student
YZzAPv,35-44 years old,2,At the office,,,Cortado,Medium,Caramalized,Somewhat strong,Full caffeine,6.0,5.0,1.0,3.0,4.0,Coffee A,$40-$60,Female,Doctorate or professional degree,Employed full-time
NAB1Kb,25-34 years old,3,"At the office, At home","Pour over, French press, Coffee brewing machine (e.g. Mr. Coffee), Cold brew",,Pourover,Light,Caramalized,Weak,Full caffeine,7.0,5.0,4.0,1.0,3.0,Coffee A,$20-$40,Male,Master's degree,Employed full-time
qbE1xk,18-24 years old,1,At a cafe,,,Latte,Medium,Chocolatey,Medium,Full caffeine,3.0,2.0,3.0,4.0,1.0,Coffee C,$20-$40,Female,Bachelor's degree,Employed full-time
PABqjP,25-34 years old,1,"At home, At the office","Coffee brewing machine (e.g. Mr. Coffee), Espresso",,Pourover,Dark,Full Bodied,Medium,Half caff,5.0,2.0,3.0,4.0,2.0,Coffee C,<$20,Male,Master's degree,Student
rlrMx5,25-34 years old,1,At home,Espresso,,Latte,Dark,Chocolatey,Medium,Full caffeine,4.0,1.0,2.0,2.0,4.0,Coffee D,$40-$60,Female,Master's degree,Employed full-time
oAVj6M,25-34 years old,2,"At home, At the office, At a cafe, On the go","Pour over, French press",Specialty coffee shop,Pourover,Medium,Nutty,Medium,Full caffeine,4.0,4.0,3.0,2.0,4.0,Coffee A,$20-$40,Male,Master's degree,Employed full-time
rlrZ5X,45-54 years old,2,At home,"Espresso, Pour over, Other",,Pourover,Light,Juicy,Medium,Full caffeine,7.0,5.0,1.0,3.0,4.0,Coffee A,$40-$60,Male,Some college or associate's degree,Employed full-time
OABN4a,25-34 years old,2,At home,"French press, Espresso",,Espresso,Nordic,Juicy,Medium,Full caffeine,,5.0,,2.0,4.0,Coffee A,,,,
aBrMNW,25-34 years old,1,At home,Pour over,,Pourover,Light,Floral,Somewhat strong,Full caffeine,7.0,5.0,2.0,2.0,4.0,Coffee A,$20-$40,Male,Bachelor's degree,Employed part-time
ZdRrpv,25-34 years old,1,At home,"Pour over, French press, Espresso",,Latte,Medium,Fruity,Medium,Full caffeine,5.0,5.0,5.0,2.0,3.0,Coffee A,$60-$80,Male,High school graduate,Employed full-time
VZ16zj,25-34 years old,3,"At home, At the office","Espresso, Pour over",,Latte,Medium,Chocolatey,Somewhat strong,Full caffeine,4.0,,4.0,,,Coffee B,,,,
0EjWQP,35-44 years old,1,At home,"Pour over, Cold brew, Coffee brewing machine (e.g. Mr. Coffee)",,Pourover,Medium,Caramalized,Somewhat strong,Full caffeine,7.0,2.0,1.0,4.0,3.0,Coffee C,$40-$60,Male,Bachelor's degree,Employed part-time
24x6Eg,25-34 years old,1,At home,"Coffee brewing machine (e.g. Mr. Coffee), Bean-to-cup machine",,Americano,Dark,Bold,Somewhat strong,Full caffeine,1.0,3.0,5.0,4.0,3.0,Coffee D,$20-$40,Male,Bachelor's degree,Employed full-time
zKQ6jg,>65 years old,More than 4,"At home, On the go",Pour over,Local cafe,Regular drip coffee,Medium,Full Bodied,Somewhat strong,Full caffeine,5.0,4.0,4.0,2.0,1.0,Coffee A,,,,
24x6XM,25-34 years old,2,"At home, At the office","Bean-to-cup machine, Pour over, Espresso",,Pourover,Light,Juicy,Very strong,Full caffeine,7.0,4.0,2.0,3.0,5.0,Coffee D,$60-$80,Male,Doctorate or professional degree,Employed full-time
5dqAXv,18-24 years old,2,"At home, At a cafe","Pour over, Espresso",,Pourover,Light,Juicy,Somewhat strong,Full caffeine,8.0,5.0,3.0,2.0,4.0,Coffee A,$40-$60,Male,Bachelor's degree,Employed full-time
bl4Jq7,35-44 years old,1,"At a cafe, At home","Pour over, Espresso, Cold brew",,Latte,Medium,Nutty,Medium,Full caffeine,4.0,2.0,3.0,3.0,4.0,Coffee D,$40-$60,Female,Master's degree,Homemaker
OABMpA,35-44 years old,2,At home,"Coffee brewing machine (e.g. Mr. Coffee), French press",,Regular drip coffee,Medium,Fruity,Somewhat strong,Full caffeine,4.0,4.0,3.0,3.0,5.0,Coffee D,$20-$40,Female,Bachelor's degree,Employed full-time
qbElGO,25-34 years old,Less than 1,"At home, At the office, At a cafe","Pour over, Espresso",,Latte,Medium,Full Bodied,Weak,Decaf,5.0,1.0,3.0,4.0,1.0,Coffee C,<$20,Female,Bachelor's degree,Unemployed
WAp79L,25-34 years old,Less than 1,At home,Espresso,,Cappuccino,Medium,Full Bodied,Somewhat strong,Full caffeine,7.0,4.0,5.0,1.0,3.0,Coffee B,$20-$40,Male,Some college or associate's degree,
PABq11,25-34 years old,1,At home,Other,,Cortado,Medium,Chocolatey,Somewhat strong,Full caffeine,5.0,3.0,4.0,2.0,2.0,Coffee B,$20-$40,Male,Master's degree,Employed full-time
eBxWdo,35-44 years old,More than 4,At home,"Espresso, Other",,Espresso,Light,Fruity,Very strong,Full caffeine,8.0,4.0,3.0,2.0,5.0,Coffee D,$80-$100,Male,Master's degree,Employed full-time
QABlgk,25-34 years old,1,At home,Pod/capsule machine (e.g. Keurig/Nespresso),,Cortado,Light,Sweet,Somewhat strong,Full caffeine,4.0,5.0,2.0,3.0,1.0,Coffee A,$20-$40,Female,Doctorate or professional degree,Employed full-time
NABZrp,25-34 years old,1,At home,Pour over,,Regular drip coffee,Medium,Caramalized,Somewhat strong,Full caffeine,7.0,2.0,4.0,3.0,3.0,Coffee B,$20-$40,Male,Bachelor's degree,Employed full-time
8dp4vo,25-34 years old,1,"At home, At the office, At a cafe","Coffee brewing machine (e.g. Mr. Coffee), Other",,Regular drip coffee,Light,Bright,Medium,Full caffeine,6.0,4.0,3.0,4.0,3.0,Coffee A,<$20,Male,Bachelor's degree,Employed full-time
oAVL4M,35-44 years old,1,At home,Pour over,,Latte,Medium,Caramalized,Somewhat strong,Full caffeine,6.0,3.0,4.0,2.0,1.0,Coffee B,$20-$40,Male,Bachelor's degree,Homemaker
8dplLl,25-34 years old,1,At home,Coffee brewing machine (e.g. Mr. Coffee),,Latte,Dark,Chocolatey,Medium,Full caffeine,1.0,4.0,1.0,3.0,5.0,Coffee D,<$20,Female,Bachelor's degree,Employed full-time
MAdxD8,25-34 years old,Less than 1,At home,Pour over,,Latte,Medium,Caramalized,Medium,Decaf,3.0,5.0,3.0,2.0,4.0,Coffee A,<$20,Female,Bachelor's degree,Employed full-time
VZ16pN,35-44 years old,2,"At home, On the go, At a cafe, At the office","Pour over, French press, Espresso",Specialty coffee shop,Cappuccino,Light,Fruity,Very strong,Full caffeine,7.0,5.0,2.0,3.0,4.0,Coffee A,$20-$40,Male,Master's degree,Employed full-time
jB9VDY,25-34 years old,1,At home,Coffee brewing machine (e.g. Mr. Coffee),,Latte,Blonde,Nutty,Medium,Full caffeine,4.0,2.0,2.0,1.0,3.0,Coffee D,$60-$80,Female,Bachelor's degree,Homemaker
bl4J97,25-34 years old,2,At home,Espresso,,Latte,Medium,Bright,Somewhat strong,Full caffeine,6.0,5.0,2.0,3.0,1.0,Coffee A,$40-$60,Male,Bachelor's degree,Employed full-time
zKQ6xZ,35-44 years old,Less than 1,At a cafe,,,Espresso,Light,Bright,Medium,Half caff,3.0,4.0,1.0,5.0,4.0,Coffee C,<$20,,,
6dQEb5,55-64 years old,1,At home,Other,,Regular drip coffee,Medium,Caramalized,Medium,Full caffeine,3.0,4.0,3.0,3.0,1.0,Coffee A,<$20,Female,Bachelor's degree,Employed full-time
0EjWrQ,25-34 years old,2,At home,"Pour over, French press, Espresso, Cold brew",,Pourover,Light,Juicy,Somewhat strong,Full caffeine,7.0,4.0,2.0,4.0,5.0,Coffee D,$40-$60,Male,Master's degree,Employed full-time
ZdRBOV,18-24 years old,2,"At home, On the go","Coffee brewing machine (e.g. Mr. Coffee), Pour over",Local cafe,Regular drip coffee,Light,Fruity,Very strong,Full caffeine,6.0,4.0,2.0,3.0,4.0,Coffee D,$80-$100,Female,Master's degree,Student
MAdxeE,35-44 years old,2,At home,Other,,Latte,Medium,Chocolatey,Very strong,Full caffeine,5.0,3.0,2.0,4.0,2.0,Coffee C,$20-$40,Male,Master's degree,Employed full-time
VZ16p6,35-44 years old,2,At home,Pour over,,Pourover,Light,Fruity,,Half caff,6.0,5.0,4.0,3.0,2.0,Coffee A,$40-$60,Male,Some college or associate's degree,Employed full-time
lNlEBX,25-34 years old,1,"At the office, On the go, At home, At a cafe","Espresso, Pour over",Local cafe,Cortado,Medium,Floral,Medium,Full caffeine,7.0,3.0,1.0,2.0,3.0,Coffee A,$40-$60,Male,Master's degree,Employed full-time
dY2eLN,35-44 years old,1,At home,Pod/capsule machine (e.g. Keurig/Nespresso),,Regular drip coffee,Dark,Full Bodied,Somewhat strong,Full caffeine,2.0,2.0,5.0,4.0,2.0,Coffee B,$40-$60,Male,Doctorate or professional degree,Employed full-time
rlrZOo,55-64 years old,2,"At home, At the office",Espresso,,Latte,Medium,Full Bodied,Somewhat strong,Full caffeine,1.0,4.0,2.0,5.0,1.0,Coffee C,,,,
Albe1W,55-64 years old,2,At home,"Pour over, Other",,Cappuccino,Medium,Chocolatey,Somewhat strong,Full caffeine,5.0,2.0,4.0,3.0,4.0,Coffee B,,Male,Master's degree,Retired
1r2o1L,35-44 years old,2,"At home, At a cafe","Pour over, Espresso",,Cortado,Light,Bright,Medium,Full caffeine,8.0,4.0,1.0,2.0,4.0,Coffee D,$20-$40,Male,Master's degree,Employed full-time
VZ16G6,35-44 years old,2,"At home, At the office","Espresso, Pour over",,Espresso,Medium,Full Bodied,Very strong,Full caffeine,5.0,1.0,4.0,4.0,1.0,Coffee B,$20-$40,Male,Bachelor's degree,Employed full-time
zKQ6YM,25-34 years old,Less than 1,"At a cafe, At home","Espresso, French press",,Americano,Light,Fruity,Medium,Decaf,5.0,4.0,3.0,3.0,4.0,Coffee D,<$20,Male,Master's degree,Employed full-time
BGbRde,45-54 years old,3,"At home, At the office","Coffee brewing machine (e.g. Mr. Coffee), Other",,Regular drip coffee,Medium,Chocolatey,Somewhat strong,Full caffeine,4.0,4.0,2.0,4.0,3.0,Coffee C,$60-$80,Female,Doctorate or professional degree,Employed full-time
rlrMNL,35-44 years old,3,"At home, At a cafe","Coffee brewing machine (e.g. Mr. Coffee), Pour over",,Pourover,Light,Bright,Medium,Full caffeine,6.0,4.0,3.0,3.0,5.0,Coffee D,,,,
LdMLA2,25-34 years old,3,"At home, At the office","Pour over, Espresso",,Cortado,Light,Fruity,Somewhat strong,Full caffeine,7.0,5.0,2.0,3.0,4.0,Coffee A,$60-$80,Male,Bachelor's degree,Employed full-time
42NbKA,18-24 years old,1,"On the go, At home, At a cafe",Pour over,Specialty coffee shop,Cortado,Light,Fruity,Medium,Full caffeine,6.0,4.0,3.0,1.0,5.0,Coffee D,$20-$40,Male,Bachelor's degree,Student
lNlEbV,>65 years old,2,At home,Pour over,,Regular drip coffee,Medium,Full Bodied,Somewhat light,Full caffeine,3.0,3.0,3.0,3.0,1.0,Coffee B,>$100,Female,Bachelor's degree,Retired
pLP2rP,>65 years old,2,At home,French press,,Cappuccino,Dark,Chocolatey,Medium,Full caffeine,6.0,1.0,3.0,3.0,2.0,Coffee C,$20-$40,Female,Master's degree,Retired
DVv6rp,18-24 years old,2,At home,"Espresso, Pour over, French press, Coffee brewing machine (e.g. Mr. Coffee), Cold brew",,Pourover,Medium,Chocolatey,Medium,Full caffeine,8.0,5.0,4.0,3.0,1.0,Coffee A,$20-$40,Male,Bachelor's degree,Employed full-time
lNlko6,35-44 years old,2,At home,Other,,Americano,Light,Fruity,Somewhat light,Full caffeine,8.0,2.0,2.0,1.0,4.0,Coffee D,$20-$40,Other (please specify),Less than high school,Retired
eBxW1o,45-54 years old,2,"At home, On the go, At the office, At a cafe","Pour over, Espresso, Other","Local cafe, Specialty coffee shop, Other",Americano,Medium,Full Bodied,Medium,Full caffeine,6.0,4.0,3.0,3.0,2.0,Coffee A,$20-$40,Male,High school graduate,Employed full-time
VZ16El,18-24 years old,2,"At home, At a cafe","Pour over, Espresso",,Americano,Medium,Floral,Medium,Half caff,6.0,4.0,1.0,3.0,5.0,Coffee D,$20-$40,Male,Bachelor's degree,Student
BGbWPY,35-44 years old,1,"At home, At a cafe","Espresso, Cold brew, Pour over",,Espresso,Light,Sweet,Somewhat strong,Decaf,8.0,4.0,2.0,2.0,4.0,Coffee D,$20-$40,Male,Bachelor's degree,Employed full-time
AlbX7o,35-44 years old,1,At home,"Pod/capsule machine (e.g. Keurig/Nespresso), French press",,Latte,Medium,Chocolatey,Somewhat strong,Full caffeine,5.0,2.0,3.0,5.0,4.0,Coffee C,$40-$60,Female,Bachelor's degree,Employed full-time
oAVLrM,18-24 years old,1,"On the go, At home, At a cafe, At the office",Pour over,Specialty coffee shop,Cortado,Light,Fruity,Very strong,Full caffeine,7.0,4.0,3.0,4.0,5.0,Coffee D,$20-$40,Male,Master's degree,Employed full-time
1r2aW4,35-44 years old,2,"At home, At a cafe","Espresso, Pour over, Cold brew",,Pourover,Medium,Fruity,Very strong,Full caffeine,7.0,2.0,3.0,3.0,5.0,Coffee D,$60-$80,Male,Some college or associate's degree,Unemployed
RzB9Kv,25-34 years old,3,At home,"Pour over, French press, Other",,Regular drip coffee,Light,Fruity,Very strong,Full caffeine,7.0,4.0,1.0,2.0,5.0,Coffee D,$80-$100,Male,Bachelor's degree,Employed full-time
5dqAzE,25-34 years old,2,"At home, At a cafe",Pour over,,Cappuccino,Light,Nutty,Somewhat strong,Full caffeine,5.0,4.0,,,,,,,,
1r2oqO,35-44 years old,1,At home,"Pour over, French press, Other",,Cortado,Light,Fruity,Medium,Full caffeine,6.0,5.0,2.0,3.0,4.0,Coffee A,$20-$40,Male,Some college or associate's degree,Employed full-time
42NbKr,25-34 years old,2,"At home, At the office, On the go","Coffee brewing machine (e.g. Mr. Coffee), French press","National chain (e.g. Starbucks, Dunkin)",Mocha,Medium,Bold,Somewhat strong,Full caffeine,4.0,2.0,3.0,4.0,3.0,Coffee C,$40-$60,Male,Bachelor's degree,Employed full-time
24x6PD,25-34 years old,2,At home,"French press, Coffee extract (e.g. Cometeer), Espresso, Pour over",,Americano,Light,Bright,Somewhat strong,Full caffeine,4.0,3.0,4.0,3.0,5.0,Coffee D,$40-$60,Female,Doctorate or professional degree,Employed full-time
OABNlM,18-24 years old,2,"At home, At the office",Other,,Iced coffee,Medium,Nutty,Medium,Full caffeine,4.0,3.0,5.0,4.0,2.0,Coffee B,<$20,Male,Bachelor's degree,Employed full-time
8dp47Y,18-24 years old,Less than 1,"At home, At a cafe",Pour over,,Iced coffee,Medium,Full Bodied,Medium,Full caffeine,5.0,4.0,3.0,2.0,3.0,Coffee A,$20-$40,Male,Bachelor's degree,Employed full-time
RzB9WQ,35-44 years old,1,At home,Pour over,,Cappuccino,Medium,Chocolatey,Medium,Full caffeine,1.0,1.0,5.0,3.0,4.0,Coffee B,>$100,Female,Master's degree,Employed full-time
jB9VZ1,35-44 years old,1,"At home, At a cafe",Other,,Cappuccino,Medium,Caramalized,Very strong,Full caffeine,8.0,4.0,3.0,3.0,2.0,Coffee A,$80-$100,Male,Some college or associate's degree,Employed full-time
oAVj2b,35-44 years old,3,"At the office, On the go, At home, At a cafe","Pour over, Espresso, French press, Coffee extract (e.g. Cometeer)",Specialty coffee shop,Pourover,Light,Juicy,Medium,Full caffeine,8.0,5.0,2.0,1.0,5.0,Coffee A,$60-$80,Male,Master's degree,Employed full-time
jB9VlQ,25-34 years old,4,"At home, At a cafe","Pour over, Other",,Cappuccino,Light,Fruity,Somewhat strong,Full caffeine,7.0,4.0,2.0,3.0,5.0,Coffee D,$60-$80,Female,Bachelor's degree,Employed full-time
GrBA2z,35-44 years old,1,"At home, On the go",Pour over,"Local cafe, Specialty coffee shop",Pourover,Dark,Chocolatey,Somewhat strong,Full caffeine,4.0,2.0,3.0,4.0,1.0,Coffee C,<$20,Male,Some college or associate's degree,Employed full-time
9dJKQ5,25-34 years old,3,At home,"French press, Cold brew",,Iced coffee,Medium,Caramalized,Somewhat strong,Full caffeine,4.0,2.0,4.0,5.0,3.0,Coffee C,$20-$40,Male,Bachelor's degree,Unemployed
aBrMdX,18-24 years old,2,At home,Coffee brewing machine (e.g. Mr. Coffee),,Regular drip coffee,Medium,Fruity,Very strong,Full caffeine,5.0,4.0,3.0,3.0,5.0,Coffee D,$20-$40,Male,Bachelor's degree,Student
EPbOWB,25-34 years old,2,"At home, At a cafe","Espresso, Pour over",,Cortado,Medium,Nutty,Somewhat strong,Full caffeine,7.0,4.0,3.0,2.0,4.0,Coffee C,$40-$60,Male,Bachelor's degree,Employed full-time
OABNQk,25-34 years old,1,At home,"Pour over, Coffee extract (e.g. Cometeer)",,Pourover,Light,Fruity,Medium,Full caffeine,7.0,4.0,2.0,1.0,5.0,Coffee D,$80-$100,Female,Bachelor's degree,Employed part-time
dY2yEV,55-64 years old,1,At home,Espresso,,Latte,Medium,Full Bodied,Somewhat strong,Full caffeine,5.0,2.0,3.0,3.0,1.0,Coffee B,$40-$60,Female,Master's degree,Employed full-time
vNx9Yl,35-44 years old,2,"At home, At the office","Pour over, Espresso",,Pourover,Light,Fruity,Somewhat strong,Full caffeine,6.0,4.0,4.0,3.0,5.0,Coffee D,$40-$60,Male,Less than high school,Employed full-time
dY2yWD,25-34 years old,2,"At home, At a cafe",Espresso,,Latte,Dark,Chocolatey,Somewhat strong,Full caffeine,5.0,3.0,5.0,3.0,1.0,Coffee B,<$20,Female,Master's degree,Employed full-time
bl4J50,25-34 years old,1,"At home, At a cafe","Pour over, Espresso",,Mocha,French,Chocolatey,Somewhat strong,Full caffeine,6.0,4.0,4.0,3.0,5.0,Coffee D,$20-$40,Male,Bachelor's degree,Employed full-time
WAp7OL,25-34 years old,2,"At the office, At home","Pour over, French press",,Regular drip coffee,Light,Bright,Medium,Full caffeine,8.0,5.0,4.0,2.0,5.0,Coffee A,$20-$40,Male,Master's degree,Employed full-time
zKQ6yk,25-34 years old,1,"At home, At a cafe, At the office","Pour over, French press, Instant coffee, Cold brew",,Latte,Light,Chocolatey,Medium,Full caffeine,5.0,5.0,3.0,4.0,1.0,Coffee A,$40-$60,Male,Bachelor's degree,Employed full-time
DVvGKE,25-34 years old,1,At home,Espresso,,Latte,Light,Chocolatey,Medium,Full caffeine,4.0,4.0,3.0,5.0,2.0,Coffee C,$40-$60,Female,Master's degree,Employed full-time
MAdxRk,25-34 years old,1,"At home, On the go",Cold brew,"National chain (e.g. Starbucks, Dunkin)",Iced coffee,Dark,Fruity,Somewhat strong,Full caffeine,4.0,3.0,2.0,1.0,5.0,Coffee D,,,,
YZzlN6,25-34 years old,Less than 1,"On the go, At home, At a cafe",Cold brew,"National chain (e.g. Starbucks, Dunkin), Specialty coffee shop, Local cafe, Deli or supermarket",Latte,Blonde,Chocolatey,Somewhat light,Decaf,2.0,2.0,5.0,4.0,2.0,Coffee B,$40-$60,Female,Bachelor's degree,Homemaker
zKQ6Ng,25-34 years old,1,"At home, At a cafe",Espresso,,Latte,Medium,Chocolatey,Medium,Full caffeine,4.0,4.0,5.0,3.0,4.0,Coffee B,$20-$40,Male,Bachelor's degree,Employed full-time
pLP2ey,35-44 years old,2,At home,"Coffee brewing machine (e.g. Mr. Coffee), Espresso",,Regular drip coffee,Medium,Full Bodied,Very strong,Full caffeine,4.0,3.0,4.0,4.0,1.0,Coffee C,$20-$40,Female,Bachelor's degree,Employed full-time
KMBjeD,25-34 years old,2,"At home, At the office, At a cafe, On the go","Pour over, Espresso, Cold brew, French press","National chain (e.g. Starbucks, Dunkin), Specialty coffee shop, Drive-thru, Local cafe",Pourover,Medium,Fruity,Somewhat strong,Full caffeine,7.0,4.0,3.0,2.0,5.0,Coffee D,$40-$60,Male,Bachelor's degree,Employed full-time
KMBjzD,18-24 years old,Less than 1,At a cafe,,,Cortado,Medium,Nutty,Somewhat strong,Full caffeine,8.0,5.0,4.0,2.0,3.0,Coffee B,$80-$100,Male,Some college or associate's degree,Student
5dqAKb,25-34 years old,1,"At home, At the office","Pour over, Pod/capsule machine (e.g. Keurig/Nespresso)",,Pourover,Medium,Sweet,Medium,Full caffeine,3.0,3.0,2.0,2.0,5.0,Coffee D,$20-$40,Male,Bachelor's degree,Employed full-time
vNx9eg,25-34 years old,2,"At home, At the office, On the go","Pour over, Other, French press, Cold brew","National chain (e.g. Starbucks, Dunkin)",Latte,Dark,Chocolatey,Very strong,Full caffeine,7.0,3.0,4.0,3.0,1.0,Coffee B,$20-$40,Non-binary,Bachelor's degree,Employed full-time
aBrM4Z,25-34 years old,1,"At home, At the office",Pour over,,Pourover,Light,Bright,Very strong,Full caffeine,7.0,5.0,3.0,2.0,4.0,Coffee A,$20-$40,Male,Master's degree,Employed full-time
EPb74L,25-34 years old,3,"At home, At the office","Pour over, Pod/capsule machine (e.g. Keurig/Nespresso), Coffee extract (e.g. Cometeer)",,Cappuccino,Medium,Full Bodied,Medium,Full caffeine,8.0,1.0,5.0,4.0,4.0,Coffee B,$20-$40,Male,Bachelor's degree,Employed full-time
kYRPbd,45-54 years old,2,At home,Other,,Americano,Medium,Full Bodied,Medium,Full caffeine,5.0,2.0,2.0,5.0,4.0,Coffee C,$20-$40,,,
PABq91,25-34 years old,2,At home,"Pour over, French press, Espresso",,Pourover,Light,Sweet,Medium,Full caffeine,6.0,3.0,4.0,3.0,5.0,Coffee D,$40-$60,Male,Doctorate or professional degree,Employed full-time
RzB9oK,25-34 years old,1,"At home, At a cafe",Pour over,,Latte,Medium,Chocolatey,Somewhat strong,Full caffeine,3.0,4.0,5.0,1.0,3.0,Coffee B,$20-$40,Male,Bachelor's degree,Employed full-time
jB9Vb1,25-34 years old,1,"On the go, At the office, At home",Pod/capsule machine (e.g. Keurig/Nespresso),"National chain (e.g. Starbucks, Dunkin)",Iced coffee,Light,Sweet,Somewhat light,Full caffeine,4.0,2.0,2.0,2.0,4.0,Coffee D,,Female,Bachelor's degree,Employed part-time
qbE12k,45-54 years old,3,At home,Other,,Americano,Light,Caramalized,Somewhat strong,Full caffeine,4.0,1.0,1.0,2.0,1.0,Coffee C,$80-$100,Female,Bachelor's degree,Employed full-time
J2k4dX,55-64 years old,3,"At the office, At home","Pour over, Espresso, Pod/capsule machine (e.g. Keurig/Nespresso)",,Pourover,Medium,Full Bodied,Medium,Full caffeine,7.0,4.0,3.0,3.0,5.0,Coffee D,$40-$60,Male,Master's degree,Employed full-time
zKQ6DM,35-44 years old,1,At home,Coffee brewing machine (e.g. Mr. Coffee),,Latte,Medium,Chocolatey,Medium,Full caffeine,3.0,4.0,5.0,3.0,2.0,Coffee B,$40-$60,Female,Some college or associate's degree,Employed full-time
7d9kl6,25-34 years old,2,"At home, At the office",Other,,Other,Medium,Bold,Somewhat strong,Full caffeine,5.0,2.0,4.0,5.0,3.0,Coffee C,$40-$60,Male,Bachelor's degree,Employed full-time
8dplQz,55-64 years old,2,At home,Coffee brewing machine (e.g. Mr. Coffee),,Regular drip coffee,French,Full Bodied,Somewhat strong,Half caff,5.0,2.0,3.0,4.0,1.0,Coffee C,<$20,Male,High school graduate,Retired
QABQeY,25-34 years old,Less than 1,None of these,,,Latte,Medium,Chocolatey,Weak,Decaf,1.0,1.0,3.0,2.0,1.0,Coffee B,<$20,Female,Bachelor's degree,Employed full-time
6dQB8o,25-34 years old,2,"At the office, At home, On the go","French press, Coffee brewing machine (e.g. Mr. Coffee), Cold brew","National chain (e.g. Starbucks, Dunkin), Specialty coffee shop",Cappuccino,Light,Sweet,Somewhat strong,Full caffeine,4.0,5.0,3.0,2.0,5.0,Coffee A,$40-$60,Female,Bachelor's degree,Employed full-time
MAdxEk,35-44 years old,2,"At home, At a cafe","Pour over, French press, Other",,Pourover,Light,Fruity,Medium,Full caffeine,6.0,3.0,3.0,4.0,5.0,Coffee D,$40-$60,Male,Master's degree,Employed full-time
6dQB7J,25-34 years old,1,On the go,,"National chain (e.g. Starbucks, Dunkin), Local cafe, Deli or supermarket",Iced coffee,Dark,Full Bodied,Somewhat strong,Full caffeine,3.0,2.0,3.0,5.0,1.0,Coffee C,<$20,Male,Bachelor's degree,Employed full-time
9dJK9E,35-44 years old,2,At home,Pour over,,Cortado,Light,Bright,Very strong,Full caffeine,6.0,5.0,1.0,3.0,3.0,Coffee A,$60-$80,Male,Doctorate or professional degree,Employed part-time
XeBb0L,18-24 years old,2,At home,Other,,Regular drip coffee,Light,Juicy,Very strong,Full caffeine,7.0,4.0,2.0,1.0,5.0,Coffee D,$20-$40,Female,Master's degree,Student
AlbX2y,25-34 years old,1,At home,"Pour over, French press, Espresso",,Latte,Light,Nutty,Medium,Full caffeine,5.0,5.0,3.0,1.0,4.0,Coffee A,$20-$40,Female,Master's degree,Employed full-time
QABQ5G,25-34 years old,2,"At home, At a cafe","Pour over, Espresso",,Americano,Light,Fruity,Somewhat strong,Full caffeine,7.0,5.0,3.0,4.0,3.0,Coffee A,$40-$60,Female,Bachelor's degree,Employed full-time
GrBPdk,25-34 years old,3,"At home, At a cafe",Coffee brewing machine (e.g. Mr. Coffee),,Espresso,Blonde,Bright,Very strong,Full caffeine,5.0,2.0,4.0,4.0,2.0,Coffee B,$20-$40,Male,Bachelor's degree,Employed full-time
kYRPEo,35-44 years old,2,"At home, At a cafe","Pour over, Espresso",,Cappuccino,Medium,Chocolatey,Medium,Decaf,6.0,1.0,1.0,5.0,2.0,Coffee C,$60-$80,Male,Bachelor's degree,Employed full-time
VZ165y,35-44 years old,2,At home,Pour over,,Cappuccino,Light,Fruity,Somewhat light,Full caffeine,6.0,4.0,4.0,2.0,5.0,Coffee D,<$20,Male,Bachelor's degree,Employed full-time
7d9kWR,35-44 years old,4,At home,"Pour over, Espresso",,Espresso,Light,Sweet,Medium,Full caffeine,10.0,4.0,3.0,2.0,4.0,Coffee A,$80-$100,Male,Bachelor's degree,Employed part-time
xdNWMd,25-34 years old,2,"At home, At a cafe, On the go","Espresso, Pour over","Specialty coffee shop, Local cafe",Espresso,Nordic,Juicy,Somewhat light,Full caffeine,7.0,5.0,2.0,1.0,4.0,Coffee A,$40-$60,Male,Bachelor's degree,Employed full-time
24x6jM,35-44 years old,2,On the go,,Specialty coffee shop,Regular drip coffee,Medium,Bright,Medium,Full caffeine,8.0,2.0,2.0,4.0,5.0,Coffee D,$20-$40,Male,Bachelor's degree,Employed full-time
DVvGkl,25-34 years old,2,"At home, At a cafe","Pour over, Espresso",,Pourover,Light,Bright,Somewhat strong,Full caffeine,7.0,5.0,1.0,2.0,4.0,Coffee A,$80-$100,Male,Doctorate or professional degree,Employed part-time
7d9kx0,25-34 years old,1,At home,Espresso,,Espresso,Medium,Chocolatey,Somewhat strong,Full caffeine,1.0,5.0,3.0,4.0,2.0,Coffee A,<$20,Female,Bachelor's degree,Employed full-time
aBrMYb,25-34 years old,2,"On the go, At the office",,Local cafe,Espresso,Dark,Bold,Very strong,Full caffeine,1.0,2.0,3.0,4.0,3.0,Coffee C,$20-$40,Male,High school graduate,Employed full-time
XeBboP,35-44 years old,3,"On the go, At the office, At home",Pour over,Specialty coffee shop,Pourover,Light,Floral,Somewhat light,Full caffeine,8.0,5.0,3.0,2.0,4.0,Coffee A,$60-$80,Male,Some college or associate's degree,Employed full-time
oAVj9N,35-44 years old,2,At home,"Pour over, French press",,Latte,Light,Juicy,Somewhat strong,Full caffeine,4.0,4.0,5.0,3.0,3.0,Coffee D,$20-$40,Male,Master's degree,Employed full-time
lNlEeo,35-44 years old,1,At home,Coffee brewing machine (e.g. Mr. Coffee),,Cappuccino,Medium,Full Bodied,Medium,Full caffeine,3.0,3.0,2.0,2.0,4.0,Coffee D,$20-$40,Female,Bachelor's degree,Employed full-time
LdM2zJ,45-54 years old,2,At home,Pour over,,Pourover,Light,Fruity,Very strong,Full caffeine,8.0,5.0,2.0,2.0,5.0,Coffee A,$60-$80,Male,Bachelor's degree,Employed full-time
YZzARv,25-34 years old,1,At home,"Bean-to-cup machine, French press",,Regular drip coffee,Light,Chocolatey,Somewhat light,Full caffeine,4.0,3.0,5.0,4.0,2.0,Coffee B,$20-$40,Male,Some college or associate's degree,Employed full-time
bl4Je6,25-34 years old,3,"At the office, On the go",,Other,Cold brew,Medium,Chocolatey,Medium,Full caffeine,4.0,1.0,5.0,3.0,2.0,Coffee B,$20-$40,Female,Bachelor's degree,Employed full-time
lNlEOo,25-34 years old,1,At the office,,,Cold brew,Dark,Caramalized,Somewhat strong,Full caffeine,4.0,5.0,4.0,3.0,3.0,Coffee A,$40-$60,Female,Bachelor's degree,Employed full-time
rlrZDX,>65 years old,1,"At the office, At home",Espresso,,Latte,Medium,Full Bodied,Very strong,Full caffeine,8.0,4.0,3.0,2.0,1.0,Coffee A,$40-$60,Male,Doctorate or professional degree,Employed full-time
g5NoGD,35-44 years old,2,"At home, At the office","Coffee brewing machine (e.g. Mr. Coffee), Pour over",,Cortado,Light,Juicy,Medium,Full caffeine,5.0,4.0,2.0,3.0,5.0,Coffee D,$20-$40,Female,Master's degree,Employed full-time
vNx9Dg,>65 years old,3,At home,Other,,Pourover,,,,,,,,,,,,,,
dY2yar,35-44 years old,1,"At a cafe, On the go, At home, At the office","Pour over, French press","Specialty coffee shop, National chain (e.g. Starbucks, Dunkin), Drive-thru",Pourover,Light,Fruity,Very strong,Full caffeine,6.0,4.0,4.0,5.0,5.0,Coffee C,$40-$60,Male,Bachelor's degree,Employed full-time
PABqj0,35-44 years old,1,"At home, At the office, On the go","Espresso, Cold brew","Local cafe, Specialty coffee shop",Mocha,Medium,Chocolatey,Medium,Full caffeine,2.0,4.0,4.0,3.0,2.0,Coffee B,$20-$40,Male,Bachelor's degree,Employed full-time
42Nb7r,35-44 years old,1,At home,Pour over,,Cappuccino,Medium,Chocolatey,Medium,Full caffeine,6.0,2.0,5.0,3.0,1.0,Coffee B,$20-$40,Male,Bachelor's degree,Employed full-time
VZ16zM,45-54 years old,2,At home,"Pour over, French press, Coffee extract (e.g. Cometeer)",,Pourover,Medium,Juicy,Somewhat strong,Full caffeine,5.0,3.0,2.0,1.0,4.0,Coffee D,$40-$60,Male,Some college or associate's degree,Employed full-time
8dplzr,35-44 years old,1,At the office,,,Mocha,Dark,Caramalized,Somewhat strong,Full caffeine,2.0,2.0,4.0,4.0,1.0,Coffee B,$40-$60,Male,Bachelor's degree,Employed full-time
g5N6RK,35-44 years old,1,"At home, At a cafe",Other,,Espresso,Medium,Chocolatey,Somewhat strong,Full caffeine,1.0,4.0,2.0,4.0,3.0,Coffee A,<$20,Non-binary,Bachelor's degree,Employed full-time
EPbO52,35-44 years old,4,At home,"Pour over, French press, Espresso, Coffee brewing machine (e.g. Mr. Coffee), Cold brew",,Cappuccino,Light,Fruity,Somewhat strong,Full caffeine,8.0,3.0,3.0,4.0,4.0,Coffee A,>$100,Male,Some college or associate's degree,Employed full-time
g5NoqP,25-34 years old,1,"At the office, At home, At a cafe, On the go",Pour over,"Local cafe, Specialty coffee shop",Cortado,Medium,Caramalized,Somewhat strong,Full caffeine,5.0,3.0,3.0,4.0,2.0,Coffee C,$40-$60,Female,Bachelor's degree,Employed full-time
KMBj1X,35-44 years old,Less than 1,"At home, At the office","Espresso, Cold brew",,Latte,Medium,Bold,Somewhat strong,Full caffeine,1.0,1.0,3.0,4.0,2.0,Coffee C,$20-$40,Male,Bachelor's degree,Employed full-time
jB9VQJ,25-34 years old,1,"At home, On the go, At the office, At a cafe",Pour over,Specialty coffee shop,Pourover,Light,Fruity,Somewhat strong,Full caffeine,7.0,5.0,4.0,3.0,4.0,Coffee A,$20-$40,Male,Master's degree,Employed full-time
24xGMA,25-34 years old,Less than 1,At a cafe,,,Latte,Blonde,Sweet,Weak,Full caffeine,1.0,2.0,2.0,3.0,1.0,Coffee C,<$20,Female,Doctorate or professional degree,Student
6dQBLN,25-34 years old,2,At home,"Espresso, Pod/capsule machine (e.g. Keurig/Nespresso)",,Cappuccino,Dark,Chocolatey,Very strong,Full caffeine,3.0,2.0,4.0,3.0,2.0,Coffee B,$40-$60,Male,,
xdNWav,25-34 years old,2,At home,"Pour over, Coffee brewing machine (e.g. Mr. Coffee)",,Pourover,Light,Juicy,Medium,Full caffeine,6.0,4.0,3.0,3.0,5.0,Coffee D,$20-$40,Male,,
ylqaYX,18-24 years old,Less than 1,"At home, At a cafe",French press,,Cappuccino,Light,Fruity,Medium,Half caff,6.0,4.0,3.0,2.0,5.0,Coffee D,<$20,Male,Some college or associate's degree,Student
KMBjVX,25-34 years old,1,"At home, On the go, At the office, At a cafe","Pour over, French press, Coffee brewing machine (e.g. Mr. Coffee), Cold brew","Drive-thru, Specialty coffee shop, National chain (e.g. Starbucks, Dunkin), Local cafe, Deli or supermarket",Cortado,Medium,Bright,Somewhat strong,Full caffeine,4.0,5.0,2.0,3.0,4.0,Coffee A,$40-$60,Male,Bachelor's degree,Employed full-time
8dplKP,25-34 years old,Less than 1,"At the office, At home",Other,,Cortado,Medium,Chocolatey,Medium,Full caffeine,3.0,4.0,3.0,4.0,1.0,Coffee A,$20-$40,Female,Doctorate or professional degree,Employed full-time
oAVjb5,25-34 years old,2,"At home, At the office",French press,,Espresso,Light,Sweet,Medium,Full caffeine,7.0,5.0,3.0,1.0,5.0,Coffee A,$60-$80,Male,Some college or associate's degree,Employed full-time
rlrZao,45-54 years old,1,At home,Pod/capsule machine (e.g. Keurig/Nespresso),,Espresso,Blonde,Nutty,Somewhat light,Full caffeine,4.0,2.0,3.0,2.0,5.0,Coffee D,$20-$40,Female,High school graduate,Employed full-time
EPbOQr,35-44 years old,2,At home,"Pour over, Coffee brewing machine (e.g. Mr. Coffee), Other",,Other,Light,Fruity,Somewhat strong,Full caffeine,9.0,5.0,3.0,2.0,4.0,Coffee A,$20-$40,Male,Master's degree,
OABN1k,25-34 years old,3,"At the office, At home","Pour over, Instant coffee",,Pourover,Medium,Sweet,Medium,Full caffeine,5.0,5.0,2.0,1.0,4.0,Coffee C,$60-$80,Female,Master's degree,Employed full-time
WAp75v,35-44 years old,2,At home,Espresso,,Espresso,Light,Fruity,Very strong,Full caffeine,8.0,3.0,1.0,4.0,5.0,Coffee D,$40-$60,Male,Bachelor's degree,Employed full-time
QABQVX,25-34 years old,2,"At home, At the office","Espresso, Pour over",,Latte,Medium,Nutty,Somewhat strong,Full caffeine,7.0,4.0,3.0,2.0,4.0,Coffee A,$20-$40,Male,Bachelor's degree,Employed full-time
OABMOp,25-34 years old,3,"At home, At the office","Pour over, Coffee brewing machine (e.g. Mr. Coffee)",,Pourover,Light,Fruity,Somewhat strong,Full caffeine,6.0,3.0,4.0,4.0,5.0,Coffee D,$40-$60,Male,Bachelor's degree,Employed full-time
VZ1ORl,55-64 years old,1,At home,Instant coffee,,Iced coffee,Dark,Bold,Medium,Full caffeine,5.0,3.0,1.0,4.0,1.0,Coffee C,<$20,Female,High school graduate,Employed part-time
oAVj65,25-34 years old,2,"At home, On the go, At a cafe","Pour over, Cold brew","Specialty coffee shop, National chain (e.g. Starbucks, Dunkin)",Iced coffee,Light,Sweet,Medium,Full caffeine,7.0,4.0,4.0,3.0,2.0,Coffee B,$40-$60,Male,Master's degree,Employed full-time
YZzlE0,25-34 years old,2,At home,French press,,Americano,Light,Floral,Somewhat strong,Full caffeine,6.0,4.0,3.0,2.0,3.0,Coffee A,$20-$40,Male,Bachelor's degree,Employed full-time
aBrMQW,>65 years old,1,At a cafe,,,Other,Medium,Juicy,Somewhat strong,Full caffeine,3.0,2.0,4.0,5.0,4.0,Coffee D,,,,
rlrZA2,25-34 years old,2,At home,"Pour over, French press",,Pourover,Medium,Bold,Somewhat strong,Full caffeine,7.0,4.0,2.0,3.0,5.0,Coffee D,$40-$60,Male,Bachelor's degree,Unemployed
ylqa28,35-44 years old,3,At home,"Pour over, Coffee brewing machine (e.g. Mr. Coffee)",,Regular drip coffee,Medium,Chocolatey,Somewhat strong,Full caffeine,7.0,5.0,3.0,3.0,4.0,Coffee C,$60-$80,Male,Master's degree,Employed full-time
OABNQM,25-34 years old,Less than 1,"At the office, At home, At a cafe","Pour over, Instant coffee",,Cappuccino,Light,Fruity,Somewhat strong,Decaf,5.0,1.0,3.0,2.0,4.0,Coffee D,$20-$40,Female,Bachelor's degree,Employed full-time
6dQBjA,25-34 years old,1,"At home, At the office",French press,,Pourover,French,Full Bodied,Somewhat strong,Full caffeine,4.0,3.0,2.0,1.0,4.0,Coffee D,$20-$40,Male,Bachelor's degree,Employed full-time
BGbRxR,55-64 years old,2,At home,Coffee brewing machine (e.g. Mr. Coffee),,Latte,Dark,Full Bodied,Somewhat strong,Full caffeine,5.0,3.0,3.0,5.0,1.0,Coffee C,$20-$40,Female,Bachelor's degree,Retired
xdNWDd,45-54 years old,2,"On the go, At home",Pour over,Specialty coffee shop,Pourover,Medium,Fruity,Medium,Full caffeine,6.0,4.0,4.0,2.0,3.0,Coffee A,$20-$40,Male,Some college or associate's degree,Employed full-time
pLPplE,25-34 years old,2,At the office,,,Pourover,Medium,Nutty,Medium,Half caff,6.0,5.0,3.0,3.0,2.0,Coffee A,>$100,Female,Some college or associate's degree,Employed full-time
eBxXZJ,45-54 years old,2,"At home, At a cafe","Pour over, French press, Espresso, Bean-to-cup machine",,Regular drip coffee,Light,Fruity,Medium,Full caffeine,5.0,5.0,3.0,2.0,4.0,Coffee A,$60-$80,Male,Master's degree,Employed full-time
BGbR7R,25-34 years old,1,"At home, At the office",Cold brew,,Espresso,Medium,Fruity,Medium,Full caffeine,5.0,2.0,4.0,1.0,3.0,Coffee B,$20-$40,Female,Master's degree,Employed full-time
EPbOxB,25-34 years old,2,"At the office, At home, On the go","Pour over, Coffee brewing machine (e.g. Mr. Coffee)","National chain (e.g. Starbucks, Dunkin)",Pourover,Light,Bright,Medium,Full caffeine,7.0,5.0,2.0,4.0,4.0,Coffee A,$40-$60,Male,Master's degree,Employed full-time
qbElA9,25-34 years old,1,"At the office, At home",Espresso,,Americano,Light,Fruity,Somewhat strong,Full caffeine,8.0,5.0,2.0,2.0,5.0,Coffee D,$20-$40,Female,Some college or associate's degree,Employed full-time
0EjW6B,18-24 years old,1,"At home, At the office, At a cafe","French press, Pod/capsule machine (e.g. Keurig/Nespresso), Coffee brewing machine (e.g. Mr. Coffee)",,Other,Light,Full Bodied,Medium,Full caffeine,6.0,3.0,4.0,3.0,4.0,Coffee B,<$20,Male,Bachelor's degree,Student
xdNWx9,<18 years old,1,"At home, At a cafe, At the office, On the go","Espresso, Pour over, French press","National chain (e.g. Starbucks, Dunkin), Drive-thru",Latte,Dark,Chocolatey,Very strong,Full caffeine,7.0,3.0,4.0,4.0,1.0,Coffee C,$40-$60,Male,Some college or associate's degree,Unemployed
PABJad,25-34 years old,2,"At home, At a cafe",Pour over,,Pourover,Dark,Nutty,Somewhat strong,Decaf,2.0,1.0,3.0,3.0,4.0,Coffee D,$20-$40,Female,Bachelor's degree,Employed full-time
BGbRpe,25-34 years old,1,At home,"Pour over, Cold brew, French press",,Pourover,Light,Fruity,Somewhat strong,Full caffeine,6.0,5.0,4.0,2.0,4.0,Coffee D,$20-$40,Male,Bachelor's degree,Employed full-time
WAp7Ee,35-44 years old,2,At home,Coffee brewing machine (e.g. Mr. Coffee),,Americano,Light,Bright,Somewhat strong,Full caffeine,6.0,5.0,3.0,4.0,1.0,Coffee A,$80-$100,Female,Master's degree,Employed full-time
DVvGdN,35-44 years old,Less than 1,At home,"Pour over, French press",,Latte,Medium,Full Bodied,Somewhat strong,Full caffeine,6.0,4.0,5.0,2.0,1.0,Coffee B,<$20,Male,Doctorate or professional degree,Employed full-time
EPbOqA,25-34 years old,2,"At the office, At home, On the go","Coffee brewing machine (e.g. Mr. Coffee), Cold brew","National chain (e.g. Starbucks, Dunkin), Specialty coffee shop",Regular drip coffee,Light,Sweet,Somewhat strong,Full caffeine,2.0,3.0,4.0,2.0,5.0,Coffee D,$40-$60,Female,Master's degree,Employed full-time
42NbXo,35-44 years old,3,"At home, At the office, At a cafe, On the go","Coffee extract (e.g. Cometeer), Pour over, French press, Cold brew","National chain (e.g. Starbucks, Dunkin)",Pourover,Medium,Bold,Somewhat strong,Full caffeine,8.0,3.0,3.0,4.0,5.0,Coffee D,>$100,Male,Some college or associate's degree,Employed full-time
qbElDO,25-34 years old,1,"On the go, At home, At a cafe, At the office","Coffee brewing machine (e.g. Mr. Coffee), Other, Cold brew","National chain (e.g. Starbucks, Dunkin)",Latte,Light,Full Bodied,Somewhat strong,Full caffeine,3.0,3.0,2.0,4.0,5.0,Coffee D,$80-$100,Male,Some college or associate's degree,Employed full-time
kYRBDj,45-54 years old,2,At home,Espresso,,Espresso,Medium,Floral,Very strong,Full caffeine,3.0,3.0,4.0,3.0,1.0,Coffee B,$40-$60,Female,Master's degree,Employed part-time
lNlkJp,>65 years old,3,At home,Coffee brewing machine (e.g. Mr. Coffee),,Regular drip coffee,French,Bold,Somewhat strong,Full caffeine,5.0,3.0,2.0,2.0,4.0,Coffee D,<$20,Female,Master's degree,Employed full-time
24x68b,35-44 years old,4,At home,Coffee brewing machine (e.g. Mr. Coffee),,Americano,Medium,Juicy,Somewhat light,Full caffeine,5.0,4.0,2.0,1.0,5.0,Coffee C,$20-$40,Prefer not to say,Master's degree,Employed full-time
VZ16j6,25-34 years old,Less than 1,At home,Other,,Cappuccino,Light,Bright,Somewhat light,Full caffeine,1.0,2.0,3.0,1.0,2.0,Coffee B,<$20,Male,Bachelor's degree,Employed full-time
1r2aA4,45-54 years old,2,At home,Coffee extract (e.g. Cometeer),,Latte,Medium,Caramalized,Medium,Full caffeine,4.0,3.0,4.0,4.0,1.0,Coffee B,$20-$40,Female,Master's degree,Employed full-time
xdNWa5,25-34 years old,3,"At the office, At home, On the go, At a cafe","Pour over, Espresso, Coffee extract (e.g. Cometeer), Cold brew",Local cafe,Cortado,Light,Fruity,Somewhat strong,Full caffeine,7.0,4.0,3.0,2.0,5.0,Coffee D,$40-$60,Male,Bachelor's degree,Employed full-time
8dplNk,25-34 years old,4,"On the go, At home, At the office","Coffee brewing machine (e.g. Mr. Coffee), Pod/capsule machine (e.g. Keurig/Nespresso), Cold brew","Drive-thru, Specialty coffee shop, National chain (e.g. Starbucks, Dunkin)",Regular drip coffee,Medium,Chocolatey,Somewhat strong,Full caffeine,6.0,3.0,3.0,4.0,2.0,Coffee C,$40-$60,Male,Bachelor's degree,Employed full-time
BGbRXK,35-44 years old,2,At home,"Pour over, French press, Espresso",,Latte,Nordic,Juicy,Somewhat strong,Full caffeine,8.0,4.0,1.0,3.0,5.0,Coffee D,$80-$100,Male,Master's degree,Employed full-time
J2k4AK,25-34 years old,2,At home,Other,,Latte,Light,Fruity,Medium,Full caffeine,5.0,5.0,4.0,2.0,3.0,Coffee A,$20-$40,Male,Bachelor's degree,Employed full-time
NABZWj,25-34 years old,2,"At home, At a cafe","Pour over, Other",,Pourover,Light,Juicy,Somewhat strong,Full caffeine,7.0,5.0,2.0,3.0,4.0,Coffee A,$40-$60,Male,Master's degree,Student
1r2a91,25-34 years old,3,"On the go, At the office",,"National chain (e.g. Starbucks, Dunkin), Other",Americano,Dark,Full Bodied,Somewhat strong,Full caffeine,5.0,2.0,4.0,3.0,2.0,Coffee B,$40-$60,Male,Bachelor's degree,Employed full-time
42NbB5,25-34 years old,Less than 1,"At home, On the go","Pour over, Espresso","Specialty coffee shop, National chain (e.g. Starbucks, Dunkin)",Mocha,Medium,Nutty,Somewhat strong,Full caffeine,6.0,5.0,2.0,4.0,2.0,Coffee A,$20-$40,Male,Bachelor's degree,Employed full-time
aBrM5Z,35-44 years old,1,"At home, At a cafe, At the office",Coffee extract (e.g. Cometeer),,Latte,Dark,Chocolatey,Somewhat strong,Full caffeine,3.0,5.0,2.0,3.0,1.0,Coffee A,$60-$80,Female,Bachelor's degree,Employed full-time
0EjRN0,25-34 years old,2,At home,"Cold brew, Espresso, Pour over, French press",,Cortado,Medium,Chocolatey,Somewhat strong,Full caffeine,7.0,2.0,5.0,4.0,4.0,Coffee B,$20-$40,Male,Master's degree,Employed full-time
oAVjDN,35-44 years old,4,"At home, At the office","Pod/capsule machine (e.g. Keurig/Nespresso), Pour over",,Pourover,Medium,Chocolatey,Somewhat strong,Full caffeine,7.0,2.0,4.0,3.0,4.0,Coffee B,>$100,Male,Bachelor's degree,Employed full-time
pLP2dP,45-54 years old,2,At home,Coffee brewing machine (e.g. Mr. Coffee),,Cappuccino,Medium,Full Bodied,Medium,Full caffeine,4.0,2.0,3.0,4.0,3.0,Coffee C,$20-$40,Male,Bachelor's degree,Employed full-time
VZ16Qj,55-64 years old,1,At home,Pod/capsule machine (e.g. Keurig/Nespresso),,Regular drip coffee,Light,Bright,Somewhat light,Half caff,2.0,2.0,3.0,2.0,3.0,Coffee B,$20-$40,Female,High school graduate,Homemaker
PABJa0,25-34 years old,1,"At home, At the office","Espresso, Pour over",,Espresso,Nordic,Floral,Medium,Full caffeine,10.0,5.0,2.0,1.0,4.0,Coffee A,$20-$40,Male,Bachelor's degree,Employed full-time
g5N6yK,25-34 years old,2,"At home, At the office","Pour over, Espresso, Coffee brewing machine (e.g. Mr. Coffee)",,Cortado,Medium,Full Bodied,Somewhat strong,Full caffeine,7.0,3.0,4.0,3.0,1.0,Coffee B,$40-$60,Male,Bachelor's degree,Employed full-time
NABZl0,35-44 years old,2,At home,Pour over,,Regular drip coffee,Medium,Caramalized,Somewhat strong,Full caffeine,8.0,2.0,4.0,4.0,2.0,Coffee B,$20-$40,Male,Bachelor's degree,Employed part-time
AlbXve,35-44 years old,2,At home,"Pour over, Espresso",,Pourover,Light,Fruity,Medium,Full caffeine,7.0,5.0,3.0,2.0,5.0,Coffee A,$40-$60,Male,Some college or associate's degree,Employed full-time
GrBP6O,35-44 years old,3,"At home, At the office, On the go, At a cafe",Pour over,"Specialty coffee shop, Local cafe",Cortado,Light,Juicy,Somewhat strong,Full caffeine,7.0,4.0,3.0,1.0,4.0,Coffee D,$40-$60,Male,Bachelor's degree,Employed full-time
NABZoO,35-44 years old,2,"At the office, On the go, At home, At a cafe","Espresso, French press, Cold brew","National chain (e.g. Starbucks, Dunkin), Specialty coffee shop",Cappuccino,Light,Juicy,Somewhat strong,Full caffeine,7.0,3.0,3.0,2.0,4.0,Coffee D,$60-$80,Male,Doctorate or professional degree,Employed full-time
KMBj5g,45-54 years old,3,At home,Coffee brewing machine (e.g. Mr. Coffee),,Cortado,Light,Nutty,Somewhat light,Half caff,7.0,2.0,5.0,4.0,4.0,Coffee D,,,,
lNlErN,25-34 years old,Less than 1,"At home, At the office, At a cafe","French press, Coffee brewing machine (e.g. Mr. Coffee), Espresso",,Americano,Light,Fruity,Medium,Full caffeine,4.0,5.0,2.0,3.0,2.0,Coffee A,$20-$40,Female,Bachelor's degree,Employed full-time
42NbxA,35-44 years old,3,"At home, On the go","Coffee brewing machine (e.g. Mr. Coffee), Cold brew, Espresso","National chain (e.g. Starbucks, Dunkin), Drive-thru",Regular drip coffee,Dark,Bold,Somewhat strong,Full caffeine,6.0,3.0,4.0,5.0,1.0,Coffee B,$40-$60,Female,Bachelor's degree,Employed full-time
OABN7a,45-54 years old,Less than 1,On the go,,"National chain (e.g. Starbucks, Dunkin)",Blended drink (e.g. Frappuccino),Light,Bright,Somewhat light,Decaf,3.0,2.0,4.0,3.0,3.0,Coffee B,<$20,Female,Doctorate or professional degree,
DVvGBE,25-34 years old,Less than 1,"At home, On the go","Cold brew, Pour over, French press","National chain (e.g. Starbucks, Dunkin), Local cafe",Cappuccino,Medium,Caramalized,Medium,Full caffeine,2.0,3.0,4.0,2.0,2.0,Coffee B,$20-$40,Female,Bachelor's degree,Employed full-time
LdMLRO,25-34 years old,Less than 1,"At the office, On the go, At a cafe",,"Local cafe, Specialty coffee shop",Cappuccino,Light,Juicy,Medium,Full caffeine,3.0,2.0,5.0,4.0,3.0,Coffee B,<$20,Female,Bachelor's degree,Employed full-time
6dQBeN,45-54 years old,1,At home,Espresso,,Latte,Medium,Chocolatey,Somewhat strong,Full caffeine,7.0,4.0,2.0,3.0,3.0,Coffee A,$20-$40,Male,Master's degree,Employed full-time
5dqPWP,55-64 years old,2,At home,"Espresso, Other",,Cortado,Medium,Chocolatey,Somewhat strong,Full caffeine,4.0,2.0,4.0,5.0,1.0,Coffee C,$40-$60,Male,Bachelor's degree,Employed full-time
ZdRBEV,25-34 years old,3,At home,"Espresso, Pour over, Cold brew",,Pourover,Light,Fruity,Medium,Full caffeine,7.0,4.0,2.0,3.0,5.0,Coffee D,$40-$60,Male,Bachelor's degree,Employed full-time
8dploo,25-34 years old,Less than 1,None of these,,,Iced coffee,Medium,Bright,Medium,Half caff,6.0,3.0,4.0,4.0,1.0,Coffee B,,Male,Bachelor's degree,Unemployed
0EjW7A,35-44 years old,3,At home,Espresso,,Cortado,Medium,Chocolatey,Somewhat strong,Full caffeine,7.0,2.0,5.0,4.0,5.0,Coffee D,$20-$40,Male,Some college or associate's degree,Employed full-time
0EjWOB,25-34 years old,1,At home,"Pod/capsule machine (e.g. Keurig/Nespresso), Pour over, Instant coffee, Cold brew",,Latte,Medium,Caramalized,Somewhat strong,Full caffeine,5.0,2.0,4.0,3.0,1.0,Coffee B,$20-$40,Female,Bachelor's degree,Employed full-time
xdNWJd,35-44 years old,4,At home,"Espresso, Other, French press",,Americano,Medium,Caramalized,Somewhat strong,Decaf,6.0,5.0,3.0,4.0,2.0,Coffee A,$20-$40,Male,Some college or associate's degree,Employed part-time
dY2yNV,25-34 years old,2,"At the office, On the go, At home, At a cafe","Pour over, Espresso, Other","Other, Local cafe, Specialty coffee shop",Americano,Medium,Sweet,Somewhat strong,Full caffeine,8.0,5.0,3.0,5.0,4.0,Coffee C,<$20,Male,Bachelor's degree,Employed full-time
0EjR2Q,25-34 years old,Less than 1,At a cafe,,,Blended drink (e.g. Frappuccino),Light,Caramalized,Somewhat light,Half caff,2.0,2.0,4.0,3.0,2.0,Coffee B,$20-$40,Female,Master's degree,Employed full-time
qbEla5,45-54 years old,4,At home,Espresso,,Espresso,Dark,Bold,Somewhat strong,Full caffeine,6.0,3.0,4.0,5.0,2.0,Coffee C,$40-$60,Male,Master's degree,Employed full-time
YZzAaW,45-54 years old,More than 4,"At home, At a cafe","Pour over, French press, Espresso, Cold brew, Coffee brewing machine (e.g. Mr. Coffee)",,Espresso,French,Chocolatey,Very strong,Full caffeine,8.0,2.0,4.0,5.0,1.0,Coffee C,$20-$40,Male,,
AlbXlz,45-54 years old,,,,,,,,,,,,,,,,,,,
OABNAg,55-64 years old,,At home,Other,,,,,,,,,,,,,,,,
NABZVl,55-64 years old,,At home,French press,,Latte,Light,Sweet,Medium,Full caffeine,6.0,,,,,,,,,
0EjWj6,,2,"At home, At a cafe, At the office",Pour over,,Pourover,Light,Fruity,Medium,Full caffeine,,,,,,,,,,
24x649,55-64 years old,2,"At home, At a cafe",Coffee brewing machine (e.g. Mr. Coffee),,Regular drip coffee,Medium,Full Bodied,Somewhat strong,Full caffeine,6.0,2.0,5.0,3.0,2.0,Coffee B,$20-$40,Female,Bachelor's degree,Employed full-time
dY2yYK,25-34 years old,2,"At home, On the go",Pour over,Local cafe,Pourover,Medium,Bright,Somewhat strong,Full caffeine,5.0,5.0,3.0,2.0,4.0,Coffee A,$40-$60,Female,Bachelor's degree,Employed full-time
0EjWLN,25-34 years old,3,At home,Espresso,,Cappuccino,Medium,Chocolatey,Somewhat strong,Full caffeine,7.0,1.0,2.0,3.0,4.0,Coffee D,,,,
DVvGNZ,35-44 years old,2,At home,Espresso,,Cappuccino,Medium,Chocolatey,Somewhat strong,Full caffeine,7.0,5.0,2.0,5.0,3.0,Coffee C,$40-$60,Male,Bachelor's degree,Employed full-time
MAdx5M,18-24 years old,1,"At home, At a cafe, At the office","Espresso, Pour over, Pod/capsule machine (e.g. Keurig/Nespresso)",,Mocha,Medium,Chocolatey,Somewhat strong,Half caff,8.0,3.0,5.0,4.0,2.0,Coffee B,$40-$60,Male,Some college or associate's degree,Employed full-time
zKQ6eR,35-44 years old,2,At home,Pour over,,Pourover,Nordic,Bright,Medium,Full caffeine,5.0,4.0,2.0,1.0,4.0,Coffee D,$60-$80,Male,Bachelor's degree,Employed full-time
NABZ0l,35-44 years old,2,"At the office, At home","Pour over, Pod/capsule machine (e.g. Keurig/Nespresso), Other",,Regular drip coffee,Dark,Bold,Very strong,Full caffeine,6.0,3.0,5.0,4.0,2.0,Coffee B,<$20,Male,Bachelor's degree,Employed full-time
vNx920,45-54 years old,Less than 1,At home,"Pour over, Instant coffee, Espresso",,Latte,Dark,Chocolatey,Somewhat strong,Full caffeine,3.0,2.0,2.0,1.0,1.0,Coffee B,<$20,Female,Bachelor's degree,Unemployed
RzB9zj,35-44 years old,2,At home,"Pour over, Espresso, Coffee brewing machine (e.g. Mr. Coffee), French press",,Pourover,Light,Floral,Somewhat strong,Full caffeine,7.0,5.0,3.0,2.0,4.0,Coffee A,>$100,Male,Doctorate or professional degree,Employed full-time
EPbOJX,45-54 years old,,"At home, At a cafe","Espresso, Instant coffee",,Other,Medium,Floral,Very strong,Full caffeine,4.0,,,,,,,,,
oAVjvM,,,,,,,,,,,6.0,,,,,,,,,
9dJK1Q,18-24 years old,2,"At the office, At home, At a cafe","Espresso, Pour over",,Cortado,Light,Fruity,Medium,Decaf,4.0,5.0,2.0,2.0,4.0,Coffee A,$40-$60,Male,Bachelor's degree,Employed full-time
EPbOPr,35-44 years old,2,"At home, At the office","Pour over, Coffee extract (e.g. Cometeer)",,Pourover,Light,Juicy,Somewhat strong,Full caffeine,7.0,5.0,3.0,2.0,5.0,Coffee A,,,,
J2k42R,35-44 years old,2,At the office,,,Blended drink (e.g. Frappuccino),Blonde,Chocolatey,Medium,Full caffeine,7.0,2.0,1.0,3.0,1.0,Coffee B,$80-$100,Male,Bachelor's degree,Employed full-time
ylqaq4,35-44 years old,2,"At home, At a cafe","Pour over, French press",,Pourover,Light,Fruity,Medium,Full caffeine,6.0,4.0,3.0,1.0,4.0,Coffee A,$20-$40,Male,Bachelor's degree,Employed full-time
8dplpx,25-34 years old,2,At home,"Pour over, Other",,Pourover,Light,Fruity,Somewhat strong,Full caffeine,7.0,4.0,3.0,1.0,5.0,Coffee D,$40-$60,Male,Some college or associate's degree,Employed full-time
rlrZLl,25-34 years old,1,"At home, At the office",Coffee brewing machine (e.g. Mr. Coffee),,Regular drip coffee,Medium,Chocolatey,Medium,Full caffeine,7.0,1.0,4.0,5.0,2.0,Coffee C,$20-$40,Male,Master's degree,Employed full-time
eBxX20,45-54 years old,2,At home,Coffee brewing machine (e.g. Mr. Coffee),,Cappuccino,Medium,Floral,Medium,Half caff,5.0,2.0,3.0,4.0,1.0,Coffee D,$20-$40,Male,Bachelor's degree,Employed full-time
DVvGDq,35-44 years old,3,At home,"Pour over, Espresso",,Pourover,Light,Bright,Somewhat strong,Full caffeine,8.0,3.0,2.0,3.0,4.0,Coffee D,>$100,Non-binary,Bachelor's degree,Employed full-time
42NboO,25-34 years old,1,At the office,,,Pourover,Light,Chocolatey,Medium,Full caffeine,5.0,1.0,4.0,4.0,1.0,Coffee C,$20-$40,Female,Doctorate or professional degree,Employed full-time
dY2yPo,25-34 years old,3,"At home, At the office",Pour over,,Americano,Light,Fruity,Medium,Full caffeine,4.0,2.0,3.0,3.0,4.0,Coffee D,$40-$60,Female,Master's degree,Employed full-time
GrBPJo,18-24 years old,2,"On the go, At home, At a cafe",Coffee brewing machine (e.g. Mr. Coffee),"National chain (e.g. Starbucks, Dunkin), Specialty coffee shop",Blended drink (e.g. Frappuccino),Light,Sweet,Somewhat light,Full caffeine,1.0,3.0,3.0,2.0,5.0,Coffee D,$40-$60,Female,Some college or associate's degree,Student
zKQ6W1,35-44 years old,1,"At the office, At home, At a cafe","Pour over, Coffee brewing machine (e.g. Mr. Coffee)",,Cortado,Light,Chocolatey,Medium,Full caffeine,7.0,2.0,4.0,4.0,3.0,Coffee B,$20-$40,Male,Bachelor's degree,Employed full-time
EPbOJN,18-24 years old,2,"At home, At the office, At a cafe","Espresso, Pod/capsule machine (e.g. Keurig/Nespresso)",,Iced coffee,Blonde,Fruity,Medium,Full caffeine,4.0,4.0,3.0,1.0,5.0,Coffee D,$40-$60,Male,Bachelor's degree,Employed full-time
eBxXL0,25-34 years old,1,"On the go, At home","Pour over, French press","Local cafe, Deli or supermarket",Mocha,Medium,Full Bodied,Somewhat strong,Full caffeine,4.0,3.0,5.0,4.0,2.0,Coffee B,$60-$80,Female,High school graduate,Homemaker
EPbO04,25-34 years old,1,At home,Pour over,,Pourover,Light,Fruity,Somewhat strong,Full caffeine,8.0,4.0,2.0,3.0,5.0,Coffee D,$40-$60,Male,Bachelor's degree,Employed full-time
PABql5,25-34 years old,2,"At the office, At home",Bean-to-cup machine,,Latte,Dark,Full Bodied,Somewhat strong,Full caffeine,1.0,3.0,3.0,5.0,5.0,Coffee C,$20-$40,Female,Master's degree,Employed full-time
1r2aEp,25-34 years old,2,"At the office, At home",Pour over,,Pourover,Light,Sweet,Somewhat strong,Full caffeine,7.0,4.0,2.0,2.0,4.0,Coffee D,$60-$80,Male,Bachelor's degree,Employed full-time
1r2avQ,25-34 years old,1,At home,Other,,Cappuccino,Medium,Caramalized,Somewhat strong,Full caffeine,2.0,2.0,2.0,4.0,3.0,Coffee C,$40-$60,Female,Master's degree,Employed full-time
aBrMrq,25-34 years old,2,At home,"Pour over, French press",,Regular drip coffee,Medium,Sweet,Somewhat strong,Full caffeine,3.0,3.0,5.0,4.0,2.0,Coffee B,$20-$40,Male,Some college or associate's degree,Student
5dqAEM,45-54 years old,1,At home,Espresso,,Cappuccino,Dark,Bright,Somewhat strong,Full caffeine,2.0,2.0,5.0,2.0,2.0,Coffee B,$40-$60,Female,Doctorate or professional degree,Employed full-time
rlrZdl,25-34 years old,2,"At home, At the office",Pour over,,Latte,Dark,Chocolatey,Medium,Decaf,4.0,2.0,4.0,3.0,5.0,Coffee D,,Male,Bachelor's degree,Employed full-time
aBrMGB,>65 years old,2,At the office,,,Latte,Blonde,Bold,Somewhat strong,Full caffeine,8.0,5.0,3.0,4.0,2.0,Coffee A,$40-$60,Male,Doctorate or professional degree,Retired
kYRP51,35-44 years old,2,At home,Other,,Cappuccino,Light,Fruity,Somewhat strong,Full caffeine,5.0,4.0,2.0,4.0,5.0,Coffee D,,,,
PABqX5,25-34 years old,1,"At home, On the go, At the office",Pour over,Specialty coffee shop,Pourover,Light,Sweet,Somewhat light,Full caffeine,7.0,3.0,3.0,2.0,5.0,Coffee D,$40-$60,Male,Bachelor's degree,Student
ylqaop,25-34 years old,2,At home,Other,,Latte,Medium,Chocolatey,Somewhat strong,Full caffeine,5.0,1.0,3.0,4.0,2.0,Coffee C,$80-$100,Male,Bachelor's degree,Employed full-time
5dqAeP,35-44 years old,1,At home,Espresso,,Americano,Light,Fruity,Weak,Full caffeine,7.0,5.0,2.0,2.0,5.0,Coffee B,<$20,Male,Bachelor's degree,Employed full-time
aBrMK9,25-34 years old,2,At home,"Pour over, Pod/capsule machine (e.g. Keurig/Nespresso)",,Latte,Blonde,Caramalized,Medium,Full caffeine,5.0,2.0,3.0,2.0,1.0,Coffee B,<$20,Female,Some college or associate's degree,Unemployed
aBrMEv,35-44 years old,1,At home,"Pour over, Espresso",,Pourover,Light,Juicy,Medium,Full caffeine,7.0,2.0,3.0,4.0,5.0,Coffee C,,Female,Bachelor's degree,Homemaker
MAdxOM,25-34 years old,1,"At a cafe, At home, On the go",Other,"Local cafe, Specialty coffee shop",Other,Light,Fruity,Medium,Full caffeine,6.0,5.0,2.0,3.0,2.0,Coffee A,$60-$80,Female,Master's degree,Employed full-time
PABqbd,25-34 years old,Less than 1,At a cafe,,,Latte,Light,Bright,Medium,Full caffeine,3.0,2.0,3.0,4.0,3.0,Coffee C,<$20,Female,,
ZdRBP0,25-34 years old,2,"At the office, At home, At a cafe, On the go",Coffee brewing machine (e.g. Mr. Coffee),"Specialty coffee shop, Drive-thru, National chain (e.g. Starbucks, Dunkin), Local cafe",Latte,Medium,Full Bodied,Medium,Full caffeine,5.0,2.0,4.0,4.0,3.0,Coffee B,$20-$40,Male,Bachelor's degree,Employed full-time
g5NoJ1,18-24 years old,Less than 1,At home,Other,,Pourover,Light,Fruity,Somewhat strong,Full caffeine,7.0,5.0,4.0,3.0,5.0,Coffee D,,,,
VZ16bE,25-34 years old,2,At home,Coffee brewing machine (e.g. Mr. Coffee),,Regular drip coffee,Light,Fruity,Somewhat strong,Full caffeine,7.0,4.0,1.0,2.0,5.0,Coffee D,$60-$80,Female,Bachelor's degree,Homemaker
VZ168g,18-24 years old,2,"At home, At a cafe","Pour over, Espresso",,Latte,Light,Bold,Somewhat strong,Full caffeine,5.0,5.0,3.0,2.0,4.0,Coffee A,$20-$40,Male,Bachelor's degree,Employed full-time
xdNWPy,25-34 years old,4,"At home, At the office",Espresso,,Espresso,Light,Fruity,Somewhat strong,Full caffeine,7.0,2.0,4.0,3.0,5.0,Coffee D,$40-$60,Male,Master's degree,Employed full-time
oAVjyx,35-44 years old,2,"At home, At the office",Pour over,,Pourover,Light,Bright,Somewhat strong,Full caffeine,5.0,4.0,4.0,3.0,3.0,Coffee B,$20-$40,Male,Master's degree,Employed full-time
ZdRBYz,35-44 years old,1,"At home, At the office",Pour over,,Latte,Light,Fruity,Somewhat light,Full caffeine,7.0,2.0,5.0,1.0,1.0,Coffee A,$60-$80,Female,Doctorate or professional degree,Employed full-time
6dQBOB,35-44 years old,1,At home,Other,,Latte,Medium,Nutty,Medium,Full caffeine,3.0,3.0,4.0,3.0,1.0,Coffee B,$40-$60,Female,Bachelor's degree,Employed full-time
QABQr7,25-34 years old,2,"At home, At the office, At a cafe","Pour over, Coffee brewing machine (e.g. Mr. Coffee)",,Pourover,Light,Floral,Medium,Full caffeine,6.0,3.0,4.0,3.0,5.0,Coffee D,$20-$40,Male,Master's degree,Employed full-time
aBrM0v,18-24 years old,1,At home,Other,,Cortado,Medium,Nutty,Medium,Full caffeine,5.0,4.0,2.0,3.0,3.0,Coffee A,<$20,Male,Bachelor's degree,Employed full-time
bl4J62,25-34 years old,2,"At home, At a cafe","Pour over, Espresso",,Cappuccino,Light,Floral,Medium,Full caffeine,6.0,4.0,2.0,3.0,5.0,Coffee D,$20-$40,Male,Master's degree,Unemployed
ZdRBRy,18-24 years old,More than 4,"At a cafe, At home, On the go","Pour over, French press, Other","Specialty coffee shop, Local cafe",Espresso,Medium,Nutty,Medium,Full caffeine,7.0,5.0,4.0,4.0,1.0,Coffee D,>$100,Male,High school graduate,Employed full-time
DVvGJq,55-64 years old,2,At home,"Espresso, Pod/capsule machine (e.g. Keurig/Nespresso)",,Espresso,Dark,Chocolatey,Very strong,Full caffeine,6.0,2.0,3.0,5.0,1.0,Coffee C,$20-$40,Male,Doctorate or professional degree,Employed full-time
42Nb1b,35-44 years old,2,At home,"Pour over, French press",,Cappuccino,Light,Floral,Somewhat strong,Full caffeine,7.0,5.0,2.0,4.0,5.0,Coffee A,$80-$100,Female,Doctorate or professional degree,Employed full-time
qbElY2,35-44 years old,1,"At a cafe, At home","Pour over, Espresso",,Latte,Light,Chocolatey,Somewhat light,Full caffeine,5.0,2.0,4.0,3.0,1.0,Coffee B,$40-$60,Male,Master's degree,Employed full-time
ZdRBZa,25-34 years old,1,"On the go, At home","Pour over, Espresso",Specialty coffee shop,Cortado,Medium,Fruity,Somewhat strong,Full caffeine,7.0,5.0,2.0,2.0,4.0,Coffee A,$20-$40,Female,Bachelor's degree,Employed full-time
OABNzg,35-44 years old,3,"On the go, At home","Pour over, Espresso, Coffee brewing machine (e.g. Mr. Coffee), Cold brew","National chain (e.g. Starbucks, Dunkin), Local cafe, Drive-thru",Cold brew,Blonde,Bright,Medium,Full caffeine,6.0,5.0,4.0,4.0,5.0,Coffee A,$80-$100,Male,Master's degree,Employed full-time
xdNW0o,25-34 years old,2,At home,"Pour over, Espresso",,Espresso,Light,Bright,Medium,Full caffeine,8.0,4.0,3.0,2.0,4.0,Coffee A,$60-$80,Male,Bachelor's degree,Employed full-time
xdNWPo,25-34 years old,Less than 1,None of these,,,Iced coffee,Blonde,Caramalized,Somewhat light,Decaf,2.0,4.0,5.0,2.0,3.0,Coffee B,<$20,Male,Bachelor's degree,Unemployed
kYRPZR,25-34 years old,1,At the office,,,Latte,Medium,Chocolatey,Somewhat strong,Full caffeine,3.0,2.0,3.0,4.0,1.0,Coffee C,<$20,Female,Bachelor's degree,Employed full-time
J2k4D4,35-44 years old,4,At home,Coffee brewing machine (e.g. Mr. Coffee),,Regular drip coffee,Medium,Fruity,Medium,Full caffeine,5.0,5.0,3.0,3.0,4.0,Coffee A,$40-$60,Male,Bachelor's degree,Employed full-time
9dJKo1,>65 years old,2,At home,"Pour over, Espresso, Coffee extract (e.g. Cometeer)",,Iced coffee,Medium,Sweet,Medium,Full caffeine,7.0,3.0,3.0,4.0,1.0,Coffee C,$20-$40,Male,Doctorate or professional degree,Retired
kYRPpd,18-24 years old,3,At home,"Pour over, Espresso",,Pourover,Light,Bright,Somewhat strong,Full caffeine,6.0,4.0,2.0,3.0,5.0,Coffee D,$60-$80,Male,Bachelor's degree,Student
BGbRD5,55-64 years old,2,At home,"Coffee brewing machine (e.g. Mr. Coffee), French press",,Regular drip coffee,Medium,Full Bodied,Medium,Full caffeine,3.0,2.0,5.0,4.0,1.0,Coffee B,$80-$100,Female,Master's degree,Employed part-time
rlrZlR,18-24 years old,Less than 1,At home,Coffee brewing machine (e.g. Mr. Coffee),,Regular drip coffee,Dark,Sweet,Very strong,Full caffeine,2.0,2.0,3.0,2.0,4.0,Coffee D,<$20,Male,Some college or associate's degree,Student
AlbXqk,55-64 years old,2,At home,"French press, Pod/capsule machine (e.g. Keurig/Nespresso), Other",,Regular drip coffee,French,Bold,Somewhat strong,Full caffeine,7.0,3.0,5.0,4.0,2.0,Coffee B,$20-$40,Male,Some college or associate's degree,Employed full-time
rlrZKN,25-34 years old,2,At home,"Pour over, Espresso",,Americano,Light,Juicy,Medium,Full caffeine,6.0,5.0,3.0,2.0,4.0,Coffee A,$40-$60,Male,Bachelor's degree,Employed full-time
MAdxAA,18-24 years old,Less than 1,At home,"French press, Coffee brewing machine (e.g. Mr. Coffee)",,Latte,Medium,Chocolatey,Somewhat strong,Full caffeine,2.0,3.0,3.0,4.0,4.0,Coffee C,<$20,Male,Bachelor's degree,Employed full-time
AlbXWB,25-34 years old,1,At a cafe,,,Iced coffee,Medium,Caramalized,Medium,Half caff,1.0,2.0,3.0,3.0,2.0,Coffee B,$60-$80,Female,Bachelor's degree,Employed full-time
MAdxYp,25-34 years old,2,"At home, At the office","Pour over, Espresso",,Pourover,Medium,Floral,Somewhat strong,Full caffeine,5.0,4.0,1.0,5.0,2.0,Coffee C,$40-$60,Male,Bachelor's degree,Employed full-time
oAVjKX,>65 years old,1,At home,Bean-to-cup machine,,Espresso,Light,Floral,Medium,Full caffeine,2.0,5.0,4.0,1.0,4.0,Coffee A,$40-$60,Male,Doctorate or professional degree,Retired
rlrZ2M,25-34 years old,2,"At the office, At home",Other,,Regular drip coffee,Light,Juicy,Medium,Full caffeine,7.0,4.0,3.0,5.0,4.0,Coffee C,$20-$40,Male,Bachelor's degree,Employed full-time
YZzAx6,25-34 years old,1,"At home, At a cafe",Espresso,,Espresso,Light,Fruity,Somewhat strong,Full caffeine,7.0,5.0,4.0,4.0,4.0,Coffee A,$20-$40,Male,Bachelor's degree,Employed full-time
bl4JY2,25-34 years old,2,"At a cafe, At home, At the office","Pour over, Espresso, Pod/capsule machine (e.g. Keurig/Nespresso)",,Cappuccino,Light,Fruity,Somewhat strong,Full caffeine,3.0,2.0,4.0,1.0,5.0,Coffee D,$40-$60,Non-binary,Bachelor's degree,Student
OABNdp,25-34 years old,2,At home,"Pour over, Espresso",,Espresso,Light,Bright,Somewhat strong,Full caffeine,8.0,4.0,2.0,3.0,5.0,Coffee D,$40-$60,Male,Some college or associate's degree,Employed full-time
oAVjBP,25-34 years old,1,At home,"Pour over, Cold brew",,Cold brew,Medium,Chocolatey,Somewhat strong,Full caffeine,6.0,2.0,3.0,3.0,5.0,Coffee D,<$20,Male,Master's degree,Employed full-time
WAp70N,18-24 years old,1,At home,Espresso,,Cappuccino,Medium,Nutty,Somewhat strong,Full caffeine,6.0,4.0,4.0,3.0,2.0,Coffee A,$20-$40,Female,Bachelor's degree,Employed full-time
LdM20v,25-34 years old,1,"At home, At the office","Pour over, Espresso, Cold brew, Other",,Pourover,Medium,Chocolatey,Somewhat strong,Full caffeine,6.0,4.0,4.0,3.0,3.0,Coffee A,$40-$60,Male,Bachelor's degree,Employed full-time
lNlE46,25-34 years old,1,At home,"Espresso, Pour over, Cold brew",,Cortado,Light,Fruity,Somewhat strong,Full caffeine,4.0,2.0,5.0,3.0,4.0,Coffee B,$40-$60,Male,Bachelor's degree,Employed full-time
DVvGbX,45-54 years old,1,At home,Pour over,,Pourover,Light,Bright,Somewhat strong,Full caffeine,5.0,4.0,3.0,2.0,3.0,Coffee A,,Male,,Employed full-time
lNlE0W,45-54 years old,1,At home,"Bean-to-cup machine, Espresso, Coffee brewing machine (e.g. Mr. Coffee)",,Americano,Medium,Full Bodied,Somewhat strong,Full caffeine,6.0,3.0,2.0,4.0,3.0,Coffee C,$60-$80,Female,Master's degree,Employed full-time
KMBj08,35-44 years old,1,"At the office, At home",Pour over,,Latte,Light,Bright,Somewhat light,Full caffeine,5.0,4.0,2.0,2.0,5.0,Coffee D,<$20,Female,Bachelor's degree,Employed full-time
jB9VJ6,45-54 years old,Less than 1,At home,"Pod/capsule machine (e.g. Keurig/Nespresso), Coffee extract (e.g. Cometeer), Cold brew",,Cappuccino,Medium,Nutty,Medium,Decaf,2.0,1.0,5.0,4.0,2.0,Coffee B,<$20,Male,Bachelor's degree,Retired
YZzAVq,35-44 years old,3,"At home, At a cafe","Espresso, Cold brew",,Cold brew,Medium,Bold,Somewhat strong,Full caffeine,5.0,4.0,3.0,2.0,1.0,Coffee A,>$100,Male,Master's degree,Employed full-time
jB9Vz9,25-34 years old,1,"At the office, At home","Pour over, French press, Pod/capsule machine (e.g. Keurig/Nespresso), Other",,Pourover,French,Chocolatey,Medium,Full caffeine,6.0,3.0,4.0,3.0,1.0,Coffee B,$20-$40,Male,Bachelor's degree,Employed full-time
0EjWPy,25-34 years old,1,At home,"French press, Coffee brewing machine (e.g. Mr. Coffee)",,Americano,Medium,Chocolatey,Somewhat strong,Decaf,6.0,3.0,4.0,5.0,3.0,Coffee C,$20-$40,Male,Bachelor's degree,Unemployed
42NbpB,25-34 years old,1,"At the office, At home, On the go, At a cafe",Pod/capsule machine (e.g. Keurig/Nespresso),Other,Latte,Medium,Chocolatey,Somewhat strong,Full caffeine,6.0,2.0,4.0,4.0,1.0,Coffee D,$80-$100,Male,Bachelor's degree,Employed full-time
42NbGd,25-34 years old,1,At the office,,,Americano,Medium,Full Bodied,Somewhat strong,Full caffeine,2.0,3.0,4.0,2.0,4.0,Coffee D,$20-$40,Male,Doctorate or professional degree,Employed full-time
1r2aNO,25-34 years old,2,At home,Espresso,,Latte,Medium,Nutty,Somewhat strong,Full caffeine,6.0,2.0,5.0,4.0,3.0,Coffee B,$40-$60,Male,Bachelor's degree,Employed full-time
PABq2b,35-44 years old,2,"On the go, At home, At a cafe, At the office","Pour over, Espresso, French press, Coffee extract (e.g. Cometeer), Cold brew",Specialty coffee shop,Americano,Medium,Bright,Medium,Full caffeine,6.0,2.0,4.0,3.0,5.0,Coffee D,$60-$80,Male,Bachelor's degree,Employed full-time
NABZBQ,25-34 years old,2,"At a cafe, At home","Pod/capsule machine (e.g. Keurig/Nespresso), Coffee brewing machine (e.g. Mr. Coffee)",,Americano,Light,Floral,Medium,Full caffeine,7.0,4.0,1.0,2.0,4.0,Coffee A,$80-$100,Male,Bachelor's degree,
NABZLB,35-44 years old,Less than 1,At home,Coffee brewing machine (e.g. Mr. Coffee),,Americano,Dark,Bold,Somewhat strong,Full caffeine,6.0,3.0,4.0,5.0,1.0,Coffee B,$40-$60,Male,Doctorate or professional degree,Employed full-time
lNlENv,18-24 years old,Less than 1,At home,Pour over,,Pourover,Medium,Chocolatey,Medium,Full caffeine,6.0,1.0,4.0,5.0,4.0,Coffee C,$20-$40,Male,Bachelor's degree,Employed part-time
WAp7Pj,35-44 years old,1,"At home, At a cafe, On the go, At the office","Pour over, Pod/capsule machine (e.g. Keurig/Nespresso)","Drive-thru, Local cafe",Latte,Light,Bright,Somewhat strong,Full caffeine,3.0,5.0,3.0,4.0,3.0,Coffee A,$60-$80,Female,Master's degree,Employed full-time
rlrZqL,35-44 years old,2,On the go,,Local cafe,Cold brew,Medium,Fruity,Somewhat strong,Full caffeine,6.0,4.0,3.0,2.0,5.0,Coffee D,$80-$100,Female,Bachelor's degree,Employed part-time
kYRPxZ,35-44 years old,2,At home,Instant coffee,,Latte,Light,Bold,Medium,Full caffeine,5.0,2.0,2.0,3.0,2.0,Coffee C,$20-$40,Female,Bachelor's degree,Employed full-time
24x6JL,35-44 years old,2,"At home, On the go",Coffee brewing machine (e.g. Mr. Coffee),"National chain (e.g. Starbucks, Dunkin)",Regular drip coffee,Medium,Chocolatey,Somewhat strong,Full caffeine,4.0,2.0,4.0,5.0,3.0,Coffee C,$20-$40,Male,Bachelor's degree,Employed full-time
AlbX9N,25-34 years old,Less than 1,At a cafe,,,Latte,Dark,Caramalized,Medium,Full caffeine,4.0,1.0,4.0,2.0,3.0,Coffee B,<$20,Male,Bachelor's degree,Employed full-time
VZ16Zy,25-34 years old,1,At home,"Pour over, Espresso",,Pourover,Light,Bright,Medium,Full caffeine,7.0,5.0,3.0,2.0,5.0,Coffee A,$60-$80,Male,Bachelor's degree,Employed full-time
9dJK44,35-44 years old,Less than 1,At home,Pour over,,Americano,Medium,Full Bodied,Somewhat strong,Half caff,5.0,2.0,3.0,4.0,4.0,Coffee C,$20-$40,Female,Bachelor's degree,Homemaker
YZzAzd,35-44 years old,3,At home,Pour over,,Pourover,Medium,Full Bodied,Somewhat strong,Full caffeine,5.0,5.0,4.0,2.0,2.0,Coffee D,$20-$40,Male,,
RzB9gQ,35-44 years old,2,At home,"Coffee brewing machine (e.g. Mr. Coffee), Cold brew",,Cortado,Light,Chocolatey,Very strong,Full caffeine,4.0,5.0,3.0,2.0,4.0,Coffee A,$40-$60,Male,Bachelor's degree,Employed full-time
XeBbB4,25-34 years old,3,"At home, On the go, At the office","Espresso, Cold brew, Pour over, French press, Other","Specialty coffee shop, National chain (e.g. Starbucks, Dunkin), Drive-thru",Americano,Medium,Full Bodied,Medium,Full caffeine,5.0,4.0,2.0,3.0,5.0,Coffee D,$40-$60,Male,Bachelor's degree,Employed full-time
24x67A,25-34 years old,2,"At home, At a cafe",Coffee brewing machine (e.g. Mr. Coffee),,Cortado,Medium,Caramalized,Somewhat strong,Full caffeine,7.0,4.0,2.0,5.0,3.0,Coffee C,$40-$60,Female,Some college or associate's degree,Student
zKQ6G8,25-34 years old,1,At home,Pour over,,Regular drip coffee,Dark,Chocolatey,Very strong,Full caffeine,3.0,2.0,3.0,5.0,4.0,Coffee A,<$20,Male,Master's degree,Employed full-time
qbElE7,35-44 years old,3,"At the office, At home",Pour over,,Cappuccino,Medium,Chocolatey,Somewhat strong,Full caffeine,2.0,4.0,4.0,5.0,1.0,,$40-$60,,,
PABqGd,45-54 years old,Less than 1,At home,Espresso,,Espresso,Italian,Chocolatey,Very strong,Full caffeine,3.0,5.0,3.0,3.0,4.0,Coffee A,<$20,Female,Master's degree,Retired
qbElN8,25-34 years old,1,At home,Espresso,,Mocha,Light,Bright,Medium,Full caffeine,7.0,4.0,1.0,2.0,3.0,Coffee A,$40-$60,Male,High school graduate,Unemployed
9dJKWV,35-44 years old,3,"At home, On the go, At the office",Pour over,"National chain (e.g. Starbucks, Dunkin)",Mocha,Light,Fruity,Somewhat strong,Full caffeine,6.0,5.0,3.0,3.0,4.0,Coffee A,$80-$100,Male,Some college or associate's degree,Employed full-time
rlrZgp,25-34 years old,1,"At home, At a cafe","Pour over, French press",,Cortado,Medium,Full Bodied,Medium,Full caffeine,7.0,4.0,2.0,3.0,5.0,Coffee B,,,,
ylqa04,25-34 years old,2,At home,"Pour over, French press",,Other,Medium,Chocolatey,Somewhat strong,Full caffeine,8.0,3.0,2.0,5.0,3.0,Coffee C,$20-$40,Male,Master's degree,Employed full-time
0EjWZ0,35-44 years old,3,"At home, At the office",Pour over,,Pourover,Medium,Caramalized,Medium,Full caffeine,4.0,3.0,3.0,5.0,1.0,Coffee C,$20-$40,Female,Bachelor's degree,Employed full-time
lNlEyv,25-34 years old,2,"On the go, At the office, At home",Espresso,Deli or supermarket,Latte,Light,Full Bodied,Somewhat strong,Full caffeine,2.0,2.0,4.0,2.0,1.0,Coffee D,$40-$60,Male,Bachelor's degree,Employed part-time
g5Nok1,18-24 years old,2,"At home, At the office, At a cafe, On the go",Pod/capsule machine (e.g. Keurig/Nespresso),"Drive-thru, Specialty coffee shop, National chain (e.g. Starbucks, Dunkin), Local cafe",Cappuccino,Dark,Chocolatey,Somewhat strong,Full caffeine,6.0,3.0,4.0,5.0,1.0,Coffee C,$60-$80,Female,Bachelor's degree,Unemployed
1r2a6L,18-24 years old,2,"At the office, At home","Coffee brewing machine (e.g. Mr. Coffee), Pod/capsule machine (e.g. Keurig/Nespresso)",,Regular drip coffee,Dark,Bold,Somewhat strong,Full caffeine,4.0,4.0,3.0,3.0,5.0,Coffee D,$20-$40,Male,High school graduate,Employed full-time
g5NoNd,25-34 years old,Less than 1,None of these,,,Cold brew,Medium,Nutty,Somewhat light,Full caffeine,1.0,2.0,3.0,4.0,4.0,Coffee D,<$20,Female,Bachelor's degree,Employed full-time
LdM2qy,25-34 years old,2,At home,"French press, Pour over, Instant coffee",,Cold brew,Medium,Chocolatey,Very strong,Full caffeine,4.0,1.0,3.0,2.0,4.0,Coffee D,$20-$40,Female,Some college or associate's degree,Employed full-time
DVvGYX,18-24 years old,2,"At the office, On the go, At home","Pour over, Coffee brewing machine (e.g. Mr. Coffee), Cold brew","Drive-thru, National chain (e.g. Starbucks, Dunkin), Local cafe, Specialty coffee shop",Iced coffee,Light,Bright,Somewhat strong,Full caffeine,6.0,4.0,3.0,2.0,5.0,Coffee D,$60-$80,Male,Some college or associate's degree,Employed full-time
zKQ6OZ,55-64 years old,2,"At home, At the office","Pour over, French press, Bean-to-cup machine, Coffee extract (e.g. Cometeer), Cold brew",,Pourover,Medium,Nutty,Medium,Full caffeine,4.0,4.0,4.0,5.0,1.0,Coffee C,,,,
bl4JE6,35-44 years old,2,At home,Espresso,,Latte,Light,Fruity,Medium,Full caffeine,8.0,3.0,3.0,2.0,4.0,Coffee D,$40-$60,Male,Bachelor's degree,Employed full-time
xdNWLd,25-34 years old,1,On the go,,"National chain (e.g. Starbucks, Dunkin), Local cafe",Cappuccino,Light,Full Bodied,Somewhat strong,Full caffeine,6.0,2.0,3.0,4.0,1.0,Coffee C,$20-$40,Male,Some college or associate's degree,Employed full-time
zKQ6gZ,35-44 years old,Less than 1,"At home, At a cafe",Other,,Latte,Medium,Sweet,Medium,Full caffeine,1.0,1.0,4.0,3.0,2.0,Coffee B,<$20,Female,Bachelor's degree,Employed full-time
QABQkk,35-44 years old,1,"At the office, At home",Other,,Latte,Medium,Caramalized,Somewhat strong,Full caffeine,5.0,3.0,4.0,1.0,1.0,Coffee B,<$20,Male,Bachelor's degree,Employed full-time
OABNL7,25-34 years old,1,"At home, At the office",Pour over,,Pourover,Light,Fruity,Somewhat strong,Full caffeine,7.0,3.0,4.0,1.0,5.0,Coffee D,$40-$60,Male,Master's degree,Employed full-time
24x6ge,35-44 years old,2,At home,Pour over,,Pourover,Light,Fruity,Somewhat light,Full caffeine,6.0,4.0,2.0,2.0,5.0,Coffee D,$20-$40,Male,Bachelor's degree,Employed full-time
NABZyp,18-24 years old,2,"On the go, At home",Coffee brewing machine (e.g. Mr. Coffee),"National chain (e.g. Starbucks, Dunkin)",Regular drip coffee,Medium,Caramalized,Medium,Full caffeine,2.0,5.0,3.0,2.0,4.0,Coffee A,$20-$40,Male,Some college or associate's degree,Employed full-time
jB9Vk6,25-34 years old,Less than 1,None of these,,,Blended drink (e.g. Frappuccino),Light,Nutty,Weak,Decaf,1.0,2.0,1.0,2.0,2.0,Coffee D,<$20,Female,High school graduate,Employed part-time
VZ16y6,25-34 years old,2,"At home, At the office, On the go, At a cafe","Pour over, Other","Drive-thru, Specialty coffee shop",Pourover,Medium,Floral,Somewhat strong,Full caffeine,7.0,2.0,4.0,1.0,5.0,Coffee D,$20-$40,Male,Master's degree,Employed full-time
pLP24V,25-34 years old,1,"At home, On the go","Coffee brewing machine (e.g. Mr. Coffee), Espresso",Drive-thru,Latte,Medium,Sweet,Medium,Full caffeine,5.0,3.0,4.0,1.0,5.0,Coffee D,$20-$40,Female,Some college or associate's degree,Employed part-time
6dQBM5,25-34 years old,1,At home,Other,,Pourover,Light,Fruity,Very strong,Full caffeine,8.0,4.0,2.0,3.0,5.0,Coffee D,$40-$60,Male,Doctorate or professional degree,Employed full-time
24x6lA,>65 years old,2,At home,Pod/capsule machine (e.g. Keurig/Nespresso),,Regular drip coffee,Dark,Full Bodied,Medium,Half caff,5.0,2.0,4.0,2.0,1.0,Coffee B,$20-$40,Male,Some college or associate's degree,Retired
rlrZQo,35-44 years old,1,"At home, At a cafe","Pour over, French press",,Americano,Medium,Full Bodied,Somewhat strong,Full caffeine,2.0,1.0,3.0,4.0,5.0,Coffee D,$60-$80,Female,Master's degree,
42NbNO,18-24 years old,2,"At the office, At a cafe",,,Latte,Medium,Nutty,Somewhat strong,Full caffeine,4.0,4.0,5.0,3.0,3.0,Coffee B,$60-$80,Male,Bachelor's degree,Student
jB9VY1,18-24 years old,1,At home,French press,,Americano,Medium,Chocolatey,Medium,Full caffeine,1.0,1.0,5.0,2.0,2.0,Coffee B,<$20,Female,Bachelor's degree,Employed full-time
RzB9kP,25-34 years old,Less than 1,None of these,,,Other,Light,Chocolatey,,,1.0,4.0,3.0,3.0,3.0,Coffee A,<$20,,Master's degree,Employed full-time
24x67b,25-34 years old,2,"At home, At a cafe","Espresso, Pour over, French press",,Latte,Light,Bright,Somewhat strong,Full caffeine,7.0,2.0,5.0,1.0,5.0,Coffee D,$60-$80,Male,Bachelor's degree,Employed full-time
YZzAZJ,25-34 years old,1,At home,Pour over,,Cold brew,Light,Fruity,Somewhat light,Full caffeine,2.0,4.0,2.0,2.0,4.0,Coffee D,$60-$80,Female,Bachelor's degree,Employed full-time
zKQ6Za,25-34 years old,3,"At home, At the office","Pod/capsule machine (e.g. Keurig/Nespresso), Pour over",,Regular drip coffee,Light,Nutty,Medium,Full caffeine,6.0,4.0,3.0,4.0,2.0,Coffee C,<$20,Male,Master's degree,Employed full-time
g5NogM,45-54 years old,3,"At home, On the go, At the office","Espresso, Coffee brewing machine (e.g. Mr. Coffee), Pod/capsule machine (e.g. Keurig/Nespresso), Instant coffee","Specialty coffee shop, Local cafe",Cappuccino,Medium,Full Bodied,Somewhat strong,Full caffeine,7.0,5.0,4.0,3.0,1.0,Coffee A,$40-$60,Male,Bachelor's degree,Employed full-time
VZ16MJ,25-34 years old,2,"At home, At the office, On the go, At a cafe","Pour over, Espresso",Specialty coffee shop,Pourover,Light,Bright,Medium,Full caffeine,6.0,5.0,2.0,4.0,2.0,Coffee A,<$20,Male,High school graduate,Employed full-time
pLP2Pb,25-34 years old,1,At home,"Other, Pour over",,Cold brew,Light,Sweet,Medium,Full caffeine,2.0,5.0,2.0,3.0,4.0,Coffee A,$20-$40,Female,Bachelor's degree,Employed full-time
LdM2NJ,25-34 years old,2,At home,Espresso,,Latte,Medium,Sweet,Somewhat strong,Full caffeine,6.0,2.0,3.0,4.0,1.0,Coffee C,$20-$40,Female,Bachelor's degree,Employed full-time
bl4JOL,35-44 years old,1,At the office,,,Cortado,Light,Fruity,Somewhat strong,Full caffeine,6.0,4.0,3.0,3.0,5.0,Coffee D,$40-$60,Male,Doctorate or professional degree,Employed full-time
bl4Jy7,25-34 years old,2,"At the office, At home, At a cafe","Pour over, Espresso",,Cappuccino,Light,Fruity,Medium,Full caffeine,7.0,4.0,1.0,3.0,5.0,Coffee D,$40-$60,Female,Bachelor's degree,Employed full-time
NABZv0,25-34 years old,3,"At a cafe, On the go, At home","Pour over, Coffee brewing machine (e.g. Mr. Coffee), Pod/capsule machine (e.g. Keurig/Nespresso), French press","National chain (e.g. Starbucks, Dunkin), Specialty coffee shop",Pourover,Light,Floral,Somewhat strong,Full caffeine,8.0,4.0,4.0,1.0,2.0,Coffee B,$80-$100,Male,Some college or associate's degree,Employed full-time
42NbLk,25-34 years old,Less than 1,"At home, At a cafe","Espresso, Pour over",,Latte,Light,Caramalized,Somewhat light,Half caff,5.0,4.0,3.0,2.0,4.0,Coffee D,<$20,Female,Master's degree,Employed full-time
9dJKvp,25-34 years old,2,"At home, At a cafe","Pour over, French press, Espresso",,Cappuccino,Medium,Chocolatey,Somewhat strong,Full caffeine,7.0,4.0,3.0,5.0,4.0,Coffee C,$60-$80,Male,Doctorate or professional degree,Student
6dQB4o,35-44 years old,1,At home,Pod/capsule machine (e.g. Keurig/Nespresso),,Latte,Medium,Full Bodied,Somewhat strong,Full caffeine,3.0,4.0,3.0,3.0,1.0,Coffee D,$60-$80,Female,Master's degree,Employed full-time
kYRPO6,25-34 years old,4,"At the office, At home, At a cafe","Pour over, French press, Espresso, Cold brew, Instant coffee",,Latte,Dark,Chocolatey,Very strong,Full caffeine,6.0,2.0,4.0,5.0,2.0,Coffee C,$20-$40,Female,Bachelor's degree,Employed full-time
ZdRBy5,55-64 years old,2,"At home, At the office","French press, Pod/capsule machine (e.g. Keurig/Nespresso)",,Pourover,Light,Bright,Somewhat light,Full caffeine,7.0,3.0,5.0,3.0,4.0,Coffee B,$20-$40,Male,Bachelor's degree,Employed full-time
oAVj01,18-24 years old,1,At home,"Pour over, Espresso",,Pourover,Light,Fruity,Somewhat light,Full caffeine,6.0,4.0,3.0,2.0,5.0,Coffee D,$20-$40,Non-binary,Bachelor's degree,Student
AlbX8D,35-44 years old,2,"At home, On the go","Espresso, Coffee brewing machine (e.g. Mr. Coffee), Pod/capsule machine (e.g. Keurig/Nespresso)","National chain (e.g. Starbucks, Dunkin)",Latte,Medium,Chocolatey,Somewhat strong,Full caffeine,4.0,3.0,4.0,5.0,2.0,Coffee C,$20-$40,Female,Some college or associate's degree,Unemployed
VZ16Mv,25-34 years old,Less than 1,"At home, At a cafe","Pour over, French press, Other",,Cortado,Medium,Caramalized,Somewhat strong,Full caffeine,2.0,1.0,3.0,3.0,2.0,Coffee B,<$20,Male,Master's degree,Employed part-time
pLP261,25-34 years old,3,"At home, At the office",Pour over,,Pourover,Nordic,Juicy,Somewhat light,Full caffeine,6.0,5.0,3.0,2.0,4.0,Coffee A,$40-$60,Male,Doctorate or professional degree,Employed full-time
vNx9Vg,18-24 years old,2,"At home, At a cafe","Pour over, Espresso",,Pourover,Nordic,Bright,Medium,Full caffeine,8.0,3.0,4.0,2.0,1.0,Coffee B,$60-$80,Male,Bachelor's degree,Student
vNx9K8,25-34 years old,2,At home,"Pour over, Espresso, Cold brew",,Mocha,Dark,Chocolatey,Very strong,Full caffeine,7.0,2.0,5.0,4.0,3.0,Coffee B,$40-$60,Male,Bachelor's degree,Employed full-time
qbElBG,18-24 years old,1,"At home, At a cafe, On the go","Coffee brewing machine (e.g. Mr. Coffee), Pod/capsule machine (e.g. Keurig/Nespresso)","Drive-thru, National chain (e.g. Starbucks, Dunkin)",Iced coffee,Medium,Chocolatey,Somewhat strong,Full caffeine,3.0,3.0,2.0,4.0,5.0,Coffee D,$20-$40,Female,Bachelor's degree,Employed part-time
7d9kj6,35-44 years old,1,At home,Pour over,,Pourover,Light,Fruity,Somewhat strong,Full caffeine,4.0,2.0,2.0,3.0,4.0,Coffee D,$20-$40,Male,Some college or associate's degree,Employed full-time
KMBjkK,>65 years old,3,At home,Pour over,,Pourover,Light,Sweet,Medium,Full caffeine,7.0,4.0,3.0,4.0,4.0,Coffee D,$60-$80,Male,Bachelor's degree,Retired
vNx9z8,45-54 years old,2,At home,"Cold brew, Pour over, French press, Espresso",,Cold brew,Medium,Full Bodied,Very strong,Full caffeine,7.0,4.0,4.0,3.0,4.0,Coffee B,,,,
zKQ6Ja,25-34 years old,1,At home,"Pour over, French press, Espresso, Instant coffee",,Pourover,Dark,Full Bodied,Very strong,Full caffeine,9.0,3.0,5.0,4.0,1.0,Coffee D,$20-$40,Male,Some college or associate's degree,Employed full-time
AlbXOy,35-44 years old,Less than 1,At home,Other,,Latte,Light,Fruity,Very strong,Half caff,3.0,4.0,2.0,2.0,5.0,Coffee C,<$20,Female,Master's degree,Homemaker
PABqr0,25-34 years old,2,"At home, At a cafe, At the office","Pour over, French press, Espresso",,Cappuccino,Medium,Full Bodied,Somewhat strong,Full caffeine,6.0,2.0,5.0,3.0,4.0,Coffee B,$40-$60,Non-binary,Bachelor's degree,Employed part-time
dY2yXr,35-44 years old,1,At home,Bean-to-cup machine,,Mocha,Blonde,Chocolatey,Somewhat strong,Full caffeine,4.0,4.0,2.0,3.0,5.0,Coffee D,$60-$80,Female,Doctorate or professional degree,Employed full-time
jB9VrQ,35-44 years old,Less than 1,"On the go, At home",Coffee extract (e.g. Cometeer),Drive-thru,Cold brew,Medium,Sweet,Medium,Full caffeine,2.0,1.0,1.0,3.0,1.0,Coffee C,<$20,Male,Bachelor's degree,Employed full-time
GrBPq2,35-44 years old,Less than 1,"At the office, At a cafe, At home",French press,,Latte,Light,Sweet,Medium,Full caffeine,6.0,5.0,1.0,2.0,4.0,Coffee A,<$20,Female,Bachelor's degree,Employed full-time
7d9k52,25-34 years old,1,At home,"Pour over, Espresso",,Latte,Medium,Nutty,Somewhat strong,Full caffeine,7.0,2.0,4.0,3.0,3.0,Coffee B,$40-$60,Male,Bachelor's degree,Employed full-time
0EjW5A,35-44 years old,2,"At home, At the office","Pour over, French press, Cold brew",,Mocha,Medium,Full Bodied,Somewhat strong,Full caffeine,6.0,2.0,4.0,5.0,2.0,Coffee C,$20-$40,Female,Bachelor's degree,Employed full-time
KMBjGK,35-44 years old,2,"At home, At the office","Espresso, Pour over",,Latte,Medium,Full Bodied,Somewhat strong,Full caffeine,3.0,4.0,3.0,3.0,4.0,Coffee A,$20-$40,Male,Bachelor's degree,Employed full-time
vNx9gX,25-34 years old,2,"At home, At a cafe","French press, Espresso",,Cappuccino,Medium,Sweet,Medium,Full caffeine,5.0,1.0,2.0,5.0,4.0,Coffee C,$80-$100,Female,Bachelor's degree,Employed part-time
bl4J4o,35-44 years old,2,"At home, At a cafe","Pour over, Espresso",,Pourover,Medium,Full Bodied,Somewhat strong,Full caffeine,7.0,2.0,5.0,4.0,5.0,Coffee B,$20-$40,Male,Master's degree,Employed part-time
24x6Rb,25-34 years old,1,"At the office, At home, On the go","Instant coffee, Cold brew","Deli or supermarket, National chain (e.g. Starbucks, Dunkin)",Cold brew,Light,Bright,Somewhat light,Full caffeine,5.0,3.0,4.0,5.0,4.0,Coffee C,$20-$40,Male,Some college or associate's degree,Employed full-time
dY2ygD,35-44 years old,2,At home,"Pour over, Espresso",,Pourover,Light,Fruity,Very strong,Decaf,8.0,3.0,4.0,2.0,5.0,Coffee D,$60-$80,Male,Master's degree,Employed full-time
ylqar8,25-34 years old,2,"At home, At the office, On the go","Espresso, French press, Cold brew","National chain (e.g. Starbucks, Dunkin), Specialty coffee shop",Americano,Dark,Bold,Somewhat strong,Full caffeine,7.0,2.0,3.0,5.0,1.0,Coffee C,$60-$80,Female,Bachelor's degree,Employed full-time
DVvG9l,35-44 years old,Less than 1,"At home, At a cafe","Pour over, French press, Instant coffee, Cold brew",,Latte,Dark,Chocolatey,Medium,Decaf,5.0,2.0,4.0,5.0,2.0,Coffee C,$20-$40,Non-binary,Some college or associate's degree,Unemployed
RzB92v,25-34 years old,1,"On the go, At the office",,"National chain (e.g. Starbucks, Dunkin), Local cafe",Cold brew,Medium,Fruity,Medium,Full caffeine,5.0,1.0,4.0,2.0,3.0,Coffee B,$80-$100,Non-binary,Bachelor's degree,Employed full-time
jB9V7x,35-44 years old,2,At home,Coffee brewing machine (e.g. Mr. Coffee),,Regular drip coffee,Medium,Fruity,Somewhat strong,Full caffeine,5.0,5.0,4.0,3.0,3.0,Coffee B,$40-$60,Male,Master's degree,Employed full-time
EPbO6L,18-24 years old,2,At the office,,,Regular drip coffee,Dark,Full Bodied,Somewhat strong,Full caffeine,6.0,2.0,4.0,4.0,3.0,Coffee C,$20-$40,Male,Bachelor's degree,Employed full-time
jB9VB4,25-34 years old,2,"At home, At a cafe","Pour over, French press",,Pourover,Light,Bright,Somewhat strong,Full caffeine,9.0,3.0,3.0,4.0,5.0,Coffee D,$60-$80,Male,Bachelor's degree,Employed full-time
xdNWv9,35-44 years old,4,"At home, On the go, At the office","Pour over, Espresso, Other, Pod/capsule machine (e.g. Keurig/Nespresso)","Specialty coffee shop, Local cafe, National chain (e.g. Starbucks, Dunkin)",Americano,Light,Juicy,Somewhat strong,Full caffeine,7.0,4.0,3.0,1.0,4.0,Coffee D,$60-$80,Male,Doctorate or professional degree,Student
5dqApP,25-34 years old,2,"At home, At the office, On the go","Pour over, French press, Espresso, Coffee brewing machine (e.g. Mr. Coffee)","National chain (e.g. Starbucks, Dunkin), Local cafe",Latte,Medium,Floral,Medium,Half caff,5.0,4.0,2.0,1.0,3.0,Coffee A,$20-$40,Male,Some college or associate's degree,Unemployed
LdM2k2,25-34 years old,1,At home,Pour over,,Pourover,Light,Fruity,Somewhat strong,Full caffeine,7.0,5.0,1.0,3.0,5.0,Coffee D,$20-$40,Male,Bachelor's degree,Employed full-time
vNx9Lv,55-64 years old,Less than 1,At home,"Cold brew, Pour over",,Cold brew,Light,Fruity,Medium,Half caff,7.0,3.0,3.0,1.0,4.0,Coffee D,<$20,Male,Bachelor's degree,Employed full-time
zKQ64k,18-24 years old,2,At home,"Pour over, Other",,Pourover,Medium,Sweet,Somewhat strong,Full caffeine,5.0,4.0,2.0,3.0,4.0,Coffee D,$40-$60,Male,Some college or associate's degree,Student
5dqAko,35-44 years old,3,"On the go, At home, At the office","Coffee brewing machine (e.g. Mr. Coffee), Espresso, French press","Specialty coffee shop, Local cafe, Deli or supermarket",Latte,Medium,Chocolatey,Somewhat strong,Full caffeine,6.0,1.0,4.0,5.0,2.0,Coffee C,$40-$60,Male,Some college or associate's degree,Employed full-time
pLP2zE,25-34 years old,1,"At home, At a cafe","Pour over, Espresso",,Americano,Light,Fruity,Medium,Full caffeine,7.0,4.0,3.0,2.0,5.0,Coffee D,$40-$60,Male,Bachelor's degree,Employed full-time
NABZQp,25-34 years old,2,"At the office, At home",Coffee brewing machine (e.g. Mr. Coffee),,Regular drip coffee,Dark,Chocolatey,Somewhat strong,Full caffeine,4.0,2.0,5.0,2.0,4.0,Coffee B,<$20,Male,Bachelor's degree,Employed full-time
lNlE5V,25-34 years old,1,At home,Pour over,,Pourover,Light,Fruity,Medium,Full caffeine,8.0,4.0,3.0,1.0,5.0,Coffee D,$20-$40,Male,Bachelor's degree,Employed full-time
VZ16Nl,25-34 years old,2,At home,Pour over,,Pourover,Light,Fruity,Medium,Full caffeine,6.0,2.0,4.0,3.0,5.0,Coffee D,$20-$40,Male,Some college or associate's degree,Employed full-time
0EjWyA,35-44 years old,2,At home,French press,,Latte,Medium,Chocolatey,Somewhat light,Full caffeine,2.0,2.0,3.0,4.0,4.0,Coffee C,$40-$60,Prefer not to say,Bachelor's degree,Employed full-time
EPbOel,25-34 years old,3,"At home, At the office","Coffee brewing machine (e.g. Mr. Coffee), Pour over, French press",,Iced coffee,Light,Fruity,Somewhat strong,Full caffeine,8.0,5.0,4.0,2.0,4.0,Coffee A,$40-$60,Male,Bachelor's degree,Employed full-time
OABNKa,35-44 years old,1,At home,Espresso,,Cortado,Medium,Full Bodied,Somewhat strong,Full caffeine,4.0,4.0,1.0,2.0,3.0,Coffee A,$60-$80,Female,Bachelor's degree,Employed part-time
8dplAA,55-64 years old,1,"At the office, At home","Pour over, Espresso, Coffee brewing machine (e.g. Mr. Coffee), Instant coffee",,Pourover,Medium,Chocolatey,Somewhat strong,Full caffeine,6.0,2.0,5.0,5.0,2.0,Coffee B,$20-$40,Male,Master's degree,
oAVjpN,55-64 years old,1,At home,Pour over,,Pourover,Light,Bright,Medium,Full caffeine,6.0,4.0,4.0,2.0,5.0,Coffee D,$40-$60,Female,Bachelor's degree,
1r2agg,25-34 years old,2,"At home, At the office",Coffee brewing machine (e.g. Mr. Coffee),,Latte,Dark,Full Bodied,Somewhat strong,Full caffeine,6.0,2.0,4.0,5.0,5.0,Coffee C,$40-$60,Female,Some college or associate's degree,Employed part-time
EPbOgA,25-34 years old,2,"At home, At a cafe","Pour over, Espresso",,Pourover,Light,Fruity,Medium,Full caffeine,8.0,4.0,2.0,2.0,4.0,Coffee D,$60-$80,Male,Bachelor's degree,Employed full-time
lNlEZX,45-54 years old,1,At home,Other,,Regular drip coffee,Medium,Full Bodied,Medium,Full caffeine,2.0,4.0,3.0,3.0,4.0,Coffee A,$20-$40,Male,Master's degree,Unemployed
5dqAgN,35-44 years old,1,At home,"Pour over, Espresso, French press",,Pourover,Light,Fruity,Somewhat strong,,7.0,4.0,2.0,2.0,4.0,Coffee D,$40-$60,Male,Master's degree,Employed full-time
RzB9z9,25-34 years old,1,"At a cafe, At home","Pour over, Instant coffee",,Latte,Light,Sweet,Medium,Full caffeine,5.0,2.0,4.0,4.0,1.0,Coffee C,$20-$40,Non-binary,Bachelor's degree,Employed full-time
5dqADQ,25-34 years old,2,At home,"Pour over, Coffee brewing machine (e.g. Mr. Coffee)",,Pourover,Light,Fruity,Very strong,Full caffeine,7.0,5.0,4.0,2.0,4.0,Coffee A,$80-$100,Male,Bachelor's degree,Employed full-time
24x6ze,25-34 years old,3,"At home, At a cafe",Pour over,,Pourover,Medium,Bold,Very strong,Full caffeine,2.0,2.0,2.0,4.0,2.0,Coffee C,$20-$40,Female,Bachelor's degree,Employed full-time
jB9V21,55-64 years old,2,"At home, At the office","Pour over, Coffee brewing machine (e.g. Mr. Coffee), Pod/capsule machine (e.g. Keurig/Nespresso)",,Pourover,Italian,Full Bodied,Medium,Full caffeine,4.0,1.0,2.0,3.0,2.0,Coffee C,$20-$40,Female,Master's degree,Employed full-time
0EjWGP,25-34 years old,1,"At home, At a cafe","Pour over, Coffee extract (e.g. Cometeer)",,Pourover,Light,Juicy,Somewhat strong,Full caffeine,5.0,5.0,2.0,4.0,4.0,Coffee D,$20-$40,Female,Bachelor's degree,Employed full-time
aBrMxB,18-24 years old,2,At home,"Pour over, Espresso",,Espresso,Light,Fruity,Somewhat light,Full caffeine,8.0,1.0,1.0,3.0,5.0,Coffee D,$60-$80,Male,Bachelor's degree,Student
KMBjAg,25-34 years old,1,At home,Pour over,,Pourover,Light,Fruity,Medium,Full caffeine,6.0,4.0,1.0,3.0,5.0,Coffee D,$20-$40,Female,Bachelor's degree,Employed full-time
AlbXGl,>65 years old,3,At home,"Coffee brewing machine (e.g. Mr. Coffee), Pour over",,Espresso,Blonde,Fruity,Somewhat strong,Full caffeine,6.0,4.0,3.0,2.0,4.0,Coffee D,$40-$60,Male,Bachelor's degree,Retired
9dJKR1,25-34 years old,2,At home,"Pour over, Espresso, Cold brew",,Pourover,Medium,Juicy,Very strong,Full caffeine,7.0,2.0,5.0,2.0,5.0,Coffee D,$40-$60,Male,Bachelor's degree,Employed full-time
LdM2E1,45-54 years old,2,At home,Pour over,,Pourover,Medium,Bright,Medium,Full caffeine,7.0,5.0,2.0,3.0,5.0,Coffee A,>$100,,,
6dQBzA,25-34 years old,2,At the office,,,Americano,Medium,Floral,Medium,Full caffeine,5.0,5.0,3.0,4.0,5.0,Coffee D,$20-$40,Male,Doctorate or professional degree,Employed full-time
dY2yKz,25-34 years old,2,"At home, On the go, At a cafe, At the office",Pour over,"Local cafe, Specialty coffee shop, National chain (e.g. Starbucks, Dunkin)",Pourover,Light,Juicy,Somewhat strong,Full caffeine,3.0,5.0,4.0,2.0,3.0,Coffee A,$20-$40,Male,Bachelor's degree,Student
MAdxdX,25-34 years old,1,"At home, On the go","Pour over, French press, Espresso, Instant coffee","National chain (e.g. Starbucks, Dunkin), Specialty coffee shop",Iced coffee,Light,Chocolatey,Somewhat light,Full caffeine,5.0,4.0,5.0,3.0,1.0,Coffee B,$20-$40,Female,Some college or associate's degree,Student
6dQByN,25-34 years old,1,"At home, At a cafe","Pour over, Other",,Pourover,Medium,Nutty,Somewhat strong,Full caffeine,7.0,3.0,4.0,3.0,1.0,Coffee B,$40-$60,Female,Bachelor's degree,Unemployed
dY2y1V,25-34 years old,1,"At home, At a cafe","Pour over, Other",,Pourover,Medium,Nutty,Somewhat strong,Full caffeine,7.0,1.0,3.0,4.0,4.0,Coffee C,$40-$60,Male,Some college or associate's degree,Employed full-time
42NbAb,>65 years old,4,At home,"Pour over, French press, Coffee brewing machine (e.g. Mr. Coffee), Other",,Regular drip coffee,Dark,Bold,Somewhat strong,Full caffeine,5.0,2.0,4.0,4.0,2.0,Coffee B,$20-$40,Male,Some college or associate's degree,Retired
rlrZlN,35-44 years old,1,"At home, At the office",Pod/capsule machine (e.g. Keurig/Nespresso),,Mocha,Blonde,Sweet,Somewhat light,Full caffeine,2.0,5.0,2.0,3.0,2.0,Coffee A,$20-$40,Female,Doctorate or professional degree,Employed full-time
VZ16xN,55-64 years old,1,At home,Pour over,,Latte,Medium,Chocolatey,Medium,Full caffeine,5.0,3.0,4.0,2.0,4.0,Coffee D,<$20,Male,Bachelor's degree,Employed full-time
OABNdK,35-44 years old,2,"At home, On the go, At the office","Pour over, French press, Pod/capsule machine (e.g. Keurig/Nespresso), Coffee extract (e.g. Cometeer), Cold brew","Deli or supermarket, National chain (e.g. Starbucks, Dunkin), Local cafe, Specialty coffee shop",Cortado,Medium,Nutty,Somewhat strong,Full caffeine,7.0,5.0,4.0,2.0,4.0,Coffee A,$40-$60,Male,Some college or associate's degree,Employed full-time
VZ16oa,45-54 years old,4,"At home, At a cafe, At the office","Pour over, French press, Coffee brewing machine (e.g. Mr. Coffee), Pod/capsule machine (e.g. Keurig/Nespresso), Other",,Cappuccino,Medium,Sweet,Somewhat strong,Full caffeine,8.0,2.0,4.0,4.0,1.0,Coffee B,$60-$80,Male,Bachelor's degree,
zKQ6zR,25-34 years old,1,"At the office, At home",Coffee brewing machine (e.g. Mr. Coffee),,Regular drip coffee,Light,Caramalized,Medium,Full caffeine,6.0,5.0,4.0,1.0,4.0,Coffee A,$20-$40,Female,Bachelor's degree,Employed full-time
NABZJQ,25-34 years old,2,"At home, At the office",Other,,Americano,Light,Floral,Somewhat strong,Full caffeine,5.0,5.0,2.0,1.0,4.0,Coffee A,$20-$40,Male,Master's degree,Employed full-time
lNlE8N,45-54 years old,,,,,,,,,,,,,,,,,,,
PABqqe,25-34 years old,,"At a cafe, At home","Pour over, French press, Espresso, Cold brew",,Pourover,Light,Fruity,Medium,Full caffeine,7.0,,,,,,,,,
ylqa8X,35-44 years old,2,"At the office, At home","Pour over, Coffee extract (e.g. Cometeer)",,Pourover,Light,Juicy,Medium,Full caffeine,7.0,5.0,3.0,2.0,5.0,Coffee A,<$20,Male,Bachelor's degree,Employed full-time
KMBj2X,25-34 years old,2,"At home, At the office","Pour over, Espresso",,Pourover,Light,Bright,Somewhat strong,Full caffeine,8.0,5.0,4.0,4.0,3.0,Coffee A,$20-$40,Male,Bachelor's degree,Employed full-time
KMBjbA,25-34 years old,2,,,,,,,,,,,,,,,,,,
kYRP2R,18-24 years old,1,At home,Espresso,,Latte,Light,Fruity,Somewhat light,Full caffeine,6.0,2.0,4.0,3.0,5.0,Coffee D,,,,
jB9VRa,25-34 years old,1,At home,Espresso,,Cortado,Dark,Chocolatey,Somewhat strong,Full caffeine,8.0,2.0,1.0,3.0,5.0,Coffee D,$20-$40,Male,Bachelor's degree,Employed full-time
aBrMLB,25-34 years old,1,At home,Coffee brewing machine (e.g. Mr. Coffee),,Latte,Light,Fruity,Somewhat light,Full caffeine,1.0,3.0,2.0,1.0,4.0,Coffee A,<$20,Female,Some college or associate's degree,Employed full-time
YZzAAJ,25-34 years old,4,"At home, At a cafe, On the go","Pour over, Espresso, Cold brew","National chain (e.g. Starbucks, Dunkin), Local cafe",Americano,Dark,Nutty,Very strong,Full caffeine,7.0,3.0,5.0,4.0,1.0,Coffee B,$40-$60,Female,Bachelor's degree,Student
VZ16Ra,18-24 years old,,,,,,,,,,,,,,,,,,,
DVvGGZ,25-34 years old,1,At home,Espresso,,Latte,Light,Fruity,Medium,Full caffeine,8.0,,,,,,,,,
GrBPVL,45-54 years old,1,At home,French press,,Pourover,Light,Sweet,Medium,Full caffeine,5.0,2.0,2.0,3.0,4.0,Coffee D,,,,
9dJK05,25-34 years old,2,At home,Espresso,,Latte,Medium,Chocolatey,Somewhat strong,Full caffeine,6.0,1.0,5.0,3.0,3.0,Coffee C,$20-$40,Male,Bachelor's degree,Employed full-time
24x6G9,25-34 years old,1,"At home, At a cafe","Cold brew, Espresso",,Cold brew,Blonde,Floral,Somewhat strong,Full caffeine,5.0,4.0,3.0,1.0,1.0,Coffee A,>$100,Female,Bachelor's degree,Homemaker
rlrZQ2,25-34 years old,Less than 1,"At home, At the office",Coffee brewing machine (e.g. Mr. Coffee),,Iced coffee,Medium,Chocolatey,Medium,Half caff,1.0,3.0,5.0,4.0,2.0,Coffee B,<$20,Female,Some college or associate's degree,Student
YZzA1B,25-34 years old,2,"At a cafe, At home, At the office","Pour over, Espresso",,Latte,Medium,Chocolatey,Somewhat strong,Full caffeine,8.0,5.0,3.0,2.0,2.0,Coffee A,$80-$100,Male,Bachelor's degree,Employed full-time
xdNW7d,25-34 years old,1,"At home, At the office, On the go","Espresso, Pour over","National chain (e.g. Starbucks, Dunkin), Specialty coffee shop, Local cafe",Iced coffee,Medium,Full Bodied,Somewhat strong,Full caffeine,8.0,1.0,3.0,2.0,4.0,Coffee D,$40-$60,Male,Master's degree,Employed full-time
ylqaBg,25-34 years old,Less than 1,"At home, At a cafe","Pour over, Espresso",,Americano,Light,Fruity,Medium,Full caffeine,6.0,5.0,3.0,2.0,4.0,Coffee A,$20-$40,Female,Bachelor's degree,Unemployed
jB9V84,25-34 years old,1,"At home, At the office, At a cafe","Pour over, Espresso",,Cortado,Light,Bright,Medium,Full caffeine,7.0,4.0,3.0,3.0,3.0,Coffee A,$60-$80,Male,Master's degree,Employed full-time
vNx95D,35-44 years old,2,At home,"Pour over, Espresso",,Cortado,Medium,Caramalized,Medium,Full caffeine,5.0,4.0,2.0,3.0,2.0,Coffee A,$40-$60,Female,,
LdM22p,18-24 years old,2,"At home, At a cafe","Pour over, Other",,Iced coffee,Light,Juicy,Somewhat strong,Full caffeine,8.0,4.0,3.0,2.0,5.0,Coffee D,$20-$40,Female,Some college or associate's degree,Student
NABZ2j,25-34 years old,Less than 1,At home,"Espresso, Other",,Cappuccino,Light,Caramalized,Medium,Half caff,2.0,5.0,4.0,2.0,4.0,Coffee A,<$20,Female,Bachelor's degree,Employed full-time
RzB9yj,45-54 years old,2,At home,"Coffee extract (e.g. Cometeer), French press",,Latte,Light,Chocolatey,Medium,Full caffeine,6.0,3.0,5.0,3.0,1.0,Coffee B,$80-$100,Male,Master's degree,Employed full-time
qbElqg,25-34 years old,2,At home,"Pour over, French press, Other",,Pourover,Light,Fruity,Somewhat light,Full caffeine,5.0,5.0,4.0,3.0,3.0,Coffee A,$40-$60,Other (please specify),Bachelor's degree,Employed full-time
GrBPPk,25-34 years old,1,At home,Espresso,,Latte,Medium,Sweet,Medium,Full caffeine,4.0,1.0,3.0,3.0,1.0,Coffee B,<$20,Male,Bachelor's degree,Employed full-time
DVvGQq,35-44 years old,2,At home,Espresso,,Americano,Light,Fruity,Somewhat strong,Full caffeine,8.0,4.0,4.0,2.0,5.0,Coffee C,,,,
EPbOpX,18-24 years old,2,At home,"Pour over, Other",,Pourover,Light,Floral,Medium,Full caffeine,8.0,5.0,4.0,2.0,3.0,Coffee A,$40-$60,Male,Bachelor's degree,Student
6dQBgk,25-34 years old,1,At home,"Pour over, Other, French press",,Cappuccino,Light,Fruity,Medium,Full caffeine,5.0,5.0,3.0,2.0,4.0,Coffee A,$20-$40,Female,Bachelor's degree,Employed full-time
VZ16Wy,25-34 years old,Less than 1,"At home, On the go, At a cafe",Espresso,"National chain (e.g. Starbucks, Dunkin), Local cafe, Specialty coffee shop, Drive-thru",Latte,Medium,Caramalized,Somewhat light,Decaf,3.0,4.0,2.0,5.0,3.0,Coffee C,$20-$40,Female,Bachelor's degree,Homemaker
GrBP8o,<18 years old,1,"At a cafe, At home","Pour over, Other",,Pourover,Light,Floral,Somewhat light,Full caffeine,6.0,5.0,2.0,3.0,5.0,Coffee A,$20-$40,Male,Bachelor's degree,Student
MAdxWM,25-34 years old,2,"At a cafe, At home",Coffee brewing machine (e.g. Mr. Coffee),,Regular drip coffee,Medium,Juicy,Medium,Full caffeine,1.0,4.0,3.0,2.0,3.0,Coffee A,$20-$40,Male,Bachelor's degree,Unemployed
J2k4Po,25-34 years old,2,"At home, At a cafe","Pour over, Espresso, Cold brew",,Espresso,Light,Juicy,Medium,Full caffeine,7.0,3.0,2.0,1.0,4.0,Coffee D,$20-$40,Male,Bachelor's degree,Employed full-time
GrBP2o,18-24 years old,Less than 1,None of these,,,Other,Blonde,Fruity,,Decaf,1.0,3.0,2.0,3.0,4.0,Coffee B,<$20,Female,,
1r2a1W,18-24 years old,2,"At home, At a cafe",Pour over,,Pourover,Light,Fruity,Somewhat strong,Full caffeine,6.0,4.0,1.0,3.0,5.0,Coffee D,$60-$80,Male,Master's degree,Student
AlbXXz,25-34 years old,1,At home,"Pour over, Espresso",,Pourover,Blonde,Fruity,Medium,Full caffeine,4.0,2.0,3.0,3.0,4.0,Coffee D,$40-$60,Male,Bachelor's degree,Employed full-time
lNlExk,35-44 years old,4,"At home, At the office","Pour over, Other",,Pourover,Medium,Full Bodied,Somewhat strong,Full caffeine,6.0,2.0,5.0,3.0,3.0,Coffee B,$40-$60,Male,Doctorate or professional degree,Employed full-time
EPbRko,55-64 years old,2,At home,Instant coffee,,Cortado,Medium,Bold,Very strong,Full caffeine,5.0,3.0,4.0,2.0,1.0,Coffee B,,,,
g5NoBl,18-24 years old,1,"At a cafe, At home","Pour over, Espresso",,Latte,Light,Fruity,Somewhat light,Full caffeine,6.0,3.0,2.0,2.0,4.0,Coffee D,>$100,Female,Master's degree,Employed part-time
LdM2A1,25-34 years old,2,At home,"Coffee brewing machine (e.g. Mr. Coffee), Cold brew",,Latte,Medium,Sweet,Somewhat strong,Full caffeine,2.0,1.0,3.0,4.0,2.0,Coffee C,>$100,Male,Doctorate or professional degree,Employed full-time
24x6QL,18-24 years old,1,"On the go, At a cafe",,"Drive-thru, National chain (e.g. Starbucks, Dunkin), Local cafe",Latte,Medium,Fruity,Medium,Half caff,3.0,3.0,4.0,2.0,5.0,Coffee C,$20-$40,Female,Bachelor's degree,Employed part-time
bl4pZ2,25-34 years old,1,At home,Espresso,,Other,Medium,Bold,Very strong,Full caffeine,7.0,1.0,1.0,2.0,3.0,Coffee D,$20-$40,Female,Bachelor's degree,Employed full-time
oAVj4V,25-34 years old,1,"At home, At a cafe","Coffee extract (e.g. Cometeer), Espresso, Pour over",,Mocha,Blonde,Fruity,Medium,Decaf,7.0,4.0,3.0,2.0,5.0,Coffee D,$60-$80,Male,Bachelor's degree,Employed full-time
QABQ6p,18-24 years old,2,"At a cafe, At home, On the go",Other,Specialty coffee shop,Regular drip coffee,Light,Fruity,Medium,Full caffeine,7.0,4.0,2.0,2.0,4.0,Coffee D,$20-$40,Male,Some college or associate's degree,Employed part-time
XeBbbY,25-34 years old,3,"At home, At the office, On the go",French press,"Specialty coffee shop, Local cafe, National chain (e.g. Starbucks, Dunkin), Drive-thru",Latte,Dark,Full Bodied,Very strong,Full caffeine,3.0,4.0,1.0,4.0,3.0,Coffee D,$40-$60,Female,Bachelor's degree,Employed full-time
KMBjKV,35-44 years old,3,"At a cafe, At the office, On the go, At home","Pour over, Espresso, Coffee brewing machine (e.g. Mr. Coffee)","Local cafe, Specialty coffee shop",Espresso,Medium,Fruity,Somewhat strong,Full caffeine,5.0,2.0,5.0,4.0,3.0,Coffee B,,Male,Master's degree,Employed full-time
24x62j,18-24 years old,1,"At home, At the office","Pour over, Cold brew",,Latte,Medium,Fruity,Medium,Full caffeine,4.0,4.0,4.0,3.0,3.0,Coffee A,<$20,Female,Bachelor's degree,Employed full-time
oAVjrV,25-34 years old,1,At home,Pod/capsule machine (e.g. Keurig/Nespresso),,Mocha,Light,Nutty,Medium,Decaf,5.0,1.0,3.0,4.0,1.0,Coffee C,<$20,Female,Some college or associate's degree,Student
aBrMWv,25-34 years old,2,"At the office, At home","Pour over, Other",,Pourover,Medium,Caramalized,Somewhat strong,Full caffeine,7.0,5.0,2.0,2.0,3.0,Coffee A,$40-$60,Male,Bachelor's degree,Employed full-time
9dJK8Q,25-34 years old,1,"At home, At the office",Pour over,,Pourover,Medium,Caramalized,Medium,Full caffeine,7.0,1.0,4.0,4.0,3.0,Coffee B,$20-$40,Male,Bachelor's degree,Employed full-time
rlrZZR,>65 years old,1,At home,Espresso,,Cappuccino,Medium,Chocolatey,Somewhat strong,Full caffeine,7.0,4.0,5.0,4.0,2.0,Coffee B,,Male,Bachelor's degree,Retired
pLP2pB,35-44 years old,4,At the office,,,Pourover,Medium,Chocolatey,Medium,Full caffeine,3.0,3.0,4.0,5.0,1.0,Coffee C,$20-$40,Male,Master's degree,Employed full-time
24x6qV,25-34 years old,Less than 1,"At home, At the office",Espresso,,Cappuccino,Medium,Floral,Somewhat strong,Full caffeine,5.0,4.0,1.0,3.0,5.0,Coffee D,$80-$100,Male,Master's degree,Employed full-time
EPbRKq,25-34 years old,1,At home,Pour over,,Pourover,Medium,Bold,Very strong,Full caffeine,8.0,3.0,5.0,2.0,3.0,Coffee B,$40-$60,Male,Bachelor's degree,Employed full-time
KMBEYM,35-44 years old,1,"At the office, At home",Other,,Regular drip coffee,Medium,Chocolatey,Medium,Full caffeine,3.0,2.0,3.0,4.0,4.0,Coffee B,$20-$40,Prefer not to say,Doctorate or professional degree,Employed full-time
qbElrG,55-64 years old,4,"At the office, On the go, At home","Coffee brewing machine (e.g. Mr. Coffee), Pod/capsule machine (e.g. Keurig/Nespresso), Pour over, Cold brew","National chain (e.g. Starbucks, Dunkin), Drive-thru",Regular drip coffee,Light,Sweet,Medium,Full caffeine,7.0,5.0,2.0,3.0,4.0,Coffee A,$40-$60,Male,Master's degree,Employed full-time
1r2aol,45-54 years old,1,At home,"Pod/capsule machine (e.g. Keurig/Nespresso), Bean-to-cup machine, Pour over",,Cold brew,French,Chocolatey,Medium,Full caffeine,5.0,3.0,3.0,4.0,3.0,Coffee C,$20-$40,Female,Master's degree,Employed full-time
RzB9XJ,35-44 years old,2,At home,Other,,Regular drip coffee,Medium,Chocolatey,Medium,Full caffeine,4.0,2.0,3.0,5.0,4.0,Coffee C,$40-$60,Male,Bachelor's degree,Employed full-time
rlrZ8R,25-34 years old,1,At home,"Pour over, French press, Cold brew",,Americano,Light,Caramalized,Medium,Full caffeine,5.0,5.0,4.0,1.0,1.0,Coffee A,$20-$40,Female,Master's degree,Employed full-time
5dq7BM,25-34 years old,2,At home,Espresso,,Cappuccino,Light,Fruity,Very strong,Full caffeine,6.0,1.0,2.0,3.0,4.0,Coffee D,$20-$40,Male,Some college or associate's degree,Employed full-time
5dq7KM,25-34 years old,2,At home,Other,,Cappuccino,Medium,Chocolatey,Somewhat strong,Full caffeine,8.0,2.0,3.0,2.0,2.0,Coffee B,$20-$40,Non-binary,Bachelor's degree,Unemployed
oAVP61,25-34 years old,Less than 1,"At home, At a cafe","Pour over, Coffee brewing machine (e.g. Mr. Coffee)",,Cappuccino,Medium,Chocolatey,Medium,Full caffeine,6.0,3.0,3.0,2.0,5.0,Coffee D,<$20,Male,Bachelor's degree,Unemployed
1r2ajQ,25-34 years old,2,"At home, On the go",Pour over,Specialty coffee shop,Pourover,Light,Juicy,Medium,Full caffeine,6.0,4.0,3.0,4.0,5.0,Coffee D,$40-$60,Male,Bachelor's degree,Employed full-time
5dq7bP,35-44 years old,2,"At home, At the office, On the go",Other,"Local cafe, National chain (e.g. Starbucks, Dunkin)",Americano,Medium,Chocolatey,Somewhat strong,Full caffeine,7.0,2.0,5.0,4.0,1.0,Coffee B,$20-$40,Male,Master's degree,Employed full-time
DVv8kp,55-64 years old,2,"At home, On the go",Coffee brewing machine (e.g. Mr. Coffee),Specialty coffee shop,Iced coffee,Medium,Full Bodied,Somewhat strong,Full caffeine,5.0,5.0,4.0,5.0,3.0,,,,,
BGbRPN,18-24 years old,1,"At home, On the go, At a cafe","Cold brew, Pod/capsule machine (e.g. Keurig/Nespresso)","National chain (e.g. Starbucks, Dunkin), Local cafe, Specialty coffee shop, Deli or supermarket",Iced coffee,Blonde,Sweet,Medium,Full caffeine,3.0,5.0,2.0,4.0,3.0,Coffee A,$40-$60,Female,Some college or associate's degree,Student
YZzABW,25-34 years old,2,At home,Espresso,,Latte,Medium,Full Bodied,Somewhat strong,Full caffeine,7.0,3.0,4.0,2.0,3.0,Coffee B,$40-$60,Male,High school graduate,Employed full-time
zKQ6pq,25-34 years old,1,At home,Other,,Other,Light,Floral,Somewhat strong,Full caffeine,7.0,4.0,3.0,2.0,4.0,Coffee A,<$20,,,
zKQ9E8,25-34 years old,1,"At home, At the office",Espresso,,Americano,Light,Fruity,Somewhat strong,Full caffeine,7.0,4.0,4.0,3.0,5.0,Coffee D,$40-$60,Male,Doctorate or professional degree,Employed full-time
vNxZPX,25-34 years old,2,At home,"Pour over, Cold brew",,Cold brew,Light,Chocolatey,Medium,Full caffeine,3.0,3.0,2.0,1.0,4.0,Coffee C,$20-$40,Female,Bachelor's degree,Employed full-time
EPbRzo,25-34 years old,2,"At the office, At home, At a cafe, On the go","Espresso, Pour over","Specialty coffee shop, Local cafe, National chain (e.g. Starbucks, Dunkin)",Espresso,Light,Juicy,Somewhat strong,Full caffeine,7.0,5.0,3.0,3.0,4.0,Coffee A,$40-$60,Male,Bachelor's degree,Employed full-time
9dJkGG,45-54 years old,2,At home,Espresso,,Cortado,Light,Juicy,Medium,Full caffeine,8.0,4.0,2.0,3.0,5.0,Coffee D,$40-$60,Male,Some college or associate's degree,Employed full-time
dY2yyK,25-34 years old,2,"At a cafe, At home",Other,,Iced coffee,Blonde,Chocolatey,Somewhat strong,Full caffeine,2.0,1.0,3.0,4.0,2.0,Coffee C,>$100,Female,Bachelor's degree,Unemployed
42N6r5,25-34 years old,1,At home,"Espresso, Pour over, Coffee extract (e.g. Cometeer)",,Latte,Medium,Caramalized,Very strong,Full caffeine,6.0,3.0,2.0,3.0,4.0,Coffee D,$20-$40,Male,Some college or associate's degree,Student
eBxXOl,35-44 years old,1,"At home, At a cafe, On the go","French press, Espresso, Cold brew","National chain (e.g. Starbucks, Dunkin), Local cafe",Cappuccino,Medium,Nutty,Medium,Full caffeine,5.0,2.0,3.0,4.0,4.0,Coffee D,$20-$40,Male,Bachelor's degree,Employed full-time
7d9krR,55-64 years old,1,At home,"Bean-to-cup machine, Pour over, Pod/capsule machine (e.g. Keurig/Nespresso)",,Latte,Light,Caramalized,Medium,Full caffeine,8.0,3.0,3.0,4.0,3.0,Coffee C,$20-$40,Male,Bachelor's degree,Employed full-time
PABxD0,35-44 years old,1,"At the office, At home",Cold brew,,Blended drink (e.g. Frappuccino),Medium,Sweet,Medium,Full caffeine,4.0,3.0,3.0,1.0,2.0,Coffee A,$20-$40,Female,High school graduate,Employed full-time
24x6qp,45-54 years old,1,At home,"Pour over, Other",,Regular drip coffee,Dark,Chocolatey,Very strong,Full caffeine,7.0,1.0,4.0,2.0,1.0,Coffee B,$20-$40,Male,Bachelor's degree,Employed full-time
ZdR7OA,25-34 years old,1,At home,Pour over,,Other,Light,Floral,Somewhat strong,Full caffeine,2.0,5.0,2.0,3.0,4.0,Coffee A,$20-$40,Male,Master's degree,Student
pLPEBP,18-24 years old,2,At home,Pour over,,Pourover,Light,Fruity,Somewhat strong,Full caffeine,7.0,4.0,2.0,1.0,5.0,Coffee D,$40-$60,Male,Bachelor's degree,Student
YZzA85,35-44 years old,2,"At home, On the go, At a cafe","Pour over, Espresso",Specialty coffee shop,Pourover,Nordic,Floral,Medium,Full caffeine,8.0,4.0,1.0,1.0,3.0,Coffee A,>$100,Male,Some college or associate's degree,Employed part-time
AlbgPB,25-34 years old,1,At home,Other,,Americano,Dark,Chocolatey,Somewhat strong,Half caff,5.0,2.0,3.0,4.0,1.0,Coffee C,$20-$40,Male,High school graduate,Employed full-time
GrBPEL,25-34 years old,2,"At home, At the office, At a cafe","Coffee brewing machine (e.g. Mr. Coffee), Instant coffee",,Latte,Italian,Bold,Medium,Full caffeine,5.0,4.0,3.0,5.0,2.0,Coffee C,$20-$40,Female,Master's degree,Employed full-time
OABNO7,25-34 years old,1,At home,Cold brew,,Cold brew,Medium,Nutty,Somewhat strong,Full caffeine,5.0,2.0,4.0,4.0,2.0,Coffee B,$20-$40,Male,Bachelor's degree,Employed full-time
dY2M0N,35-44 years old,2,"At home, At the office",Espresso,,Latte,Dark,Chocolatey,Somewhat strong,Full caffeine,7.0,1.0,1.0,3.0,2.0,Coffee C,$20-$40,Male,Master's degree,Employed full-time
oAVP25,25-34 years old,2,At home,"Pour over, Coffee brewing machine (e.g. Mr. Coffee), Pod/capsule machine (e.g. Keurig/Nespresso)",,Pourover,Light,Fruity,Medium,Full caffeine,6.0,4.0,2.0,1.0,3.0,Coffee A,$20-$40,Male,Bachelor's degree,Employed full-time
VZ1eGE,25-34 years old,Less than 1,At home,"Pour over, Other",,Latte,Light,Floral,Somewhat light,Full caffeine,1.0,4.0,2.0,1.0,5.0,Coffee D,,,,
jB9RlY,35-44 years old,1,At home,Pour over,,Regular drip coffee,Light,Fruity,Somewhat strong,Full caffeine,5.0,3.0,1.0,3.0,5.0,Coffee D,$20-$40,Male,Bachelor's degree,Unemployed
6dQBXB,35-44 years old,2,"At home, At a cafe","Pour over, Espresso",,Espresso,Nordic,Juicy,Somewhat strong,Full caffeine,8.0,3.0,3.0,2.0,5.0,Coffee D,$40-$60,Male,Bachelor's degree,Unemployed
rlrZzv,35-44 years old,1,"At home, On the go",Pour over,Specialty coffee shop,Pourover,Medium,Nutty,Somewhat strong,Half caff,4.0,2.0,3.0,5.0,2.0,Coffee C,,,,
J2kPqY,35-44 years old,2,"At home, At a cafe","French press, Espresso, Other",,Americano,Light,Fruity,Somewhat strong,Full caffeine,8.0,2.0,4.0,2.0,5.0,Coffee A,$20-$40,Male,High school graduate,Employed full-time
EPbOGB,25-34 years old,1,At home,"Pour over, Espresso",,Cappuccino,Medium,Caramalized,Somewhat strong,Full caffeine,6.0,2.0,3.0,5.0,4.0,Coffee C,$20-$40,Male,Some college or associate's degree,Employed full-time
eBxJ5E,45-54 years old,,At home,Other,,Latte,Light,Caramalized,Somewhat strong,Full caffeine,6.0,4.0,4.0,4.0,4.0,Coffee C,,,,
ylqQJ6,55-64 years old,1,"At home, At a cafe, On the go",Pour over,"National chain (e.g. Starbucks, Dunkin), Specialty coffee shop, Local cafe",Pourover,Medium,Fruity,Medium,Half caff,7.0,4.0,3.0,3.0,1.0,Coffee A,$40-$60,Male,Bachelor's degree,Retired
QABZ2g,35-44 years old,1,"At the office, At home","Espresso, Other",,Americano,Dark,Full Bodied,Somewhat strong,Half caff,5.0,3.0,4.0,2.0,1.0,Coffee B,$20-$40,Male,Some college or associate's degree,Employed full-time
EPbRPl,25-34 years old,Less than 1,"At the office, At home",French press,,Mocha,Dark,Chocolatey,Medium,Full caffeine,,1.0,4.0,3.0,,Coffee B,,,,
bl4JPg,35-44 years old,1,"At home, At the office","French press, Cold brew",,Cold brew,Dark,Caramalized,Medium,Decaf,7.0,1.0,4.0,5.0,3.0,Coffee C,$20-$40,Female,Bachelor's degree,Employed full-time
vNxZGA,25-34 years old,2,At home,"Pour over, Espresso, Other",,Espresso,Light,Bright,Medium,Full caffeine,7.0,5.0,2.0,4.0,5.0,Coffee D,$60-$80,Female,Some college or associate's degree,Unemployed
YZz6ZN,35-44 years old,1,At home,Pour over,,Pourover,Medium,Juicy,Somewhat strong,Full caffeine,5.0,1.0,3.0,5.0,4.0,Coffee C,$40-$60,Female,Less than high school,Homemaker
0Ej9d0,35-44 years old,1,"At home, At the office, On the go",French press,"National chain (e.g. Starbucks, Dunkin)",Latte,Dark,Full Bodied,Very strong,Full caffeine,5.0,1.0,4.0,4.0,1.0,Coffee B,$40-$60,Female,Bachelor's degree,Employed full-time
AlbgBo,35-44 years old,1,At home,Espresso,,Latte,Medium,Chocolatey,Very strong,Full caffeine,4.0,4.0,5.0,2.0,1.0,Coffee B,$40-$60,Female,Bachelor's degree,Employed full-time
0Ej9BQ,35-44 years old,2,At home,"Espresso, Bean-to-cup machine, Cold brew",,Regular drip coffee,Light,Bright,Somewhat strong,Full caffeine,6.0,4.0,3.0,5.0,1.0,Coffee C,$40-$60,Female,Bachelor's degree,Employed full-time
1r2eXO,25-34 years old,2,"At home, At the office",French press,,Cold brew,Medium,Chocolatey,Somewhat strong,Full caffeine,6.0,2.0,3.0,4.0,1.0,Coffee C,$20-$40,Male,Some college or associate's degree,Unemployed
VZ16WM,25-34 years old,2,"At home, At a cafe","Pour over, Other",,Espresso,Light,Floral,Medium,Full caffeine,6.0,5.0,3.0,4.0,4.0,Coffee A,$60-$80,Male,Doctorate or professional degree,Employed full-time
vNx9oQ,18-24 years old,2,"At a cafe, At home","Pour over, Espresso, Instant coffee",,Pourover,Light,Sweet,Somewhat strong,Full caffeine,7.0,4.0,2.0,2.0,4.0,Coffee A,$40-$60,Male,Some college or associate's degree,Student
GrBGvj,18-24 years old,1,"At home, At the office","Coffee brewing machine (e.g. Mr. Coffee), Espresso",,Regular drip coffee,Dark,Full Bodied,Medium,Full caffeine,5.0,2.0,4.0,5.0,1.0,Coffee C,<$20,Male,Bachelor's degree,Employed full-time
g5Nl9M,25-34 years old,2,"At home, At the office, At a cafe","Pour over, Espresso",,Regular drip coffee,Medium,Chocolatey,Somewhat strong,Full caffeine,8.0,3.0,4.0,4.0,2.0,Coffee B,$20-$40,Male,Bachelor's degree,Employed full-time
qbEl89,25-34 years old,2,At home,"Pour over, Coffee brewing machine (e.g. Mr. Coffee)",,Pourover,Medium,Caramalized,Very strong,Full caffeine,6.0,3.0,5.0,2.0,4.0,Coffee B,$60-$80,Female,Bachelor's degree,Employed full-time
9dJkdE,25-34 years old,1,On the go,,Specialty coffee shop,Iced coffee,Light,Sweet,Somewhat light,Full caffeine,3.0,3.0,4.0,1.0,3.0,Coffee B,<$20,,,
VZ162v,35-44 years old,2,"At home, At a cafe","Pour over, French press",,Cortado,Medium,Nutty,Somewhat strong,Full caffeine,6.0,2.0,4.0,3.0,3.0,Coffee B,$20-$40,Male,Bachelor's degree,Employed full-time
bl4pVe,45-54 years old,2,At home,Coffee brewing machine (e.g. Mr. Coffee),,Cortado,Dark,Nutty,Very strong,Full caffeine,3.0,2.0,4.0,5.0,3.0,Coffee C,<$20,Female,Doctorate or professional degree,Employed full-time
lNlG7v,25-34 years old,2,"At home, At the office",Coffee brewing machine (e.g. Mr. Coffee),,Regular drip coffee,Dark,Chocolatey,Very strong,Full caffeine,1.0,2.0,2.0,1.0,4.0,Coffee D,$20-$40,Male,Some college or associate's degree,Employed full-time
aBrM8q,25-34 years old,1,At home,Pour over,,Latte,Light,Chocolatey,Somewhat strong,Full caffeine,7.0,3.0,5.0,2.0,4.0,Coffee B,$80-$100,Non-binary,Some college or associate's degree,Unemployed
RzBNoP,18-24 years old,1,"At home, At a cafe","Pour over, Espresso",,Regular drip coffee,Light,Juicy,Medium,Full caffeine,9.0,4.0,2.0,2.0,5.0,Coffee D,$40-$60,Male,Bachelor's degree,Employed part-time
EPbRQ2,25-34 years old,2,"At home, At a cafe","Pour over, Espresso",,Cortado,Nordic,Fruity,Somewhat strong,Full caffeine,6.0,4.0,4.0,2.0,5.0,Coffee D,$60-$80,Male,Some college or associate's degree,Employed full-time
ZdR7dV,35-44 years old,1,At home,Coffee extract (e.g. Cometeer),,Cortado,Medium,Chocolatey,Somewhat strong,Full caffeine,6.0,4.0,2.0,1.0,5.0,Coffee D,,Male,Master's degree,Employed full-time
8dpBdl,25-34 years old,3,"At home, On the go","Coffee brewing machine (e.g. Mr. Coffee), Cold brew, Pod/capsule machine (e.g. Keurig/Nespresso), Pour over, French press",Local cafe,Pourover,Medium,Bright,Medium,Full caffeine,6.0,4.0,2.0,2.0,4.0,Coffee A,,,,
xdNqrJ,35-44 years old,4,At the office,,,Cold brew,Dark,Chocolatey,Somewhat strong,Full caffeine,6.0,3.0,2.0,4.0,3.0,Coffee C,$80-$100,Male,Bachelor's degree,Employed full-time
GrBGlQ,35-44 years old,1,At home,Pour over,,Pourover,Light,Fruity,Medium,Full caffeine,6.0,4.0,1.0,4.0,5.0,Coffee D,$40-$60,Male,Bachelor's degree,Employed full-time
ZdRB40,45-54 years old,2,At home,"Espresso, Other",,Other,Light,Fruity,Somewhat strong,Full caffeine,7.0,3.0,3.0,2.0,5.0,Coffee D,>$100,,,
7d9AW2,25-34 years old,2,"At home, At a cafe",Pour over,,Pourover,Light,Floral,Somewhat strong,Full caffeine,7.0,4.0,3.0,3.0,4.0,Coffee A,$40-$60,Male,Bachelor's degree,Student
PABqMQ,45-54 years old,3,"At the office, On the go, At home","Pour over, French press, Coffee brewing machine (e.g. Mr. Coffee), Pod/capsule machine (e.g. Keurig/Nespresso), Cold brew","Specialty coffee shop, Drive-thru, Deli or supermarket",Pourover,Light,Fruity,Medium,Full caffeine,4.0,3.0,4.0,2.0,3.0,Coffee B,$40-$60,Male,Master's degree,Employed full-time
jB9RGa,25-34 years old,Less than 1,At a cafe,,,Latte,Dark,Chocolatey,Medium,Full caffeine,1.0,1.0,4.0,2.0,3.0,Coffee B,,,,
0Ej9V0,25-34 years old,3,At home,"Espresso, Instant coffee",,Cortado,Light,Floral,Medium,Full caffeine,6.0,4.0,3.0,4.0,5.0,Coffee D,$80-$100,Male,,
g5Nl5P,25-34 years old,2,"At home, At a cafe, On the go",Pour over,"Specialty coffee shop, Local cafe",Pourover,Light,Floral,Somewhat strong,Full caffeine,8.0,3.0,2.0,3.0,4.0,Coffee D,$60-$80,Female,Some college or associate's degree,Unemployed
Albgdl,25-34 years old,2,"At the office, At home","Bean-to-cup machine, Cold brew",,Cappuccino,Medium,Nutty,Somewhat strong,Full caffeine,3.0,3.0,4.0,2.0,2.0,Coffee B,$20-$40,Male,Doctorate or professional degree,Employed full-time
42N6Ak,18-24 years old,3,"At a cafe, At home","Pour over, Espresso",,Espresso,Light,Sweet,Medium,Full caffeine,8.0,,1.0,3.0,5.0,Coffee D,,,,
zKQ9ME,55-64 years old,1,At the office,,,Latte,Dark,Bold,Somewhat strong,Full caffeine,7.0,3.0,5.0,5.0,2.0,Coffee B,$80-$100,Female,Bachelor's degree,Employed full-time
DVv85N,35-44 years old,2,"At home, At the office","Pour over, Espresso",,Pourover,Light,Fruity,Very strong,Full caffeine,7.0,1.0,4.0,3.0,3.0,Coffee B,$60-$80,Male,Bachelor's degree,Employed full-time
VZ1e8M,55-64 years old,1,"At home, At the office",Pod/capsule machine (e.g. Keurig/Nespresso),,Regular drip coffee,Medium,Nutty,Medium,Full caffeine,1.0,3.0,4.0,3.0,1.0,Coffee B,$20-$40,Male,Bachelor's degree,Employed full-time
aBrLEb,35-44 years old,2,"At home, At a cafe","Pour over, Espresso",,Pourover,Medium,Caramalized,Medium,Full caffeine,6.0,3.0,4.0,2.0,4.0,Coffee B,$40-$60,Non-binary,Bachelor's degree,Employed part-time
24x6Wj,25-34 years old,2,"At home, At a cafe","Pour over, Other",,Other,Light,Bright,Somewhat light,Full caffeine,7.0,3.0,4.0,3.0,2.0,Coffee B,$20-$40,Male,Master's degree,Employed full-time
pLPEL1,>65 years old,3,At home,"Espresso, Instant coffee",,Espresso,Medium,Chocolatey,Somewhat strong,Full caffeine,4.0,2.0,3.0,5.0,1.0,Coffee C,$20-$40,Male,Bachelor's degree,Retired
qbErYG,25-34 years old,4,At home,Espresso,,Espresso,Medium,Full Bodied,Very strong,Full caffeine,6.0,3.0,3.0,4.0,2.0,Coffee C,$60-$80,Male,Bachelor's degree,Employed full-time
6dQlWP,35-44 years old,3,At home,"Pour over, Espresso",,Espresso,Medium,Fruity,Somewhat strong,Full caffeine,4.0,3.0,3.0,2.0,5.0,Coffee D,$60-$80,Male,Master's degree,Employed full-time
OAB2Aa,25-34 years old,2,"At a cafe, At home","Pour over, Coffee brewing machine (e.g. Mr. Coffee), Espresso",,Cappuccino,Light,Bright,Medium,Full caffeine,8.0,5.0,4.0,3.0,5.0,Coffee D,$40-$60,Female,Master's degree,Employed part-time
OAB2b7,25-34 years old,2,"On the go, At home, At a cafe",Pour over,Specialty coffee shop,Pourover,Light,Fruity,Medium,Full caffeine,7.0,4.0,2.0,3.0,5.0,Coffee D,$60-$80,Male,Doctorate or professional degree,Unemployed
vNxZMd,35-44 years old,2,At home,"Pour over, Other",,Pourover,Light,Sweet,Somewhat strong,Decaf,5.0,4.0,3.0,3.0,5.0,Coffee D,$40-$60,Male,Bachelor's degree,Employed full-time
eBxXVe,45-54 years old,2,At home,Pour over,,Espresso,Light,Fruity,Somewhat strong,Full caffeine,7.0,4.0,3.0,2.0,5.0,Coffee D,$80-$100,Male,Bachelor's degree,Employed full-time
DVvG6Z,35-44 years old,Less than 1,At the office,,,Latte,Medium,Floral,Somewhat light,Decaf,1.0,3.0,2.0,3.0,5.0,Coffee D,$60-$80,Female,Bachelor's degree,Employed part-time
QABQqX,35-44 years old,Less than 1,At home,"Instant coffee, Pour over",,Iced coffee,Dark,Nutty,Somewhat strong,Decaf,5.0,3.0,4.0,3.0,2.0,Coffee B,<$20,Female,Bachelor's degree,Employed full-time
ZdR7Dy,18-24 years old,2,"At the office, At a cafe, At home, On the go","Pour over, French press, Espresso","Local cafe, Specialty coffee shop, Deli or supermarket",Mocha,Medium,Chocolatey,Somewhat strong,Full caffeine,4.0,2.0,3.0,4.0,2.0,Coffee C,,,,
GrBGXp,45-54 years old,2,At home,Other,,Mocha,Light,Caramalized,Somewhat strong,Full caffeine,6.0,4.0,4.0,4.0,4.0,Coffee C,$20-$40,Male,Bachelor's degree,Employed full-time
rlr4PX,25-34 years old,1,At home,Other,,Cortado,Light,Fruity,Very strong,Full caffeine,8.0,1.0,4.0,4.0,5.0,Coffee D,$20-$40,Male,Bachelor's degree,Employed full-time
LdMr0l,35-44 years old,2,"On the go, At a cafe, At home, At the office","Coffee brewing machine (e.g. Mr. Coffee), Espresso","National chain (e.g. Starbucks, Dunkin), Local cafe, Specialty coffee shop, Deli or supermarket",Latte,Dark,Full Bodied,Somewhat strong,Full caffeine,5.0,3.0,4.0,2.0,4.0,Coffee B,$40-$60,Female,Bachelor's degree,Employed full-time
eBxJ00,25-34 years old,2,At the office,,,Regular drip coffee,Dark,Chocolatey,Somewhat strong,Full caffeine,2.0,3.0,1.0,3.0,5.0,Coffee D,<$20,Female,Master's degree,Employed full-time
zKQ90R,25-34 years old,2,"At the office, At home",Espresso,,Latte,Dark,Sweet,Medium,Full caffeine,1.0,1.0,1.0,2.0,1.0,Coffee A,$40-$60,Female,Bachelor's degree,Employed full-time
J2kPVo,35-44 years old,2,At home,"Pod/capsule machine (e.g. Keurig/Nespresso), Instant coffee",,Latte,Medium,Bright,Medium,Full caffeine,3.0,4.0,3.0,2.0,3.0,Coffee A,$20-$40,Male,Bachelor's degree,Unemployed
42N6jr,55-64 years old,3,"At the office, At home, On the go",Coffee brewing machine (e.g. Mr. Coffee),"National chain (e.g. Starbucks, Dunkin), Deli or supermarket",Pourover,Medium,Full Bodied,Medium,Full caffeine,4.0,2.0,3.0,1.0,3.0,Coffee D,$20-$40,Male,Bachelor's degree,Employed full-time
qbErd5,35-44 years old,1,At home,"Coffee brewing machine (e.g. Mr. Coffee), Coffee extract (e.g. Cometeer), French press",,Regular drip coffee,Light,Nutty,Medium,Full caffeine,3.0,2.0,4.0,4.0,3.0,Coffee B,$20-$40,Female,Bachelor's degree,Employed full-time
8dpBAO,25-34 years old,2,"At home, At the office",Espresso,,Americano,Dark,Chocolatey,Somewhat strong,Full caffeine,5.0,3.0,4.0,5.0,2.0,Coffee C,$20-$40,Male,Bachelor's degree,Employed full-time
DVv81l,18-24 years old,1,At home,"Pour over, Espresso",,Regular drip coffee,Medium,Chocolatey,Medium,Full caffeine,6.0,4.0,5.0,3.0,5.0,Coffee D,$20-$40,Male,Some college or associate's degree,Employed part-time
PABxBV,25-34 years old,1,At home,Pour over,,Pourover,Medium,Chocolatey,Somewhat strong,Full caffeine,7.0,3.0,3.0,4.0,3.0,Coffee C,$40-$60,Male,Master's degree,Homemaker
5dq7jb,35-44 years old,1,At home,Pour over,,Pourover,Light,Juicy,Medium,Full caffeine,5.0,4.0,4.0,2.0,4.0,Coffee D,$20-$40,Male,Bachelor's degree,Employed full-time
1r2ePM,35-44 years old,1,At home,Pour over,,Pourover,Light,Juicy,,Full caffeine,5.0,4.0,2.0,2.0,5.0,Coffee D,$40-$60,Male,Some college or associate's degree,Employed full-time
1r2e7b,35-44 years old,2,"At home, At a cafe","Pour over, French press",,Pourover,Nordic,Sweet,Somewhat light,Full caffeine,8.0,4.0,3.0,3.0,4.0,Coffee B,$20-$40,Female,Master's degree,Employed full-time
ZdR71z,25-34 years old,1,"At a cafe, At the office, At home",Pour over,,Pourover,Light,Bright,Somewhat strong,Full caffeine,4.0,4.0,2.0,1.0,3.0,Coffee C,$20-$40,Male,Bachelor's degree,Employed full-time
LdMrWJ,35-44 years old,2,"At the office, On the go, At home, At a cafe","Pour over, French press, Other","Local cafe, National chain (e.g. Starbucks, Dunkin), Specialty coffee shop",Pourover,Medium,Chocolatey,Medium,Full caffeine,6.0,4.0,4.0,3.0,4.0,Coffee D,$20-$40,Male,Some college or associate's degree,Employed full-time
6dQlOJ,25-34 years old,1,At the office,,,Latte,Medium,Nutty,Somewhat strong,Half caff,3.0,3.0,4.0,3.0,2.0,Coffee B,$20-$40,Female,Doctorate or professional degree,Unemployed
KMBEyk,25-34 years old,3,"At home, At a cafe, On the go, At the office","Pour over, Coffee brewing machine (e.g. Mr. Coffee)","Local cafe, National chain (e.g. Starbucks, Dunkin)",Cappuccino,Medium,Nutty,Medium,Full caffeine,3.0,4.0,1.0,3.0,4.0,Coffee A,$60-$80,Female,Doctorate or professional degree,Employed full-time
bl4pNL,18-24 years old,1,"At home, At the office",Espresso,,Iced coffee,Dark,Full Bodied,Somewhat strong,Full caffeine,7.0,4.0,1.0,2.0,4.0,Coffee D,$20-$40,Male,Bachelor's degree,Employed full-time
xdNq0r,25-34 years old,3,At home,"Pour over, Espresso",,Cortado,Medium,Full Bodied,Somewhat strong,Full caffeine,7.0,3.0,2.0,2.0,4.0,Coffee D,,,,
eBxJYO,55-64 years old,4,At home,Pod/capsule machine (e.g. Keurig/Nespresso),,Americano,Dark,Bold,Very strong,Full caffeine,5.0,3.0,5.0,2.0,1.0,Coffee B,,,,
VZ162J,45-54 years old,2,"At home, On the go","Espresso, Coffee brewing machine (e.g. Mr. Coffee), Pod/capsule machine (e.g. Keurig/Nespresso)","Deli or supermarket, Local cafe",Cappuccino,Dark,Full Bodied,Very strong,Full caffeine,5.0,5.0,4.0,1.0,3.0,Coffee A,<$20,Female,Bachelor's degree,Homemaker
rlr4p5,35-44 years old,3,At home,"Pour over, Espresso",,Pourover,Light,Fruity,Somewhat strong,Full caffeine,7.0,5.0,2.0,3.0,5.0,Coffee D,$60-$80,Male,Master's degree,Employed full-time
6dQl1k,25-34 years old,1,"At home, At a cafe","Cold brew, French press, Pour over, Other",,Cortado,Medium,Full Bodied,Medium,Full caffeine,8.0,3.0,3.0,4.0,5.0,Coffee D,$60-$80,Male,Bachelor's degree,Employed full-time
aBrLk9,25-34 years old,1,At home,Pour over,,Pourover,Light,Floral,Somewhat strong,Full caffeine,6.0,5.0,2.0,4.0,3.0,Coffee A,,,,
jB9R0a,35-44 years old,1,At home,"Other, Espresso, Pour over",,Americano,Medium,Chocolatey,Very strong,Full caffeine,6.0,2.0,5.0,4.0,3.0,Coffee B,$20-$40,Male,Some college or associate's degree,Employed full-time
5dq786,25-34 years old,1,"At the office, At home",Other,,Regular drip coffee,Light,Juicy,Somewhat strong,Full caffeine,8.0,1.0,2.0,5.0,4.0,Coffee C,$40-$60,Male,Bachelor's degree,Employed full-time
zKQ92a,>65 years old,2,At home,"Pour over, French press, Espresso, Pod/capsule machine (e.g. Keurig/Nespresso)",,Espresso,Medium,Full Bodied,Somewhat strong,Full caffeine,7.0,5.0,3.0,4.0,4.0,Coffee A,,,,
42N6zO,45-54 years old,2,At home,Espresso,,Cappuccino,Medium,Fruity,Somewhat strong,Full caffeine,6.0,4.0,2.0,4.0,5.0,Coffee D,$60-$80,Male,Bachelor's degree,Employed full-time
1r2erg,18-24 years old,1,At home,"Pour over, Espresso, French press, Other",,Cortado,Dark,Nutty,Somewhat strong,Full caffeine,6.0,2.0,5.0,4.0,1.0,Coffee B,$40-$60,Male,Some college or associate's degree,Employed part-time
LdMrq2,35-44 years old,2,At home,"Pour over, Espresso",,Espresso,Nordic,Fruity,Somewhat strong,Full caffeine,9.0,3.0,2.0,1.0,2.0,Coffee A,$40-$60,Male,Bachelor's degree,Employed full-time
MAd4VX,25-34 years old,1,"At home, At a cafe",Espresso,,Latte,Dark,Chocolatey,Somewhat strong,Full caffeine,6.0,3.0,4.0,4.0,2.0,Coffee B,$20-$40,Male,Master's degree,Employed full-time
42N69k,25-34 years old,1,"At home, At the office","Pour over, French press, Espresso, Coffee brewing machine (e.g. Mr. Coffee), Pod/capsule machine (e.g. Keurig/Nespresso), Cold brew",,Espresso,Medium,Full Bodied,Somewhat strong,Full caffeine,8.0,4.0,4.0,3.0,5.0,Coffee D,$20-$40,Male,Bachelor's degree,Employed full-time
PABxYe,25-34 years old,3,At home,"Pour over, French press, Espresso, Other",,Pourover,Light,Juicy,Somewhat strong,Full caffeine,7.0,4.0,2.0,3.0,5.0,Coffee D,$60-$80,Male,,Employed full-time
GrBGy2,25-34 years old,3,"At the office, On the go, At home",Espresso,Local cafe,Americano,Medium,Chocolatey,Somewhat strong,Full caffeine,6.0,3.0,2.0,3.0,4.0,Coffee D,$60-$80,Female,Bachelor's degree,Employed full-time
EPbRb4,35-44 years old,2,"At home, At the office","Cold brew, Pour over",,Mocha,Dark,Chocolatey,Somewhat strong,Full caffeine,6.0,2.0,5.0,4.0,1.0,Coffee B,$40-$60,Male,Master's degree,Employed full-time
ZdR7ya,25-34 years old,1,"At the office, At home",Pour over,,Pourover,Medium,Fruity,Medium,Half caff,8.0,5.0,2.0,1.0,4.0,Coffee A,$40-$60,Male,Bachelor's degree,Employed full-time
bl4Jbo,25-34 years old,1,"At home, At a cafe","Pour over, Instant coffee",,Other,Medium,Sweet,Medium,Full caffeine,5.0,4.0,4.0,3.0,5.0,Coffee D,$20-$40,Female,Some college or associate's degree,Employed part-time
lNlG96,18-24 years old,1,"At a cafe, At home",Pour over,,Cappuccino,Light,Sweet,Somewhat strong,Full caffeine,3.0,3.0,4.0,3.0,5.0,Coffee D,$20-$40,Male,High school graduate,Employed part-time
ZdR7ga,35-44 years old,1,At home,"Espresso, Pour over, Other",,Latte,Medium,Caramalized,Medium,Full caffeine,2.0,2.0,4.0,4.0,1.0,Coffee C,$40-$60,Female,Bachelor's degree,Student
xdNWOy,35-44 years old,2,At home,"Pour over, French press, Cold brew",,Latte,Dark,Chocolatey,Somewhat strong,Full caffeine,7.0,1.0,3.0,4.0,4.0,Coffee C,$40-$60,Female,Master's degree,Employed full-time
42N6Ro,25-34 years old,2,At home,"Pour over, Espresso, Coffee brewing machine (e.g. Mr. Coffee)",,Pourover,Light,Juicy,Somewhat strong,Full caffeine,8.0,5.0,3.0,2.0,4.0,Coffee A,$40-$60,Male,Bachelor's degree,Employed full-time
zKQ9BZ,35-44 years old,1,At home,Pour over,,Pourover,Light,Floral,Somewhat strong,Full caffeine,5.0,3.0,1.0,2.0,4.0,Coffee D,$20-$40,Male,Doctorate or professional degree,Employed full-time
5dq7GE,25-34 years old,2,"At the office, At home, On the go","Pour over, French press, Other","Specialty coffee shop, Local cafe",Pourover,Light,Juicy,Somewhat strong,Full caffeine,8.0,4.0,2.0,2.0,5.0,Coffee D,$40-$60,Male,Bachelor's degree,Employed full-time
g5NlDN,55-64 years old,2,"At home, At the office",Coffee brewing machine (e.g. Mr. Coffee),,Latte,Medium,Nutty,Medium,Full caffeine,5.0,2.0,4.0,2.0,2.0,Coffee B,$40-$60,Female,Bachelor's degree,Employed part-time
42N6Do,25-34 years old,2,At home,Pour over,,Pourover,Light,Fruity,Somewhat strong,Full caffeine,7.0,3.0,4.0,4.0,1.0,Coffee D,$20-$40,Male,Bachelor's degree,Student
WApWXL,55-64 years old,3,At home,Cold brew,,Iced coffee,Medium,Bold,Medium,Full caffeine,5.0,3.0,2.0,3.0,1.0,Coffee A,$20-$40,Male,Master's degree,Employed part-time
AlbgaB,25-34 years old,2,"At the office, On the go, At home","Pour over, Espresso, French press, Coffee brewing machine (e.g. Mr. Coffee)","Specialty coffee shop, Other, Local cafe",Pourover,Light,Fruity,Somewhat strong,Full caffeine,7.0,4.0,2.0,3.0,5.0,Coffee D,$40-$60,Male,Some college or associate's degree,Employed full-time
xdNqlo,35-44 years old,3,"At home, At the office","Pour over, French press, Espresso, Other",,Espresso,Medium,Fruity,Medium,Full caffeine,7.0,4.0,3.0,2.0,5.0,Coffee D,$20-$40,Male,Master's degree,Employed full-time
KMBE2z,18-24 years old,2,"At the office, At home, At a cafe","Pour over, Espresso",,Iced coffee,Light,Juicy,Somewhat strong,Full caffeine,7.0,4.0,1.0,2.0,5.0,Coffee D,$60-$80,Male,Bachelor's degree,Employed full-time
5dq7xv,25-34 years old,2,At home,"French press, Coffee brewing machine (e.g. Mr. Coffee)",,Pourover,Light,Bright,Somewhat strong,Full caffeine,3.0,4.0,2.0,3.0,5.0,Coffee D,$40-$60,Male,Doctorate or professional degree,Employed full-time
QABZZY,35-44 years old,1,At home,"Espresso, Pour over",,Americano,Light,Full Bodied,Somewhat strong,Full caffeine,4.0,2.0,2.0,2.0,3.0,Coffee D,$40-$60,Male,Bachelor's degree,Employed full-time
MAdx0p,25-34 years old,2,At home,Pour over,,Pourover,Light,Bright,Medium,Full caffeine,5.0,3.0,3.0,4.0,5.0,Coffee D,$40-$60,Male,Bachelor's degree,Employed full-time
WApWgP,25-34 years old,2,"At home, At the office","Pour over, French press, Other",,Pourover,Light,Juicy,Somewhat strong,Full caffeine,8.0,5.0,1.0,2.0,3.0,Coffee A,$40-$60,Male,Bachelor's degree,Employed full-time
eBxJ8J,25-34 years old,1,At home,"Pour over, Espresso",,Cortado,Light,Bright,Somewhat strong,Full caffeine,9.0,4.0,2.0,3.0,5.0,Coffee D,$40-$60,Male,Bachelor's degree,Employed full-time
42N6Ob,35-44 years old,1,At home,Pour over,,Pourover,Light,Fruity,Medium,Full caffeine,7.0,4.0,2.0,3.0,4.0,Coffee B,$20-$40,Male,Doctorate or professional degree,Employed full-time
WApWkQ,55-64 years old,2,At home,Coffee brewing machine (e.g. Mr. Coffee),,Mocha,Medium,Chocolatey,Medium,Full caffeine,3.0,4.0,5.0,2.0,2.0,Coffee B,<$20,Female,Bachelor's degree,Homemaker
KMBEEg,18-24 years old,1,At home,Pour over,,Regular drip coffee,Light,Fruity,Somewhat strong,Full caffeine,7.0,3.0,3.0,4.0,5.0,Coffee D,$20-$40,Male,Bachelor's degree,Employed full-time
6dQldA,18-24 years old,Less than 1,At a cafe,,,Espresso,Light,Sweet,Medium,Full caffeine,6.0,4.0,4.0,2.0,3.0,Coffee B,<$20,Non-binary,Some college or associate's degree,Student
rlr40N,25-34 years old,2,At home,"Pour over, Espresso",,Pourover,Light,Bright,Somewhat strong,Full caffeine,7.0,3.0,2.0,4.0,5.0,Coffee D,$40-$60,Male,Bachelor's degree,Employed full-time
DVv8QN,55-64 years old,1,At the office,,,Cappuccino,Medium,Bold,Medium,Full caffeine,6.0,4.0,3.0,3.0,1.0,Coffee A,,,,
WApW6L,35-44 years old,2,"On the go, At home","Pour over, French press, Espresso",Local cafe,Latte,Light,Nutty,Somewhat strong,Full caffeine,4.0,3.0,2.0,2.0,2.0,Coffee A,$40-$60,Female,Master's degree,Employed full-time
g5NlBD,35-44 years old,2,At home,Espresso,,Espresso,Medium,Full Bodied,Somewhat strong,Full caffeine,8.0,4.0,3.0,2.0,4.0,Coffee D,$60-$80,Male,Bachelor's degree,Employed full-time
QABZOp,35-44 years old,1,"At the office, At home",French press,,Cold brew,Medium,Chocolatey,Somewhat strong,Full caffeine,5.0,4.0,3.0,5.0,2.0,Coffee C,$40-$60,Female,Bachelor's degree,Employed part-time
KMBEgk,25-34 years old,2,At home,"Pour over, French press",,Pourover,Light,Fruity,Very strong,Full caffeine,7.0,4.0,3.0,2.0,5.0,Coffee D,$20-$40,Male,Master's degree,Employed full-time
VZ1eAl,45-54 years old,1,At home,Other,,Iced coffee,Medium,Caramalized,Medium,Decaf,2.0,2.0,4.0,1.0,2.0,Coffee B,<$20,Male,Some college or associate's degree,Unemployed
YZz62W,35-44 years old,1,"On the go, At home","Cold brew, French press","National chain (e.g. Starbucks, Dunkin), Local cafe",Latte,Dark,Full Bodied,Somewhat strong,Full caffeine,2.0,3.0,4.0,3.0,1.0,Coffee B,$20-$40,Female,,
OAB2Yg,55-64 years old,2,At home,Coffee brewing machine (e.g. Mr. Coffee),,Regular drip coffee,Medium,Fruity,Medium,Full caffeine,7.0,2.0,3.0,4.0,5.0,Coffee D,,Female,Bachelor's degree,Homemaker
8dpBBl,35-44 years old,1,"At home, At a cafe, At the office",Pour over,,Pourover,Light,Juicy,Somewhat strong,Full caffeine,6.0,4.0,2.0,2.0,4.0,Coffee A,$60-$80,Male,Master's degree,Employed full-time
VZ1e6j,25-34 years old,Less than 1,At home,"Espresso, Pour over",,Other,Light,Fruity,Medium,Full caffeine,6.0,3.0,4.0,3.0,5.0,Coffee D,$20-$40,Non-binary,Bachelor's degree,Employed full-time
WApWWe,35-44 years old,1,On the go,,Drive-thru,Americano,Medium,Bright,Somewhat strong,Full caffeine,6.0,4.0,2.0,3.0,3.0,Coffee A,$80-$100,Male,Bachelor's degree,Employed full-time
rlr4e2,35-44 years old,1,At home,"Espresso, Cold brew, Other",,Americano,Dark,Chocolatey,Somewhat strong,Full caffeine,6.0,2.0,4.0,3.0,2.0,Coffee B,$20-$40,Male,Bachelor's degree,Employed full-time
6dQlqY,25-34 years old,1,At home,Pour over,,Mocha,Light,Chocolatey,Somewhat strong,Full caffeine,3.0,1.0,4.0,3.0,1.0,Coffee B,$40-$60,Female,Bachelor's degree,Homemaker
8dpB2A,25-34 years old,1,"At the office, At home",Pour over,,Pourover,Medium,Nutty,Medium,Full caffeine,5.0,2.0,4.0,5.0,1.0,Coffee C,$40-$60,Female,Bachelor's degree,Employed full-time
NABj2p,25-34 years old,2,At home,"Pour over, Espresso, French press",,Pourover,Medium,Fruity,Somewhat strong,Full caffeine,6.0,5.0,2.0,3.0,5.0,Coffee D,$20-$40,Male,Bachelor's degree,Employed full-time
oAVPaM,25-34 years old,2,At home,"Espresso, Pour over",,Espresso,Nordic,Juicy,Somewhat strong,Full caffeine,10.0,4.0,1.0,2.0,5.0,Coffee D,$60-$80,Male,Bachelor's degree,Student
DVv89p,35-44 years old,2,"At home, At the office",Pour over,,Pourover,Light,Juicy,Somewhat strong,Full caffeine,6.0,4.0,2.0,4.0,5.0,Coffee D,$40-$60,Male,Doctorate or professional degree,Employed full-time
jB9RLJ,25-34 years old,2,At home,Other,,Regular drip coffee,Light,Bold,Somewhat strong,Full caffeine,4.0,3.0,4.0,3.0,2.0,Coffee B,$20-$40,Male,Bachelor's degree,Employed full-time
rlrZXl,25-34 years old,2,At home,"Pour over, French press, Cold brew, Other, Pod/capsule machine (e.g. Keurig/Nespresso)",,Pourover,Medium,Caramalized,Somewhat strong,Full caffeine,6.0,3.0,2.0,4.0,5.0,Coffee D,$20-$40,,,
XeBbpg,25-34 years old,2,"At home, At a cafe","Pour over, Espresso",,Cappuccino,Light,Juicy,Medium,Full caffeine,8.0,5.0,2.0,3.0,4.0,Coffee A,$20-$40,Male,Bachelor's degree,Employed full-time
ZdR7e0,25-34 years old,2,"At the office, At home","Pour over, French press, Espresso, Cold brew",,Pourover,Medium,Fruity,,Full caffeine,7.0,4.0,2.0,3.0,4.0,Coffee D,$40-$60,Male,Bachelor's degree,Employed full-time
WApWQJ,18-24 years old,2,At home,Pod/capsule machine (e.g. Keurig/Nespresso),,Blended drink (e.g. Frappuccino),Medium,Full Bodied,Medium,Full caffeine,8.0,3.0,3.0,3.0,3.0,Coffee C,$20-$40,Male,High school graduate,Unemployed
XeBaWz,25-34 years old,1,"At home, At the office",Pour over,,Pourover,Light,Fruity,Medium,Full caffeine,5.0,2.0,4.0,4.0,2.0,Coffee B,$20-$40,Male,Bachelor's degree,Employed full-time
xdNqzG,25-34 years old,2,At the office,,,Mocha,Medium,Chocolatey,Somewhat strong,Full caffeine,5.0,3.0,2.0,5.0,4.0,Coffee C,$20-$40,,,
WApWxv,35-44 years old,2,"At a cafe, At home","Pour over, Bean-to-cup machine, Coffee extract (e.g. Cometeer), Cold brew",,Pourover,Light,Fruity,Medium,Full caffeine,7.0,2.0,4.0,2.0,5.0,Coffee D,$40-$60,Female,Bachelor's degree,Homemaker
AlbgoD,18-24 years old,2,At home,Espresso,,Espresso,Medium,Full Bodied,Somewhat strong,Full caffeine,5.0,3.0,4.0,2.0,2.0,Coffee D,$20-$40,Male,Master's degree,Employed full-time
dY2MBK,18-24 years old,1,At home,"Pour over, French press, Espresso",,Americano,Medium,Fruity,Very strong,Full caffeine,9.0,2.0,1.0,4.0,5.0,Coffee D,$20-$40,Male,Doctorate or professional degree,Student
aBrROv,45-54 years old,3,"At the office, At home, On the go","Pour over, Coffee brewing machine (e.g. Mr. Coffee)","National chain (e.g. Starbucks, Dunkin)",Regular drip coffee,Dark,Full Bodied,Somewhat strong,Half caff,8.0,3.0,2.0,4.0,4.0,Coffee D,,,,
jB9jDa,25-34 years old,1,"At home, At a cafe",Espresso,,Cortado,Light,Fruity,Somewhat strong,Full caffeine,7.0,4.0,2.0,3.0,4.0,Coffee D,$40-$60,Male,Bachelor's degree,Employed full-time
jB9RO4,25-34 years old,1,"At the office, At a cafe, On the go, At home","Pour over, French press, Espresso","Local cafe, Specialty coffee shop",Other,Medium,Fruity,Medium,Full caffeine,7.0,3.0,5.0,4.0,1.0,Coffee B,$40-$60,Male,Master's degree,Employed full-time
EPbRj4,25-34 years old,Less than 1,On the go,,"National chain (e.g. Starbucks, Dunkin), Drive-thru",Latte,Light,Sweet,Medium,Full caffeine,1.0,4.0,1.0,3.0,5.0,Coffee D,<$20,Female,Doctorate or professional degree,Employed full-time
8dpX1O,25-34 years old,3,At home,Pod/capsule machine (e.g. Keurig/Nespresso),,Latte,Medium,Bold,Somewhat strong,Full caffeine,5.0,5.0,3.0,4.0,1.0,Coffee A,$40-$60,Male,Less than high school,Employed full-time
OAB6l8,25-34 years old,2,At home,Coffee brewing machine (e.g. Mr. Coffee),,Latte,Medium,Nutty,Medium,Full caffeine,6.0,2.0,5.0,4.0,1.0,Coffee B,$20-$40,Female,Bachelor's degree,Employed full-time
J2kPNR,25-34 years old,2,"At home, At a cafe","Pour over, French press, Espresso",,Regular drip coffee,Light,Fruity,Somewhat strong,Full caffeine,5.0,4.0,3.0,2.0,5.0,Coffee C,$40-$60,Male,Bachelor's degree,Employed full-time
ylqBN4,25-34 years old,2,"At home, At the office, At a cafe","Instant coffee, Pod/capsule machine (e.g. Keurig/Nespresso), French press",,Latte,Blonde,Chocolatey,Medium,Full caffeine,4.0,4.0,4.0,5.0,1.0,Coffee C,$40-$60,Male,Bachelor's degree,Employed full-time
LdMrQp,35-44 years old,1,At home,"Pour over, French press, Other",,Cortado,Medium,Nutty,Somewhat strong,Full caffeine,7.0,2.0,4.0,5.0,2.0,Coffee C,$20-$40,Female,Bachelor's degree,Unemployed
42N6WX,35-44 years old,2,At home,Pour over,,Regular drip coffee,Medium,Nutty,Somewhat strong,Full caffeine,7.0,4.0,5.0,4.0,2.0,Coffee B,$20-$40,Male,Bachelor's degree,Employed full-time
RzBAWd,45-54 years old,1,"At home, At a cafe","Pour over, French press, Espresso",,Cortado,Light,Juicy,Medium,Full caffeine,8.0,2.0,3.0,3.0,5.0,Coffee D,$80-$100,Male,Bachelor's degree,Employed full-time
oAVq21,25-34 years old,1,"At home, At the office","Espresso, Pod/capsule machine (e.g. Keurig/Nespresso)",,Americano,Medium,Chocolatey,Medium,Full caffeine,8.0,4.0,3.0,4.0,2.0,Coffee A,$20-$40,Female,Bachelor's degree,Employed full-time
BGbyPK,55-64 years old,2,"At home, On the go, At the office","Coffee brewing machine (e.g. Mr. Coffee), Espresso",Specialty coffee shop,Latte,Light,Fruity,Somewhat strong,Full caffeine,6.0,4.0,3.0,3.0,2.0,Coffee A,$20-$40,Male,Bachelor's degree,Employed full-time
OAB648,25-34 years old,2,"At a cafe, At the office, At home","French press, Espresso, Pour over, Cold brew",,Cortado,Dark,Bold,Somewhat strong,Full caffeine,6.0,4.0,3.0,3.0,5.0,Coffee D,$60-$80,Male,Bachelor's degree,Employed full-time
KMB9Q8,45-54 years old,2,At home,"Pour over, French press, Espresso, Other",,Espresso,Light,Fruity,Somewhat strong,Full caffeine,10.0,4.0,2.0,3.0,4.0,Coffee A,$40-$60,Male,Master's degree,Employed full-time
rlr4zR,25-34 years old,2,At home,"Pour over, French press",,Pourover,Dark,Caramalized,Somewhat strong,Decaf,5.0,4.0,3.0,4.0,5.0,Coffee D,$40-$60,Female,Master's degree,Employed full-time
5dq7WE,55-64 years old,2,At home,Other,,Latte,Medium,Full Bodied,Somewhat strong,Full caffeine,4.0,3.0,3.0,4.0,1.0,Coffee C,<$20,Male,Master's degree,Employed full-time
eBxV50,35-44 years old,2,"At home, At the office","Bean-to-cup machine, Espresso",,Latte,Medium,Chocolatey,Medium,Full caffeine,6.0,5.0,2.0,2.0,1.0,Coffee A,<$20,Female,Master's degree,Employed full-time
vNxlyd,25-34 years old,2,"At home, At a cafe","Pour over, Espresso",,Cappuccino,Light,Fruity,Medium,Full caffeine,8.0,2.0,4.0,2.0,5.0,Coffee D,$60-$80,Male,High school graduate,Employed full-time
LdMePG,25-34 years old,2,"At the office, At home, At a cafe",Pour over,,Pourover,Light,Fruity,Medium,Full caffeine,5.0,4.0,4.0,3.0,5.0,Coffee D,$20-$40,Male,Bachelor's degree,Employed full-time
EPbRyr,35-44 years old,2,At the office,,,Pourover,Medium,Chocolatey,Somewhat strong,Full caffeine,8.0,4.0,5.0,2.0,4.0,Coffee B,<$20,Male,Some college or associate's degree,Employed full-time
vNxZ70,25-34 years old,2,At home,"Espresso, Cold brew",,Americano,Dark,Nutty,Very strong,Full caffeine,5.0,4.0,3.0,3.0,1.0,Coffee A,$20-$40,Male,Bachelor's degree,Employed full-time
9dJ8D1,25-34 years old,1,At home,Other,,Latte,Medium,Caramalized,Somewhat strong,Full caffeine,7.0,5.0,3.0,3.0,4.0,Coffee A,$20-$40,Male,Bachelor's degree,Employed full-time
WApLzP,25-34 years old,2,At home,"Coffee brewing machine (e.g. Mr. Coffee), Cold brew, Other",,Cappuccino,Light,Floral,Somewhat strong,Full caffeine,6.0,4.0,3.0,2.0,5.0,Coffee D,$20-$40,Male,Bachelor's degree,Employed full-time
NABaJp,25-34 years old,2,"At the office, At home","Pour over, French press",,Americano,Medium,Chocolatey,Somewhat strong,Full caffeine,4.0,2.0,5.0,3.0,2.0,Coffee B,,,,
9dJ8Np,35-44 years old,Less than 1,At home,Other,,Blended drink (e.g. Frappuccino),Dark,Sweet,Somewhat strong,Full caffeine,1.0,2.0,1.0,4.0,5.0,Coffee C,<$20,Female,High school graduate,Homemaker
AlbEzk,18-24 years old,1,"At home, At a cafe, On the go",Other,"Local cafe, Specialty coffee shop",Pourover,Light,Juicy,Medium,Full caffeine,7.0,3.0,1.0,4.0,5.0,Coffee D,$40-$60,Male,Some college or associate's degree,Student
MAdWKM,25-34 years old,1,"At home, At a cafe",Other,,Latte,French,Caramalized,Somewhat strong,Half caff,3.0,1.0,4.0,5.0,3.0,Coffee C,$20-$40,Non-binary,Bachelor's degree,Employed full-time
EPb2PL,25-34 years old,4,At home,Pour over,,Cortado,Light,Juicy,Very strong,Full caffeine,8.0,4.0,2.0,3.0,5.0,Coffee D,$60-$80,Male,Bachelor's degree,Employed full-time
xdNAp9,35-44 years old,2,"At the office, At home","Pour over, Pod/capsule machine (e.g. Keurig/Nespresso)",,Latte,Light,Fruity,Somewhat strong,Full caffeine,5.0,3.0,5.0,3.0,4.0,Coffee B,$40-$60,Male,Some college or associate's degree,Employed full-time
5dqJKo,25-34 years old,Less than 1,"At home, At the office",Pour over,,Pourover,Light,Sweet,Medium,Full caffeine,4.0,3.0,5.0,4.0,4.0,Coffee B,$20-$40,Male,Bachelor's degree,Employed full-time
rlrejl,35-44 years old,1,"At the office, At a cafe, On the go, At home","Pour over, French press","Specialty coffee shop, National chain (e.g. Starbucks, Dunkin)",Pourover,Medium,Caramalized,Medium,Full caffeine,4.0,3.0,5.0,4.0,4.0,Coffee B,$40-$60,Male,Master's degree,Employed full-time
7d9yRP,25-34 years old,1,At home,"Pour over, Espresso, Coffee brewing machine (e.g. Mr. Coffee)",,Pourover,Light,Fruity,Somewhat strong,Full caffeine,6.0,5.0,2.0,3.0,4.0,Coffee A,$20-$40,Male,Bachelor's degree,Employed full-time
rlre6L,45-54 years old,2,At home,"Pour over, Coffee brewing machine (e.g. Mr. Coffee)",,Latte,Dark,Bold,Very strong,Full caffeine,4.0,3.0,3.0,5.0,4.0,Coffee C,$20-$40,Male,Bachelor's degree,Employed full-time
DVvjzj,18-24 years old,1,At home,"Cold brew, Espresso, Pour over",,Latte,Light,Juicy,Medium,Full caffeine,7.0,1.0,2.0,4.0,3.0,Coffee C,$40-$60,Female,Bachelor's degree,Student
dY2Oqo,25-34 years old,2,"At home, At the office, At a cafe","Pour over, Other",,Cortado,Medium,Bright,Medium,Full caffeine,7.0,3.0,3.0,4.0,5.0,Coffee C,$40-$60,Male,Master's degree,Employed full-time
AlbE6y,25-34 years old,Less than 1,At home,Pour over,,Regular drip coffee,Light,Fruity,Very strong,Full caffeine,6.0,3.0,5.0,3.0,5.0,Coffee D,$20-$40,Male,Bachelor's degree,Employed full-time
pLPQP1,35-44 years old,1,At home,Espresso,,Cappuccino,Medium,Sweet,Medium,Full caffeine,5.0,3.0,1.0,3.0,2.0,Coffee A,,,,
J2kQlJ,18-24 years old,1,At home,"French press, Other",,Regular drip coffee,Medium,Caramalized,Somewhat strong,Full caffeine,10.0,3.0,5.0,2.0,4.0,Coffee B,$20-$40,Male,Bachelor's degree,Student
EPb20A,25-34 years old,1,At home,"Pour over, Espresso",,Espresso,Light,Fruity,Medium,Full caffeine,8.0,4.0,3.0,3.0,5.0,Coffee D,$40-$60,Male,Doctorate or professional degree,Employed full-time
BGbrD1,25-34 years old,1,"On the go, At the office, At home",Espresso,Drive-thru,Latte,Dark,Full Bodied,Somewhat light,Full caffeine,1.0,2.0,2.0,4.0,3.0,Coffee C,$80-$100,Female,Bachelor's degree,Employed full-time
RzBABK,45-54 years old,Less than 1,At home,Coffee brewing machine (e.g. Mr. Coffee),,Regular drip coffee,Dark,Full Bodied,Medium,Full caffeine,1.0,4.0,5.0,4.0,3.0,Coffee B,<$20,Male,Bachelor's degree,Employed full-time
oAVqB5,25-34 years old,2,"At home, At the office, On the go",Pour over,"Specialty coffee shop, National chain (e.g. Starbucks, Dunkin)",Latte,Light,Full Bodied,Somewhat strong,Full caffeine,6.0,4.0,2.0,1.0,5.0,Coffee D,$40-$60,Male,Doctorate or professional degree,Employed full-time
ylqB9p,45-54 years old,1,"At home, On the go","Pour over, Coffee brewing machine (e.g. Mr. Coffee), Cold brew, Coffee extract (e.g. Cometeer), Other","National chain (e.g. Starbucks, Dunkin), Specialty coffee shop",Latte,Dark,Chocolatey,Somewhat strong,Full caffeine,2.0,2.0,3.0,4.0,1.0,Coffee D,,Female,Doctorate or professional degree,Employed full-time
xdNAQE,45-54 years old,1,At the office,,,Pourover,Light,Juicy,Very strong,Full caffeine,6.0,4.0,3.0,4.0,5.0,Coffee D,>$100,Male,Some college or associate's degree,Employed full-time
1r2LM4,25-34 years old,1,At home,Pour over,,Cortado,Light,Fruity,Somewhat strong,Full caffeine,6.0,4.0,3.0,2.0,5.0,Coffee D,$20-$40,Male,Bachelor's degree,Employed full-time
rlredX,25-34 years old,2,"At home, On the go, At the office, At a cafe","Coffee brewing machine (e.g. Mr. Coffee), Cold brew","Specialty coffee shop, Local cafe, National chain (e.g. Starbucks, Dunkin)",Latte,Light,Nutty,Medium,Full caffeine,2.0,3.0,5.0,4.0,3.0,Coffee B,$20-$40,Female,Bachelor's degree,Employed full-time
vNxlql,25-34 years old,2,"At home, At a cafe, At the office","Pod/capsule machine (e.g. Keurig/Nespresso), Pour over, Espresso",,Latte,Light,Fruity,Medium,Full caffeine,5.0,4.0,3.0,2.0,5.0,Coffee D,$40-$60,Male,Bachelor's degree,Employed full-time
XeBplg,25-34 years old,1,At home,"Pour over, Espresso, Other",,Pourover,Medium,Caramalized,Somewhat strong,Full caffeine,7.0,5.0,3.0,4.0,5.0,Coffee A,$20-$40,Female,Master's degree,Homemaker
EPb2do,25-34 years old,1,"At home, At the office, On the go","Espresso, Instant coffee, Cold brew, French press, Pour over",Drive-thru,Regular drip coffee,Light,Fruity,Somewhat light,Half caff,6.0,4.0,3.0,2.0,5.0,Coffee D,$40-$60,Male,Master's degree,Student
24xW0D,45-54 years old,2,"On the go, At home","Coffee brewing machine (e.g. Mr. Coffee), Pour over","National chain (e.g. Starbucks, Dunkin)",Pourover,Medium,Sweet,Medium,Full caffeine,3.0,3.0,2.0,4.0,4.0,Coffee C,$20-$40,Male,High school graduate,Employed full-time
oAVqvP,35-44 years old,1,At home,Espresso,,Cappuccino,Light,Sweet,Medium,Full caffeine,9.0,4.0,1.0,2.0,5.0,Coffee D,$20-$40,,,
J2kQMR,45-54 years old,1,At home,"Pour over, Coffee brewing machine (e.g. Mr. Coffee)",,Latte,Dark,Chocolatey,Medium,Full caffeine,4.0,5.0,2.0,4.0,1.0,Coffee A,$20-$40,Female,Master's degree,Employed part-time
lNlxDk,25-34 years old,2,"At home, At the office, At a cafe","Pour over, Other",,Pourover,Medium,Full Bodied,Medium,Full caffeine,6.0,3.0,5.0,4.0,2.0,Coffee B,$20-$40,Male,Bachelor's degree,Employed full-time
ylqBx6,45-54 years old,1,At home,Coffee brewing machine (e.g. Mr. Coffee),,Latte,Medium,Sweet,Medium,Half caff,2.0,3.0,4.0,5.0,1.0,Coffee C,$20-$40,Female,Bachelor's degree,Employed full-time
GrBZqL,25-34 years old,1,At home,Coffee brewing machine (e.g. Mr. Coffee),,Iced coffee,Dark,Chocolatey,Medium,Full caffeine,6.0,1.0,3.0,4.0,2.0,Coffee C,$40-$60,Male,Bachelor's degree,Employed full-time
lNlxzk,>65 years old,2,At home,Coffee brewing machine (e.g. Mr. Coffee),,Regular drip coffee,Dark,Chocolatey,Somewhat light,Full caffeine,3.0,3.0,3.0,4.0,2.0,Coffee C,<$20,Male,Bachelor's degree,Retired
ZdRMve,25-34 years old,1,"At home, At a cafe",Cold brew,,Iced coffee,Light,Sweet,Medium,Full caffeine,5.0,4.0,1.0,2.0,5.0,Coffee D,$20-$40,Male,Bachelor's degree,Employed part-time
jB9jga,25-34 years old,1,"At home, At a cafe","Pour over, Espresso, Cold brew",,Pourover,Light,Fruity,Medium,Full caffeine,8.0,3.0,1.0,3.0,5.0,Coffee D,$40-$60,Male,Master's degree,Employed full-time
aBrRzB,18-24 years old,1,At home,Pod/capsule machine (e.g. Keurig/Nespresso),,Mocha,Medium,Bold,Somewhat strong,Full caffeine,4.0,4.0,2.0,2.0,3.0,Coffee A,<$20,Male,Master's degree,Employed part-time
oAVq0b,25-34 years old,1,"At home, At a cafe, At the office",Espresso,,Cappuccino,Medium,Nutty,Somewhat light,Full caffeine,7.0,2.0,5.0,1.0,3.0,Coffee B,$40-$60,Female,Master's degree,Employed full-time
XeBpQg,25-34 years old,1,At home,Espresso,,Espresso,Medium,Nutty,Very strong,Half caff,7.0,5.0,2.0,4.0,3.0,Coffee A,$20-$40,Male,Bachelor's degree,Employed full-time
pLPQ48,25-34 years old,2,"At the office, On the go, At home","Pour over, Cold brew, Other",Local cafe,Iced coffee,Medium,Nutty,Somewhat strong,Full caffeine,6.0,3.0,5.0,4.0,1.0,Coffee B,$80-$100,Prefer not to say,Bachelor's degree,Employed full-time
8dpXyx,25-34 years old,2,"At home, On the go",Other,Specialty coffee shop,Cappuccino,Medium,Full Bodied,Somewhat strong,Full caffeine,5.0,,,,,,,,,
oAVqaV,25-34 years old,1,At home,"Pour over, Espresso, Cold brew",,Pourover,Light,Juicy,Medium,Full caffeine,8.0,,3.0,1.0,5.0,Coffee D,,,,
6dQgAY,25-34 years old,4,"At home, On the go",Pour over,Specialty coffee shop,Espresso,Light,Juicy,Medium,Full caffeine,8.0,5.0,4.0,4.0,1.0,Coffee A,$80-$100,Male,Some college or associate's degree,Unemployed
xdNAoy,25-34 years old,2,"At home, At a cafe","Pour over, Pod/capsule machine (e.g. Keurig/Nespresso)",,Latte,Light,Chocolatey,Medium,Full caffeine,2.0,4.0,1.0,1.0,5.0,Coffee D,<$20,Female,Bachelor's degree,Employed full-time
ylqBoX,35-44 years old,Less than 1,At a cafe,,,Iced coffee,Light,Chocolatey,Somewhat light,Decaf,1.0,4.0,3.0,2.0,1.0,Coffee A,<$20,Female,Bachelor's degree,Employed full-time
eBxV8q,25-34 years old,1,At home,Coffee brewing machine (e.g. Mr. Coffee),,Regular drip coffee,Light,Bright,Medium,Full caffeine,4.0,2.0,2.0,3.0,4.0,Coffee D,$40-$60,Non-binary,Master's degree,Employed full-time
oAVqa1,18-24 years old,Less than 1,At home,"Pour over, French press, Espresso",,Latte,Medium,Sweet,Medium,Half caff,2.0,3.0,5.0,4.0,2.0,Coffee C,<$20,Female,Some college or associate's degree,Employed full-time
24xpyV,25-34 years old,3,At home,Espresso,,Latte,Medium,Chocolatey,Somewhat strong,Full caffeine,5.0,2.0,3.0,4.0,1.0,Coffee C,$80-$100,,,
0EjKGN,25-34 years old,1,"At a cafe, At home, At the office, On the go","Pour over, Pod/capsule machine (e.g. Keurig/Nespresso)","Local cafe, Specialty coffee shop",Pourover,Light,Fruity,Medium,Full caffeine,6.0,4.0,3.0,2.0,5.0,Coffee D,$60-$80,Male,Master's degree,Employed full-time
1r2LyW,>65 years old,4,At home,"Pour over, Espresso",,Pourover,Light,Fruity,Medium,Half caff,6.0,3.0,3.0,3.0,4.0,Coffee D,$80-$100,Male,Master's degree,Retired
NABavG,25-34 years old,2,"At home, At a cafe",Coffee brewing machine (e.g. Mr. Coffee),,Regular drip coffee,Medium,Fruity,Medium,Full caffeine,6.0,2.0,2.0,5.0,4.0,Coffee C,$40-$60,Male,Bachelor's degree,Employed full-time
oAVq6P,45-54 years old,1,At home,Other,,Cappuccino,Dark,Caramalized,Very strong,Full caffeine,3.0,3.0,2.0,4.0,1.0,Coffee C,,Non-binary,Master's degree,Employed full-time
YZz1bq,25-34 years old,1,At home,"Pour over, Pod/capsule machine (e.g. Keurig/Nespresso), Coffee extract (e.g. Cometeer)",,Latte,Medium,Chocolatey,Somewhat strong,Decaf,8.0,1.0,3.0,5.0,3.0,Coffee C,$40-$60,Prefer not to say,High school graduate,Employed part-time
EPb2gX,45-54 years old,1,At home,Pour over,,Cappuccino,Light,Full Bodied,Very strong,Full caffeine,7.0,3.0,4.0,2.0,2.0,Coffee C,$80-$100,Female,Master's degree,Employed full-time
PAB78B,>65 years old,3,"At home, At a cafe",Pour over,,Pourover,Medium,Full Bodied,Somewhat strong,Full caffeine,6.0,2.0,3.0,4.0,3.0,Coffee C,$60-$80,Female,Doctorate or professional degree,Retired
8dpX8r,35-44 years old,1,At home,Other,,Americano,Light,Bright,Medium,Full caffeine,5.0,4.0,2.0,4.0,5.0,Coffee D,$20-$40,Male,Doctorate or professional degree,Student
WApLda,35-44 years old,Less than 1,"At home, At a cafe","Espresso, Pour over",,Cortado,Light,Bright,Medium,Full caffeine,6.0,4.0,3.0,4.0,5.0,Coffee D,$40-$60,Female,Master's degree,Employed full-time
0EjKy6,35-44 years old,2,"At the office, At home","French press, Pour over, Coffee brewing machine (e.g. Mr. Coffee)",,Pourover,Light,Juicy,Somewhat strong,Half caff,6.0,4.0,4.0,4.0,5.0,Coffee D,$20-$40,Male,Doctorate or professional degree,Employed full-time
YZz1A0,45-54 years old,Less than 1,At the office,,,Espresso,Medium,Chocolatey,,Decaf,1.0,4.0,4.0,3.0,1.0,Coffee A,<$20,Male,Bachelor's degree,Employed full-time
g5NEKJ,25-34 years old,,At home,Pour over,,Latte,Medium,Chocolatey,Medium,Full caffeine,,,,,,,,,,
xdNA59,25-34 years old,1,"At the office, At a cafe, At home","Pour over, Espresso, Coffee brewing machine (e.g. Mr. Coffee)",,Latte,Dark,Chocolatey,Somewhat strong,Full caffeine,4.0,4.0,3.0,3.0,1.0,Coffee D,$20-$40,Male,Master's degree,Employed full-time
dY2Ooz,35-44 years old,2,"At home, At the office","Espresso, Pour over, Cold brew",,Americano,Light,Bright,Medium,Full caffeine,7.0,2.0,2.0,3.0,4.0,Coffee D,$40-$60,Male,Doctorate or professional degree,Employed full-time
NABaRj,25-34 years old,2,"At home, At the office, At a cafe","Pour over, Coffee extract (e.g. Cometeer)",,Pourover,Light,Fruity,Medium,Full caffeine,8.0,2.0,3.0,4.0,4.0,Coffee D,$40-$60,Male,Bachelor's degree,Employed full-time
QABbZl,>65 years old,2,At home,"Pour over, Espresso",,Pourover,Light,Caramalized,Medium,Half caff,3.0,3.0,4.0,2.0,1.0,Coffee B,$20-$40,Female,Master's degree,Retired
5dqJoM,25-34 years old,3,"At home, On the go",Pour over,"Specialty coffee shop, National chain (e.g. Starbucks, Dunkin), Local cafe",Cortado,Light,Floral,Somewhat light,Full caffeine,5.0,4.0,5.0,5.0,3.0,Coffee C,$80-$100,Female,Bachelor's degree,Homemaker
rlreXp,45-54 years old,2,At home,"Pour over, French press, Coffee brewing machine (e.g. Mr. Coffee)",,Regular drip coffee,Light,Sweet,Medium,Full caffeine,6.0,4.0,3.0,5.0,4.0,Coffee C,$20-$40,Male,Doctorate or professional degree,Employed full-time
8dpXYA,35-44 years old,Less than 1,At home,"Pour over, Espresso, Other",,Pourover,Medium,Chocolatey,Very strong,Full caffeine,4.0,2.0,4.0,2.0,1.0,Coffee B,$20-$40,Male,Master's degree,Employed full-time
KMB9AM,25-34 years old,2,"At a cafe, At home, At the office","Other, Cold brew",,Regular drip coffee,Light,Bold,Very strong,Full caffeine,7.0,3.0,4.0,5.0,4.0,Coffee C,$40-$60,Male,Bachelor's degree,Employed full-time
WApLLL,25-34 years old,3,"At home, At the office",Coffee brewing machine (e.g. Mr. Coffee),,Regular drip coffee,Medium,Nutty,Medium,Full caffeine,6.0,2.0,4.0,5.0,3.0,Coffee C,$20-$40,Male,Bachelor's degree,Employed full-time
AlbEVy,35-44 years old,2,"At home, At the office",Other,,Cold brew,Light,Sweet,Somewhat strong,Full caffeine,5.0,1.0,2.0,3.0,5.0,Coffee D,$40-$60,Female,Master's degree,Employed full-time
vNxl7g,25-34 years old,1,At home,"Pour over, Espresso",,Pourover,Nordic,Fruity,Somewhat light,Full caffeine,8.0,5.0,1.0,3.0,4.0,Coffee A,>$100,Male,Master's degree,Employed full-time
GrBZNe,25-34 years old,2,"At the office, At home","Pour over, Espresso",,Regular drip coffee,Light,Juicy,Medium,Full caffeine,6.0,4.0,4.0,2.0,5.0,Coffee D,$60-$80,Male,Bachelor's degree,Employed full-time
YZz18v,45-54 years old,1,"At home, At the office",Pour over,,Pourover,Medium,Chocolatey,Somewhat strong,Full caffeine,6.0,2.0,3.0,4.0,3.0,Coffee C,$20-$40,Male,Doctorate or professional degree,Employed full-time
AlbkLk,,,,,,,,,,,5.0,,,,,,,,,
7d9yy6,45-54 years old,3,"At home, At the office, On the go",Coffee brewing machine (e.g. Mr. Coffee),"National chain (e.g. Starbucks, Dunkin), Specialty coffee shop",Americano,Dark,Chocolatey,Somewhat strong,Full caffeine,5.0,5.0,5.0,5.0,4.0,Coffee A,$20-$40,Female,Master's degree,Employed full-time
ylqB1g,35-44 years old,1,"At home, At a cafe, On the go","Bean-to-cup machine, Pour over","Specialty coffee shop, National chain (e.g. Starbucks, Dunkin), Local cafe",Cappuccino,Medium,Bright,Medium,Half caff,5.0,3.0,5.0,3.0,5.0,Coffee B,$40-$60,Male,Bachelor's degree,Employed full-time
PAB7M1,>65 years old,2,At home,Pod/capsule machine (e.g. Keurig/Nespresso),,Regular drip coffee,Medium,Juicy,Weak,Full caffeine,5.0,3.0,2.0,2.0,1.0,Coffee A,<$20,Female,High school graduate,Retired
zKQVxM,35-44 years old,1,At home,Coffee brewing machine (e.g. Mr. Coffee),,Pourover,Light,Fruity,Medium,Full caffeine,7.0,3.0,2.0,1.0,5.0,Coffee D,$60-$80,Male,Bachelor's degree,Employed full-time
lNlx8p,35-44 years old,2,"At home, At a cafe","Pour over, Coffee brewing machine (e.g. Mr. Coffee), Espresso",,Pourover,Light,Bright,Somewhat strong,Full caffeine,7.0,4.0,3.0,2.0,4.0,Coffee C,$40-$60,Male,Bachelor's degree,Employed full-time
5dqNjo,25-34 years old,1,"At a cafe, At the office, At home","Pour over, Espresso",,Americano,Light,Fruity,Medium,Full caffeine,8.0,4.0,2.0,3.0,5.0,Coffee D,$60-$80,Male,Bachelor's degree,Employed full-time
GrBMKZ,<18 years old,1,"At home, On the go, At the office, At a cafe","French press, Cold brew","Specialty coffee shop, National chain (e.g. Starbucks, Dunkin), Local cafe",Cappuccino,Dark,Nutty,Somewhat strong,Full caffeine,6.0,,,,,,,,,
jB9j11,25-34 years old,3,"At a cafe, At home, At the office","Pour over, Other, French press",,Latte,Light,Nutty,Somewhat strong,Full caffeine,6.0,2.0,3.0,4.0,5.0,Coffee D,$40-$60,Male,Bachelor's degree,Employed full-time
5dqJYM,35-44 years old,3,"At home, At a cafe, On the go","Coffee brewing machine (e.g. Mr. Coffee), Pour over, Other","National chain (e.g. Starbucks, Dunkin), Local cafe, Drive-thru, Specialty coffee shop",Latte,Light,Fruity,Medium,Full caffeine,7.0,4.0,2.0,1.0,5.0,Coffee D,$80-$100,Male,Bachelor's degree,Employed full-time
kYR2Dr,25-34 years old,Less than 1,At a cafe,,,Espresso,Dark,Chocolatey,Very strong,Full caffeine,2.0,3.0,5.0,3.0,4.0,Coffee B,<$20,Male,Master's degree,Employed full-time
zKQV7a,35-44 years old,2,At home,Espresso,,Iced coffee,Medium,Caramalized,Somewhat strong,Full caffeine,5.0,5.0,1.0,4.0,3.0,Coffee A,>$100,Female,Doctorate or professional degree,Employed full-time
8dp9Nz,25-34 years old,Less than 1,At a cafe,,,Cappuccino,Dark,Chocolatey,Somewhat strong,Full caffeine,6.0,5.0,3.0,4.0,2.0,Coffee A,$60-$80,Female,Master's degree,Employed full-time
vNxlRX,18-24 years old,4,At home,Pour over,,Pourover,Light,Fruity,Medium,Half caff,5.0,4.0,4.0,3.0,5.0,Coffee D,$60-$80,Male,Bachelor's degree,Employed full-time
9dJe7p,25-34 years old,3,At home,"Espresso, Pour over, Other, Coffee extract (e.g. Cometeer)",,Cold brew,Light,Juicy,Somewhat strong,Full caffeine,7.0,4.0,4.0,3.0,5.0,Coffee D,$80-$100,Male,Bachelor's degree,Employed full-time
VZ1Kkj,35-44 years old,2,"At home, At a cafe","Pour over, French press, Cold brew, Other",,Cold brew,Medium,Fruity,Medium,Full caffeine,7.0,2.0,4.0,4.0,5.0,Coffee D,$20-$40,Male,Some college or associate's degree,Employed full-time
WAp48j,35-44 years old,3,"At home, At the office",Coffee brewing machine (e.g. Mr. Coffee),,Regular drip coffee,Light,Bold,Medium,Full caffeine,2.0,2.0,1.0,5.0,2.0,Coffee C,$40-$60,Male,Bachelor's degree,Employed full-time
MAdWMA,25-34 years old,More than 4,"At a cafe, At home, On the go","Pour over, Coffee brewing machine (e.g. Mr. Coffee), Coffee extract (e.g. Cometeer)","Local cafe, Specialty coffee shop",Espresso,Light,Fruity,Very strong,Full caffeine,7.0,5.0,3.0,2.0,5.0,Coffee D,$80-$100,Male,Less than high school,Employed full-time
xdNGXv,25-34 years old,2,At home,"Coffee brewing machine (e.g. Mr. Coffee), Other",,Regular drip coffee,Medium,Nutty,,Full caffeine,4.0,,1.0,5.0,,Coffee C,$20-$40,,,
PABo6b,35-44 years old,2,"At home, At the office, At a cafe","Espresso, Pour over",,Cappuccino,Medium,Chocolatey,Medium,Full caffeine,6.0,3.0,2.0,1.0,4.0,Coffee D,$20-$40,Male,Bachelor's degree,Employed full-time
OAB6OM,25-34 years old,2,"At home, At a cafe, On the go",Pour over,Specialty coffee shop,Pourover,Light,Floral,Somewhat strong,Full caffeine,6.0,,1.0,2.0,5.0,Coffee D,$40-$60,Prefer not to say,,
6dQqO5,18-24 years old,,,,,,,,,,,,,,,,,,,
kYR2Ld,25-34 years old,1,"At the office, At home","Other, Espresso",,Regular drip coffee,Light,Caramalized,Somewhat strong,Full caffeine,7.0,5.0,3.0,1.0,4.0,Coffee A,$40-$60,Female,Master's degree,Employed full-time
0Ej4MZ,25-34 years old,1,At home,"Pour over, Other",,Regular drip coffee,Light,Bright,Somewhat strong,Full caffeine,7.0,5.0,3.0,3.0,3.0,Coffee A,$40-$60,Male,Master's degree,Employed full-time
BGbvpQ,35-44 years old,3,"At the office, At home, On the go, At a cafe",Coffee brewing machine (e.g. Mr. Coffee),Local cafe,Mocha,Light,Chocolatey,Somewhat light,Full caffeine,6.0,2.0,3.0,4.0,5.0,Coffee D,$20-$40,Male,Bachelor's degree,Employed full-time
8dp9L5,25-34 years old,4,At home,"Pour over, Espresso",,Pourover,Medium,Chocolatey,Somewhat strong,Full caffeine,8.0,3.0,4.0,4.0,4.0,Coffee B,$60-$80,Male,Bachelor's degree,Employed full-time
8dp9po,<18 years old,2,At home,Pour over,,Pourover,Medium,Bold,Somewhat strong,,6.0,,,,,,,,,
EPbpKr,25-34 years old,2,At the office,,,Americano,Light,Fruity,Very strong,Full caffeine,7.0,4.0,3.0,2.0,5.0,Coffee D,$40-$60,Male,High school graduate,Employed full-time
MAd0AX,35-44 years old,More than 4,"At home, At a cafe","Pour over, Coffee extract (e.g. Cometeer)",,Pourover,Light,Bright,Medium,Full caffeine,7.0,5.0,4.0,3.0,4.0,Coffee C,$80-$100,Male,Bachelor's degree,Employed full-time
DVvLzq,25-34 years old,3,"At the office, At home, On the go","Pour over, Espresso","Local cafe, Specialty coffee shop",Cappuccino,Medium,Chocolatey,Somewhat strong,Full caffeine,7.0,3.0,5.0,3.0,5.0,Coffee B,$80-$100,Male,Bachelor's degree,Employed full-time
XeBjEd,35-44 years old,2,At home,"Espresso, Pour over",,Cappuccino,Light,Juicy,Somewhat strong,Full caffeine,6.0,3.0,2.0,4.0,5.0,Coffee D,$40-$60,Male,Master's degree,Employed full-time
OABRPK,35-44 years old,3,At home,Pod/capsule machine (e.g. Keurig/Nespresso),,Regular drip coffee,Medium,Nutty,Somewhat strong,Full caffeine,5.0,3.0,4.0,2.0,3.0,Coffee B,$40-$60,,,
qbEyL9,25-34 years old,Less than 1,At a cafe,,,Iced coffee,Blonde,Chocolatey,Weak,Full caffeine,1.0,3.0,5.0,4.0,1.0,Coffee B,<$20,Female,Bachelor's degree,Employed part-time
AlbkDW,25-34 years old,3,"At home, At a cafe","Pour over, Espresso, Coffee extract (e.g. Cometeer), Other",,Cold brew,Medium,Bold,Very strong,Full caffeine,5.0,5.0,4.0,3.0,2.0,Coffee A,$80-$100,Male,Bachelor's degree,Employed full-time
bl4axo,25-34 years old,1,"At the office, At home, At a cafe","Espresso, Cold brew, Coffee extract (e.g. Cometeer)",,Mocha,Medium,Chocolatey,Medium,Full caffeine,7.0,1.0,4.0,3.0,2.0,Coffee B,$20-$40,Male,Bachelor's degree,Employed full-time
DVvLV5,25-34 years old,1,"At the office, At a cafe, At home","Other, Pod/capsule machine (e.g. Keurig/Nespresso)",,Other,Medium,Caramalized,Somewhat strong,Full caffeine,7.0,4.0,2.0,1.0,5.0,Coffee D,>$100,Male,Some college or associate's degree,Employed full-time
8dp9jk,25-34 years old,Less than 1,At home,Espresso,,Cappuccino,Light,Caramalized,Somewhat light,Decaf,5.0,4.0,1.0,2.0,2.0,Coffee A,<$20,Female,Bachelor's degree,Employed full-time
24x2LA,25-34 years old,2,"At home, On the go, At a cafe","Pour over, Espresso, Other","Other, Deli or supermarket, Local cafe",Pourover,Medium,Chocolatey,Somewhat strong,Full caffeine,7.0,3.0,5.0,4.0,2.0,Coffee B,$40-$60,Male,Bachelor's degree,Employed full-time
GrBM1j,18-24 years old,2,"At home, At the office",Espresso,,Latte,Light,Bright,Somewhat strong,Full caffeine,4.0,5.0,4.0,3.0,2.0,Coffee A,$40-$60,Female,Bachelor's degree,Employed full-time
1r2L1g,25-34 years old,1,At home,Pour over,,Latte,Light,Nutty,Somewhat strong,Full caffeine,7.0,2.0,3.0,5.0,1.0,Coffee C,$40-$60,Non-binary,Master's degree,Employed full-time
9dJelG,>65 years old,More than 4,At the office,,,Latte,Dark,Sweet,Medium,Full caffeine,7.0,3.0,3.0,2.0,1.0,Coffee B,$60-$80,Male,High school graduate,Employed full-time
xdNG0E,35-44 years old,2,"At home, At a cafe","Espresso, Coffee brewing machine (e.g. Mr. Coffee), Pour over",,Pourover,Light,Bright,Somewhat strong,Full caffeine,8.0,3.0,5.0,4.0,1.0,Coffee B,$40-$60,Male,Bachelor's degree,Employed full-time
24x2vA,35-44 years old,2,"At home, At a cafe","Pour over, Espresso, Pod/capsule machine (e.g. Keurig/Nespresso), Cold brew",,Cappuccino,Medium,Full Bodied,Medium,Full caffeine,7.0,3.0,3.0,4.0,3.0,Coffee C,$40-$60,Male,Doctorate or professional degree,Employed full-time
LdM8M2,55-64 years old,3,"At home, At the office","Pour over, Pod/capsule machine (e.g. Keurig/Nespresso)",,Latte,Dark,Bold,Very strong,Full caffeine,5.0,5.0,4.0,3.0,1.0,Coffee A,$40-$60,Female,Bachelor's degree,Employed full-time
MAd0Ml,35-44 years old,1,At home,Pod/capsule machine (e.g. Keurig/Nespresso),,Regular drip coffee,Medium,Chocolatey,Medium,Full caffeine,3.0,5.0,4.0,3.0,1.0,Coffee A,,,,
jB9KW6,25-34 years old,4,"At a cafe, At the office, At home","Pour over, Bean-to-cup machine, Pod/capsule machine (e.g. Keurig/Nespresso)",,Pourover,Medium,Caramalized,Somewhat strong,Full caffeine,5.0,2.0,5.0,4.0,2.0,Coffee B,$20-$40,Male,Bachelor's degree,Employed full-time
NABz8N,45-54 years old,3,"At the office, At home",Espresso,,Espresso,Light,Fruity,Somewhat strong,Full caffeine,7.0,5.0,2.0,4.0,2.0,Coffee D,$20-$40,Male,Bachelor's degree,Employed full-time
bl4aL2,25-34 years old,1,"At home, At the office",Pour over,,Latte,Medium,Caramalized,Medium,Full caffeine,6.0,2.0,3.0,5.0,3.0,Coffee C,$20-$40,Female,Master's degree,Employed full-time
J2ky8z,45-54 years old,3,At home,Pour over,,Pourover,Nordic,Fruity,Very strong,Full caffeine,8.0,4.0,2.0,1.0,4.0,Coffee A,$40-$60,Male,Doctorate or professional degree,Employed full-time
ZdRxV0,18-24 years old,1,At home,"Instant coffee, French press, Pour over",,Latte,Light,Floral,Medium,Full caffeine,4.0,2.0,3.0,4.0,1.0,Coffee C,$20-$40,Male,Bachelor's degree,Employed full-time
PABo0Q,45-54 years old,3,"At home, At the office","Pod/capsule machine (e.g. Keurig/Nespresso), Coffee brewing machine (e.g. Mr. Coffee), French press",,Regular drip coffee,Medium,Bright,Somewhat strong,Full caffeine,7.0,5.0,4.0,2.0,1.0,Coffee A,$40-$60,Male,Bachelor's degree,Employed full-time
g5NBYM,35-44 years old,1,At home,Espresso,,Latte,Medium,Chocolatey,Medium,Full caffeine,6.0,3.0,5.0,4.0,1.0,Coffee B,,,,
0Ej4lB,55-64 years old,2,At home,Pod/capsule machine (e.g. Keurig/Nespresso),,Latte,Dark,Bold,Very strong,Full caffeine,3.0,3.0,3.0,3.0,2.0,Coffee C,$20-$40,Male,Some college or associate's degree,Employed full-time
QABGxl,55-64 years old,More than 4,At home,"Espresso, Other",,Espresso,Medium,Fruity,Medium,Full caffeine,8.0,2.0,4.0,3.0,5.0,Coffee D,$60-$80,Male,Some college or associate's degree,Employed full-time
24x2DM,25-34 years old,2,"At the office, At home","Pour over, Espresso, Cold brew",,Latte,Light,Juicy,Medium,Half caff,7.0,3.0,3.0,4.0,5.0,Coffee D,$40-$60,Non-binary,Bachelor's degree,Employed full-time
MAd0qA,25-34 years old,1,"At home, At the office",Pour over,,Pourover,Medium,Caramalized,Somewhat strong,Full caffeine,3.0,4.0,4.0,2.0,5.0,Coffee D,$20-$40,Male,High school graduate,Unemployed
ZdRxgB,25-34 years old,2,At home,"Espresso, Pour over",,Pourover,Light,Fruity,Medium,Full caffeine,8.0,4.0,3.0,3.0,5.0,Coffee D,$60-$80,Male,Bachelor's degree,Employed full-time
lNlp2B,25-34 years old,1,"At the office, On the go",,"Drive-thru, Local cafe, National chain (e.g. Starbucks, Dunkin)",Mocha,Light,Sweet,Medium,Full caffeine,1.0,4.0,2.0,3.0,1.0,Coffee A,>$100,Female,Master's degree,Employed full-time
42NZeo,18-24 years old,2,,"Pour over, Espresso",,Pourover,,,,,,,,,,,,,,
RzBOa9,>65 years old,Less than 1,At the office,,,Other,Light,Fruity,Somewhat strong,Decaf,1.0,3.0,3.0,3.0,5.0,Coffee D,<$20,Male,Master's degree,Employed full-time
GrBMjZ,45-54 years old,2,At home,Espresso,,Latte,Light,Caramalized,Medium,Full caffeine,5.0,4.0,3.0,3.0,1.0,Coffee A,$40-$60,Female,Master's degree,Employed part-time
YZz2Ad,35-44 years old,2,At home,Coffee brewing machine (e.g. Mr. Coffee),,Latte,Medium,Chocolatey,Somewhat strong,Full caffeine,4.0,5.0,3.0,3.0,2.0,Coffee A,$60-$80,Female,,
dY274o,25-34 years old,1,At home,Pour over,,Regular drip coffee,Medium,Chocolatey,Medium,Full caffeine,5.0,2.0,5.0,4.0,1.0,Coffee B,$20-$40,Male,Some college or associate's degree,Employed part-time
PABoP1,35-44 years old,1,At home,"Espresso, French press",,Americano,Medium,Caramalized,Somewhat strong,Full caffeine,8.0,5.0,2.0,3.0,4.0,Coffee A,<$20,,,
GrBMEp,25-34 years old,2,"At home, At the office","Cold brew, Pour over",,Latte,Light,Fruity,Medium,Full caffeine,5.0,3.0,1.0,1.0,5.0,Coffee D,$40-$60,Male,Bachelor's degree,Employed full-time
24x2qb,55-64 years old,3,At the office,,,Mocha,Medium,Full Bodied,Medium,Half caff,5.0,,,,,,,,,
NABz2Q,18-24 years old,3,At home,"Pour over, Espresso",,Pourover,Nordic,Bright,Medium,Full caffeine,8.0,2.0,1.0,1.0,2.0,Coffee D,$80-$100,Male,High school graduate,Employed full-time
g5NB6d,25-34 years old,2,"At the office, At home","Coffee brewing machine (e.g. Mr. Coffee), Other",,Pourover,Dark,Full Bodied,Somewhat strong,Full caffeine,5.0,2.0,4.0,3.0,1.0,Coffee B,<$20,Male,Some college or associate's degree,Employed full-time
aBrWJv,25-34 years old,3,"At home, At a cafe","Pour over, Cold brew, French press",,Iced coffee,Light,Fruity,Medium,Full caffeine,6.0,3.0,4.0,5.0,2.0,Coffee C,$40-$60,Male,Bachelor's degree,Employed part-time
42NZA5,45-54 years old,2,At home,Coffee brewing machine (e.g. Mr. Coffee),,Regular drip coffee,Light,Juicy,Somewhat strong,Full caffeine,6.0,4.0,3.0,3.0,5.0,Coffee D,>$100,Male,Doctorate or professional degree,Employed full-time
RzBOyJ,35-44 years old,2,"At the office, At home","Pour over, Espresso",,Pourover,Light,Floral,Somewhat light,Full caffeine,9.0,4.0,2.0,1.0,4.0,Coffee A,$80-$100,Male,Master's degree,Employed full-time
lNlp8B,>65 years old,2,At home,Espresso,,Cappuccino,Light,Sweet,Very strong,Full caffeine,6.0,4.0,2.0,2.0,1.0,Coffee A,$20-$40,Male,Bachelor's degree,Retired
EPbp2o,45-54 years old,1,"At home, On the go",Coffee brewing machine (e.g. Mr. Coffee),Drive-thru,Latte,Medium,Nutty,Medium,Decaf,4.0,4.0,3.0,4.0,3.0,Coffee C,$20-$40,Female,Some college or associate's degree,Employed full-time
VZ1rGy,35-44 years old,Less than 1,"At home, At a cafe","Cold brew, Other",,Cold brew,Medium,Caramalized,Somewhat strong,Half caff,5.0,2.0,3.0,3.0,1.0,Coffee C,<$20,Female,Master's degree,Employed full-time
kYRqad,45-54 years old,3,"At the office, At home",Pour over,,Pourover,Light,Fruity,Somewhat strong,Full caffeine,6.0,4.0,2.0,2.0,5.0,Coffee D,$20-$40,Male,Bachelor's degree,Employed full-time
0Ej4X0,35-44 years old,2,"At home, At the office","Pour over, Espresso, Coffee brewing machine (e.g. Mr. Coffee)",,Cappuccino,Medium,Bright,Somewhat strong,Full caffeine,8.0,2.0,2.0,5.0,1.0,Coffee C,<$20,Male,Master's degree,Employed full-time
eBxbko,35-44 years old,2,"At home, At the office","Pour over, Coffee extract (e.g. Cometeer)",,Pourover,Light,Juicy,Medium,Full caffeine,7.0,5.0,3.0,2.0,5.0,Coffee D,$40-$60,Male,Doctorate or professional degree,Employed part-time
lNlQrN,55-64 years old,2,At home,Bean-to-cup machine,,Regular drip coffee,Medium,Bold,Somewhat strong,Full caffeine,6.0,,,,,,,,,
bl4P96,25-34 years old,1,"At home, At a cafe","Espresso, Other",,Regular drip coffee,Light,Bright,Somewhat strong,Full caffeine,6.0,5.0,3.0,3.0,4.0,Coffee A,$80-$100,Male,Bachelor's degree,Employed full-time
MAd0WY,35-44 years old,2,At home,"Pour over, Other, Cold brew, French press",,Pourover,Light,Fruity,Medium,Full caffeine,6.0,4.0,4.0,2.0,5.0,Coffee D,$40-$60,Male,Some college or associate's degree,Homemaker
9dJe8G,25-34 years old,Less than 1,At home,Coffee brewing machine (e.g. Mr. Coffee),,Blended drink (e.g. Frappuccino),Medium,Sweet,Somewhat light,Decaf,2.0,1.0,2.0,3.0,4.0,Coffee D,<$20,Male,Bachelor's degree,Unemployed
vNxkjX,>65 years old,Less than 1,None of these,,,Other,Medium,Chocolatey,Weak,Full caffeine,1.0,3.0,2.0,4.0,1.0,Coffee C,<$20,Male,,
VZ1rXg,25-34 years old,Less than 1,"At the office, At a cafe, At home","Pour over, French press",,Espresso,Light,Caramalized,Somewhat strong,Full caffeine,6.0,5.0,4.0,2.0,3.0,Coffee A,<$20,Non-binary,Bachelor's degree,Employed full-time
zKQVV8,35-44 years old,2,"At home, On the go, At the office",Coffee brewing machine (e.g. Mr. Coffee),Specialty coffee shop,Regular drip coffee,Light,Fruity,Medium,Full caffeine,8.0,4.0,4.0,1.0,3.0,Coffee B,$60-$80,Male,Bachelor's degree,Employed full-time
QABGgl,25-34 years old,More than 4,At home,"Coffee brewing machine (e.g. Mr. Coffee), Pod/capsule machine (e.g. Keurig/Nespresso)",,Americano,Dark,Bold,Very strong,Full caffeine,5.0,4.0,5.0,2.0,4.0,Coffee C,$60-$80,Male,Bachelor's degree,Employed full-time
EPb9ll,18-24 years old,1,At home,"French press, Pod/capsule machine (e.g. Keurig/Nespresso)",,Regular drip coffee,Medium,Full Bodied,Somewhat strong,Full caffeine,4.0,3.0,4.0,5.0,1.0,Coffee C,<$20,Female,Bachelor's degree,Employed part-time
24x26V,45-54 years old,2,At home,Espresso,,Americano,Light,Fruity,Somewhat strong,Full caffeine,7.0,4.0,4.0,2.0,5.0,Coffee D,$40-$60,Male,Master's degree,Employed full-time
AlbZBe,25-34 years old,1,At the office,,,Latte,Light,Fruity,Somewhat light,Full caffeine,6.0,3.0,2.0,3.0,5.0,Coffee B,$40-$60,Male,Less than high school,Employed full-time
ylqLXd,45-54 years old,1,At home,Espresso,,Latte,Medium,Caramalized,Medium,Full caffeine,3.0,1.0,4.0,2.0,3.0,Coffee B,$20-$40,Female,Bachelor's degree,Employed part-time
qbEyyd,35-44 years old,1,At home,French press,,Americano,Light,Fruity,Somewhat light,Full caffeine,2.0,3.0,4.0,3.0,1.0,Coffee B,$60-$80,Male,Master's degree,Employed full-time
KMBbM8,35-44 years old,1,At home,Coffee brewing machine (e.g. Mr. Coffee),,Latte,Light,Floral,Medium,Full caffeine,3.0,1.0,3.0,5.0,1.0,Coffee C,<$20,Female,Master's degree,Employed part-time
9dJVXE,<18 years old,2,"At home, On the go","Pour over, Coffee brewing machine (e.g. Mr. Coffee)",Specialty coffee shop,Regular drip coffee,Light,Bright,Somewhat strong,Full caffeine,4.0,5.0,2.0,4.0,4.0,Coffee A,$40-$60,Male,High school graduate,Student
zKQl7M,>65 years old,1,At home,Espresso,,Mocha,Medium,Chocolatey,Somewhat light,Decaf,5.0,4.0,2.0,2.0,1.0,Coffee A,$20-$40,Female,Master's degree,Employed part-time
pLParP,25-34 years old,2,"At the office, At home","Espresso, Other, Cold brew",,Latte,Medium,Caramalized,Somewhat strong,Full caffeine,5.0,4.0,4.0,3.0,1.0,Coffee B,$40-$60,Male,Bachelor's degree,Employed full-time
VZ1g0g,18-24 years old,1,At home,Pour over,,Iced coffee,Light,Fruity,Somewhat light,Full caffeine,4.0,3.0,1.0,3.0,5.0,Coffee D,$40-$60,Female,Bachelor's degree,Unemployed
GrBW9e,55-64 years old,2,At home,"French press, Pod/capsule machine (e.g. Keurig/Nespresso)",,Regular drip coffee,Dark,Bold,Somewhat strong,Full caffeine,5.0,5.0,5.0,5.0,1.0,Coffee B,$20-$40,Female,Bachelor's degree,Employed full-time
aBrWpq,25-34 years old,3,At home,"Pour over, Pod/capsule machine (e.g. Keurig/Nespresso)",,Latte,Light,Fruity,Very strong,Full caffeine,7.0,3.0,3.0,2.0,5.0,Coffee D,$40-$60,Male,Bachelor's degree,Employed full-time
8dpOeO,45-54 years old,4,"At the office, At home",Coffee brewing machine (e.g. Mr. Coffee),,Americano,Dark,Sweet,Somewhat strong,Full caffeine,5.0,5.0,5.0,2.0,4.0,Coffee B,,,,
5dqRxZ,25-34 years old,1,At home,Espresso,,Latte,Medium,Chocolatey,Medium,Full caffeine,7.0,5.0,4.0,3.0,2.0,Coffee A,$20-$40,Male,Bachelor's degree,Employed full-time
jB9Ne1,25-34 years old,2,At home,"Pour over, Other, Cold brew",,Regular drip coffee,Light,Fruity,Somewhat strong,Full caffeine,7.0,3.0,3.0,4.0,5.0,Coffee D,$20-$40,Male,Bachelor's degree,Employed full-time
KMBbo8,>65 years old,2,At home,Bean-to-cup machine,,Latte,Dark,Bold,Somewhat strong,Full caffeine,4.0,4.0,2.0,4.0,3.0,Coffee C,$60-$80,Female,Bachelor's degree,
DVvQKl,25-34 years old,1,At home,"Cold brew, Espresso",,Americano,Medium,Nutty,Medium,Full caffeine,1.0,1.0,5.0,4.0,3.0,Coffee B,<$20,Male,Bachelor's degree,Employed part-time
dY2rYo,25-34 years old,1,"At a cafe, At home","Pour over, Espresso",,Cappuccino,Light,Fruity,Somewhat strong,Full caffeine,6.0,1.0,4.0,3.0,5.0,Coffee D,$60-$80,Male,Bachelor's degree,Employed full-time
24x2Jb,18-24 years old,4,At home,Pour over,,Regular drip coffee,Light,Floral,Somewhat strong,Full caffeine,9.0,1.0,4.0,2.0,5.0,Coffee D,$40-$60,Other (please specify),Bachelor's degree,Employed full-time
KMBbkK,18-24 years old,Less than 1,At a cafe,,,Cold brew,Medium,Caramalized,Somewhat strong,Full caffeine,3.0,2.0,4.0,3.0,3.0,Coffee B,,,,
ylqL9x,>65 years old,2,At home,Coffee brewing machine (e.g. Mr. Coffee),,Regular drip coffee,Medium,Nutty,Somewhat strong,Half caff,5.0,3.0,4.0,4.0,2.0,Coffee B,<$20,Male,Master's degree,Employed full-time
BGbNGQ,25-34 years old,1,"At the office, At home, At a cafe","Pour over, Coffee extract (e.g. Cometeer)",,Pourover,Light,Juicy,Medium,Full caffeine,7.0,2.0,3.0,3.0,5.0,Coffee D,$60-$80,Male,Master's degree,Employed full-time
g5N2AO,>65 years old,1,"At home, At a cafe, On the go","Pod/capsule machine (e.g. Keurig/Nespresso), Coffee extract (e.g. Cometeer)","National chain (e.g. Starbucks, Dunkin), Local cafe",Latte,Dark,Bold,Somewhat strong,Full caffeine,5.0,5.0,3.0,5.0,3.0,Coffee C,$20-$40,Female,Master's degree,Employed part-time
eBx4zJ,25-34 years old,1,At home,Espresso,,Latte,Light,Fruity,Somewhat strong,Full caffeine,4.0,5.0,3.0,1.0,4.0,Coffee A,$20-$40,Female,Master's degree,Employed full-time
eBx4lx,55-64 years old,2,At home,Coffee brewing machine (e.g. Mr. Coffee),,Regular drip coffee,Dark,Bold,Very strong,Full caffeine,5.0,2.0,3.0,2.0,4.0,Coffee D,,,,
VZ1gxN,35-44 years old,3,"At home, At the office","Pour over, Coffee brewing machine (e.g. Mr. Coffee)",,Pourover,Light,Fruity,Somewhat strong,Full caffeine,7.0,3.0,2.0,4.0,5.0,Coffee B,$40-$60,Male,High school graduate,Employed full-time
EPb9Y2,25-34 years old,Less than 1,"At home, At a cafe","Pour over, French press, Espresso, Cold brew",,Pourover,Light,Fruity,Medium,Full caffeine,7.0,4.0,3.0,3.0,5.0,Coffee D,$20-$40,Male,Bachelor's degree,Employed full-time
XeBX9e,>65 years old,2,"At home, At the office, On the go","Pour over, Other",Specialty coffee shop,Cappuccino,Dark,Chocolatey,Somewhat strong,Half caff,6.0,2.0,4.0,3.0,5.0,Coffee D,$20-$40,Female,Master's degree,Employed part-time
oAVWQN,35-44 years old,More than 4,"On the go, At home, At the office, At a cafe","Pour over, Pod/capsule machine (e.g. Keurig/Nespresso), Espresso","Specialty coffee shop, Local cafe, Deli or supermarket",Pourover,Medium,Nutty,Medium,Full caffeine,5.0,2.0,4.0,5.0,1.0,Coffee C,$60-$80,Male,Master's degree,Employed full-time
6dQoVo,25-34 years old,2,"At the office, At a cafe, At home, On the go","Pour over, Espresso, Coffee brewing machine (e.g. Mr. Coffee), Pod/capsule machine (e.g. Keurig/Nespresso), Cold brew","Local cafe, Specialty coffee shop, National chain (e.g. Starbucks, Dunkin)",Pourover,Light,Fruity,Somewhat strong,Full caffeine,7.0,4.0,3.0,2.0,5.0,Coffee D,$80-$100,Male,Bachelor's degree,Employed full-time
vNxkK8,>65 years old,2,At home,French press,,Other,Medium,Full Bodied,Somewhat strong,Full caffeine,7.0,3.0,3.0,3.0,3.0,Coffee A,,Male,Doctorate or professional degree,Employed part-time
NABzGb,18-24 years old,1,"At home, At a cafe",Other,,Other,Medium,Full Bodied,Somewhat strong,Full caffeine,6.0,5.0,2.0,3.0,4.0,Coffee B,$40-$60,Male,Some college or associate's degree,Student
EPb9El,25-34 years old,2,At a cafe,,,Cortado,Dark,Nutty,Very strong,Half caff,5.0,3.0,3.0,4.0,5.0,Coffee D,>$100,Female,Bachelor's degree,Employed full-time
pLPgv1,25-34 years old,Less than 1,"At the office, At home, At a cafe",Pod/capsule machine (e.g. Keurig/Nespresso),,Cold brew,Dark,Full Bodied,Somewhat strong,Full caffeine,6.0,3.0,4.0,3.0,1.0,Coffee B,$20-$40,Male,Master's degree,Employed full-time
24x2lM,25-34 years old,1,At home,Pour over,,Mocha,Dark,Chocolatey,Medium,Full caffeine,4.0,4.0,2.0,5.0,2.0,Coffee C,$20-$40,Female,Master's degree,Homemaker
OABRKR,25-34 years old,2,"At home, At a cafe","Espresso, Pour over",,Cappuccino,Medium,Juicy,Medium,Full caffeine,8.0,4.0,4.0,2.0,4.0,Coffee D,$60-$80,Male,Bachelor's degree,Employed full-time
24xpWb,18-24 years old,1,"At the office, At home, On the go","Pour over, French press, Espresso, Coffee brewing machine (e.g. Mr. Coffee), Cold brew",Specialty coffee shop,Pourover,Medium,Chocolatey,Medium,Full caffeine,7.0,1.0,4.0,4.0,3.0,Coffee B,$20-$40,Male,Bachelor's degree,Employed full-time
lNlxeW,25-34 years old,3,"At home, At a cafe","Pour over, French press, Espresso, Coffee extract (e.g. Cometeer)",,Espresso,Medium,Full Bodied,Very strong,Full caffeine,5.0,4.0,3.0,3.0,5.0,Coffee D,$20-$40,Male,Bachelor's degree,Employed full-time
OAB6ER,35-44 years old,1,"At the office, At home, On the go, At a cafe","Pour over, French press, Espresso, Coffee brewing machine (e.g. Mr. Coffee), Pod/capsule machine (e.g. Keurig/Nespresso), Bean-to-cup machine, Cold brew","Specialty coffee shop, Local cafe",Mocha,Medium,Chocolatey,Somewhat strong,Full caffeine,8.0,2.0,4.0,5.0,2.0,Coffee C,<$20,Male,Some college or associate's degree,Employed part-time
DVvQbX,>65 years old,2,At home,Other,,Pourover,Dark,Full Bodied,Very strong,Full caffeine,7.0,4.0,4.0,3.0,1.0,Coffee B,$20-$40,Male,Master's degree,Retired
jB9jR9,25-34 years old,2,"At the office, At home",Pour over,,Pourover,Light,Sweet,Somewhat strong,Full caffeine,7.0,4.0,3.0,2.0,5.0,Coffee D,$40-$60,Male,Bachelor's degree,Employed full-time
KMBbAX,25-34 years old,2,"At home, At a cafe",Pour over,,Pourover,Light,Fruity,Somewhat strong,Full caffeine,7.0,2.0,1.0,2.0,5.0,Coffee D,$40-$60,Non-binary,Bachelor's degree,Unemployed
rlr7bo,25-34 years old,2,"At home, At the office",Espresso,,Latte,Dark,Chocolatey,Medium,Full caffeine,5.0,2.0,3.0,1.0,4.0,Coffee D,$40-$60,Female,Master's degree,Employed full-time
RzBppJ,18-24 years old,3,"At a cafe, At home",Pour over,,,,,,,,,,,,,,,,
J2k7jK,>65 years old,Less than 1,None of these,,,Cappuccino,Italian,Chocolatey,Weak,Decaf,1.0,4.0,3.0,2.0,1.0,Coffee A,<$20,Male,Master's degree,Employed full-time
ZdR0bB,25-34 years old,1,"At home, At the office",Espresso,,Regular drip coffee,Dark,Chocolatey,Very strong,Full caffeine,4.0,2.0,5.0,4.0,1.0,Coffee B,<$20,Male,Bachelor's degree,Employed full-time
bl4P1Z,45-54 years old,Less than 1,At home,"French press, Other",,Cappuccino,Medium,Chocolatey,Very strong,Half caff,5.0,1.0,3.0,2.0,4.0,Coffee D,$20-$40,Male,Master's degree,Employed full-time
bl4Pag,35-44 years old,2,"At home, At the office","French press, Coffee brewing machine (e.g. Mr. Coffee), Pod/capsule machine (e.g. Keurig/Nespresso)",,Cortado,Medium,Bold,Somewhat strong,Full caffeine,7.0,2.0,3.0,4.0,1.0,Coffee C,$20-$40,Male,Bachelor's degree,Employed full-time
1r28gg,25-34 years old,4,"At home, At a cafe, On the go, At the office","Pour over, Cold brew","Other, Specialty coffee shop",Pourover,Light,Fruity,Medium,Full caffeine,9.0,5.0,3.0,2.0,5.0,Coffee D,$80-$100,Male,Bachelor's degree,Employed full-time
BGbNr5,25-34 years old,3,At the office,,,Americano,Medium,Full Bodied,Somewhat strong,Full caffeine,2.0,2.0,4.0,4.0,3.0,Coffee C,<$20,Male,Doctorate or professional degree,Employed full-time
42NeXb,35-44 years old,4,At home,"Pour over, Pod/capsule machine (e.g. Keurig/Nespresso), Other",,Pourover,Blonde,Full Bodied,Medium,Full caffeine,6.0,3.0,4.0,4.0,2.0,Coffee C,,Male,Some college or associate's degree,Employed full-time
GrBWAZ,55-64 years old,2,"At home, At the office","Coffee brewing machine (e.g. Mr. Coffee), Pod/capsule machine (e.g. Keurig/Nespresso), Bean-to-cup machine",,Mocha,Medium,Nutty,Medium,Full caffeine,4.0,3.0,4.0,3.0,5.0,Coffee D,$40-$60,Female,Master's degree,Employed part-time
xdNKWr,25-34 years old,1,At home,Espresso,,Espresso,Light,Bright,Very strong,Full caffeine,6.0,4.0,3.0,2.0,5.0,Coffee D,$20-$40,Female,Master's degree,Employed full-time
9dJVkQ,45-54 years old,2,At home,Pour over,,Iced coffee,Light,Bright,Somewhat strong,Full caffeine,6.0,4.0,3.0,5.0,1.0,Coffee C,$40-$60,Male,Some college or associate's degree,Employed full-time
OABvZY,55-64 years old,1,At home,"Pour over, French press, Other",,Other,Medium,Chocolatey,Medium,Full caffeine,6.0,3.0,2.0,3.0,4.0,Coffee D,$20-$40,Male,Bachelor's degree,Unemployed
42NeJo,18-24 years old,4,"At home, At the office, At a cafe",Espresso,,Espresso,Light,Fruity,Very strong,Full caffeine,8.0,2.0,3.0,1.0,5.0,Coffee D,$40-$60,Male,Master's degree,Employed full-time
ylqV46,25-34 years old,1,"At home, At a cafe","Pour over, French press, Other",,Cortado,Light,Floral,Very strong,Full caffeine,5.0,3.0,2.0,3.0,4.0,Coffee D,$20-$40,Male,Bachelor's degree,Employed full-time
pLP8oy,25-34 years old,2,At home,Pour over,,Cortado,Light,Fruity,Somewhat strong,Full caffeine,6.0,3.0,2.0,4.0,5.0,Coffee D,$20-$40,Male,Bachelor's degree,Employed full-time
5dqW9v,18-24 years old,1,At home,Pour over,,Iced coffee,Light,Sweet,Somewhat strong,Full caffeine,4.0,3.0,4.0,4.0,1.0,Coffee C,$20-$40,Male,Bachelor's degree,Employed full-time
NABG0O,35-44 years old,2,"At home, At the office, At a cafe",Pour over,,Mocha,Light,Chocolatey,Somewhat strong,Full caffeine,6.0,5.0,,,,,,,,
ylqVl8,18-24 years old,1,At home,Pour over,,Pourover,Medium,Bold,Somewhat strong,Full caffeine,6.0,3.0,2.0,5.0,1.0,Coffee C,$40-$60,Male,Master's degree,Employed full-time
0EjNE9,25-34 years old,1,At home,"Pour over, Espresso",,Iced coffee,Medium,Full Bodied,Somewhat strong,Full caffeine,6.0,4.0,5.0,5.0,2.0,Coffee B,$60-$80,Female,Bachelor's degree,Employed full-time
kYRMEZ,35-44 years old,2,At home,Other,,Regular drip coffee,Blonde,Nutty,Somewhat strong,Full caffeine,5.0,3.0,3.0,4.0,2.0,Coffee C,$40-$60,Male,Bachelor's degree,Employed full-time
8dp7Zk,25-34 years old,Less than 1,At the office,,,Pourover,Light,Chocolatey,Somewhat strong,Full caffeine,6.0,4.0,3.0,2.0,5.0,Coffee D,$20-$40,Male,Bachelor's degree,Employed full-time
WApxEL,25-34 years old,1,"At the office, At home","Other, Pour over",,Cappuccino,Medium,Chocolatey,Medium,Full caffeine,6.0,2.0,4.0,3.0,1.0,Coffee B,$20-$40,Male,Bachelor's degree,Employed full-time
EPbyLB,25-34 years old,2,"On the go, At home, At the office","Pour over, French press","Specialty coffee shop, National chain (e.g. Starbucks, Dunkin)",Regular drip coffee,Light,Bright,Somewhat strong,Full caffeine,7.0,5.0,3.0,2.0,4.0,Coffee A,$20-$40,Male,Master's degree,Employed full-time
GrB8Qo,45-54 years old,2,"At home, At the office, On the go",Other,Deli or supermarket,Regular drip coffee,Medium,Full Bodied,Very strong,Half caff,7.0,,,,,,,,,
xdNOZv,45-54 years old,2,"At home, At the office","Espresso, Pour over, Other, Coffee brewing machine (e.g. Mr. Coffee), Coffee extract (e.g. Cometeer)",,Americano,Light,Floral,Medium,Full caffeine,8.0,2.0,3.0,4.0,1.0,Coffee C,$40-$60,Male,Some college or associate's degree,Employed full-time
24x02L,25-34 years old,2,"At the office, At home","Pour over, Espresso, Other",,Pourover,Light,Floral,Somewhat strong,Full caffeine,8.0,5.0,1.0,1.0,4.0,Coffee A,$40-$60,Male,Bachelor's degree,Student
WApxeN,35-44 years old,1,At home,Espresso,,Cortado,Medium,Fruity,Somewhat strong,Full caffeine,5.0,4.0,3.0,3.0,5.0,Coffee D,$20-$40,Male,Master's degree,Employed full-time
J2k5Vo,35-44 years old,2,At home,Pour over,,Pourover,Medium,Sweet,Medium,Full caffeine,4.0,2.0,4.0,5.0,2.0,Coffee C,$20-$40,Male,Bachelor's degree,Employed full-time
VZ129g,25-34 years old,1,"At home, At a cafe","Pour over, French press, Coffee brewing machine (e.g. Mr. Coffee)",,Cortado,Light,Juicy,Somewhat strong,Full caffeine,5.0,4.0,3.0,4.0,4.0,Coffee A,$40-$60,Male,Master's degree,Employed full-time
NABGBl,25-34 years old,1,"At home, At a cafe",Coffee brewing machine (e.g. Mr. Coffee),,Latte,Dark,Chocolatey,Somewhat strong,Half caff,5.0,3.0,4.0,3.0,2.0,Coffee B,$40-$60,Female,Master's degree,Employed full-time
VZ12oJ,25-34 years old,2,At home,"Pour over, Cold brew",,Pourover,Dark,Bold,Somewhat strong,Full caffeine,6.0,2.0,5.0,3.0,1.0,Coffee B,$40-$60,Male,Bachelor's degree,Employed full-time
J2k5Md,25-34 years old,2,At home,"Coffee brewing machine (e.g. Mr. Coffee), Espresso",,Cortado,Medium,Chocolatey,Medium,Full caffeine,5.0,2.0,3.0,5.0,4.0,Coffee C,$20-$40,Female,Master's degree,Employed full-time
EPbyvX,25-34 years old,1,"On the go, At the office",,Local cafe,Latte,Medium,Nutty,Medium,Full caffeine,3.0,2.0,5.0,4.0,4.0,Coffee B,$20-$40,Female,Master's degree,Employed full-time
VZ12yl,>65 years old,2,At home,Pod/capsule machine (e.g. Keurig/Nespresso),,Mocha,Medium,Full Bodied,Somewhat strong,Full caffeine,3.0,1.0,2.0,4.0,5.0,Coffee D,,,,
oAVXgX,25-34 years old,3,"At home, At a cafe",Pour over,,Pourover,Medium,Fruity,Somewhat strong,Full caffeine,6.0,4.0,2.0,1.0,5.0,Coffee C,$40-$60,Male,Master's degree,Employed full-time
qbE0ek,25-34 years old,1,At home,Espresso,,Espresso,Light,Bright,Very strong,Full caffeine,7.0,3.0,1.0,4.0,5.0,Coffee D,$20-$40,Male,Bachelor's degree,Employed full-time
g5NKXM,35-44 years old,1,At home,Pour over,,Americano,Medium,Nutty,Somewhat strong,Full caffeine,5.0,4.0,4.0,2.0,4.0,Coffee A,$20-$40,Male,Bachelor's degree,Employed full-time
EPbyOl,35-44 years old,,At the office,,,Pourover,Light,Juicy,Somewhat strong,Full caffeine,9.0,,,,,,,,,
24xQRp,25-34 years old,1,At home,Espresso,,Latte,Dark,Nutty,Very strong,Full caffeine,1.0,3.0,2.0,5.0,4.0,Coffee C,<$20,Male,Bachelor's degree,Employed full-time
dY2BOd,25-34 years old,1,At home,Espresso,,Latte,Medium,Chocolatey,Medium,Full caffeine,7.0,,,,,,,,,
PABVoe,25-34 years old,Less than 1,At the office,,,Cappuccino,,,,,,,,,,,,,,
xdNO19,25-34 years old,Less than 1,"At the office, On the go, At home, At a cafe",Pod/capsule machine (e.g. Keurig/Nespresso),"National chain (e.g. Starbucks, Dunkin)",Iced coffee,Light,Caramalized,Medium,Full caffeine,5.0,5.0,3.0,2.0,4.0,Coffee A,$20-$40,Female,Bachelor's degree,Employed full-time
zKQPLq,25-34 years old,2,"At the office, At home",Espresso,,Latte,Light,Nutty,Somewhat light,Full caffeine,7.0,3.0,2.0,1.0,4.0,Coffee D,,Male,Doctorate or professional degree,Employed full-time
vNxoVX,35-44 years old,Less than 1,At home,Other,,Mocha,Light,Chocolatey,Medium,Full caffeine,3.0,4.0,5.0,3.0,1.0,Coffee B,<$20,Male,Bachelor's degree,Employed full-time
24xQGe,18-24 years old,1,"At home, At the office",Pod/capsule machine (e.g. Keurig/Nespresso),,Cold brew,Medium,Fruity,Medium,Full caffeine,4.0,3.0,2.0,3.0,5.0,Coffee D,$20-$40,Male,Bachelor's degree,Employed full-time
eBxkrJ,35-44 years old,2,"At home, At the office",Pour over,,Pourover,Light,Fruity,Somewhat strong,Full caffeine,7.0,4.0,2.0,3.0,3.0,Coffee C,$40-$60,Male,Bachelor's degree,Employed full-time
rlrzbp,45-54 years old,1,"At the office, At home",Coffee brewing machine (e.g. Mr. Coffee),,Regular drip coffee,Medium,Full Bodied,Medium,Full caffeine,5.0,3.0,3.0,1.0,3.0,Coffee B,$40-$60,Female,Master's degree,Employed full-time
xdNOWd,25-34 years old,1,"At home, On the go, At the office, At a cafe","Pour over, Espresso","Specialty coffee shop, National chain (e.g. Starbucks, Dunkin)",Espresso,Light,Fruity,Medium,Full caffeine,8.0,4.0,3.0,2.0,3.0,Coffee A,$40-$60,Male,Master's degree,Student
qbE09g,25-34 years old,1,"At home, At the office","Pour over, Other",,Pourover,Light,Juicy,Somewhat strong,Full caffeine,6.0,5.0,3.0,2.0,4.0,Coffee A,$20-$40,Male,Bachelor's degree,Employed full-time
VZ12rM,25-34 years old,3,"At home, At the office",Pour over,,Pourover,Light,Floral,Somewhat strong,Full caffeine,7.0,5.0,3.0,1.0,3.0,Coffee A,$40-$60,Male,Doctorate or professional degree,Student
pLPlyV,25-34 years old,,At the office,,,Pourover,Medium,Floral,Medium,Full caffeine,7.0,,,,,,,,,
GrB8jz,25-34 years old,2,At home,Pour over,,Cappuccino,Light,Full Bodied,Somewhat light,Full caffeine,5.0,2.0,1.0,4.0,2.0,Coffee C,$20-$40,Female,Master's degree,Homemaker
pLPlbq,25-34 years old,2,"At the office, At home","Pour over, Espresso",,Americano,Dark,Nutty,Somewhat strong,Full caffeine,7.0,3.0,4.0,3.0,2.0,Coffee B,$20-$40,Male,Bachelor's degree,Employed full-time
24xM8L,35-44 years old,3,At home,Espresso,,Latte,Medium,Nutty,Somewhat strong,Full caffeine,4.0,4.0,2.0,3.0,4.0,Coffee A,$20-$40,Female,Master's degree,Homemaker
QABP67,45-54 years old,2,"At home, At a cafe, On the go, At the office","Cold brew, Espresso, French press, Other","Local cafe, National chain (e.g. Starbucks, Dunkin)",Pourover,Medium,Chocolatey,Somewhat strong,Full caffeine,4.0,3.0,4.0,3.0,4.0,Coffee D,$80-$100,Male,Bachelor's degree,Employed full-time
6dQaoJ,25-34 years old,2,"On the go, At a cafe, At home",Coffee brewing machine (e.g. Mr. Coffee),"Specialty coffee shop, Local cafe, Drive-thru",Espresso,Medium,Bold,Somewhat strong,Full caffeine,7.0,2.0,4.0,4.0,1.0,Coffee C,$40-$60,Prefer not to say,Doctorate or professional degree,Employed full-time
PABVZx,18-24 years old,2,"On the go, At a cafe, At home, At the office","Pour over, Cold brew","Local cafe, Specialty coffee shop, Drive-thru, National chain (e.g. Starbucks, Dunkin)",Pourover,Medium,Nutty,Somewhat strong,Full caffeine,6.0,3.0,3.0,4.0,1.0,Coffee C,$40-$60,Male,Bachelor's degree,Employed full-time
RzB7Pp,35-44 years old,2,,"Pour over, Other",,Cortado,Medium,Chocolatey,,Full caffeine,6.0,,,,,,,,,
QAB6Mg,25-34 years old,1,"At home, On the go",Other,"National chain (e.g. Starbucks, Dunkin)",Blended drink (e.g. Frappuccino),Light,Fruity,Somewhat light,Full caffeine,4.0,4.0,3.0,2.0,3.0,Coffee A,,,,
OABWXK,45-54 years old,2,At home,Pour over,,Pourover,Dark,Chocolatey,Somewhat strong,Full caffeine,6.0,1.0,4.0,5.0,4.0,Coffee C,$20-$40,Female,Master's degree,Employed full-time
ylqWYp,35-44 years old,2,At home,Other,,Latte,Medium,Full Bodied,Very strong,Full caffeine,6.0,3.0,3.0,4.0,3.0,Coffee C,$20-$40,Male,Bachelor's degree,Employed full-time
VZ1kGv,25-34 years old,2,At home,"Espresso, Other",,Cappuccino,Medium,Caramalized,Medium,Full caffeine,8.0,3.0,2.0,4.0,4.0,Coffee D,$20-$40,Male,Bachelor's degree,Employed full-time
bl40qo,18-24 years old,Less than 1,None of these,,,Pourover,Medium,Fruity,Very strong,Full caffeine,8.0,5.0,2.0,3.0,5.0,Coffee D,<$20,Female,Some college or associate's degree,Employed full-time
NABelG,25-34 years old,1,At home,"Pour over, Espresso, Coffee brewing machine (e.g. Mr. Coffee)",,Pourover,Medium,Chocolatey,Medium,Full caffeine,6.0,1.0,4.0,5.0,1.0,Coffee C,$20-$40,Female,Bachelor's degree,Employed full-time
5dqy9M,35-44 years old,2,"At the office, At home, At a cafe","Pour over, French press",,Pourover,Light,Full Bodied,Somewhat strong,Full caffeine,6.0,2.0,4.0,2.0,5.0,Coffee D,$40-$60,Non-binary,Master's degree,Employed full-time
kYRVEJ,25-34 years old,1,"At home, At a cafe","Pour over, Espresso",,Pourover,Light,Sweet,Medium,Full caffeine,6.0,2.0,4.0,3.0,5.0,Coffee D,$60-$80,Male,Master's degree,Employed full-time
Alb1GN,55-64 years old,2,At home,Espresso,,Cappuccino,Dark,Full Bodied,Somewhat strong,Full caffeine,3.0,1.0,4.0,1.0,3.0,Coffee B,<$20,Female,High school graduate,
rlrxo5,25-34 years old,2,At a cafe,,,Pourover,Medium,Full Bodied,Medium,Full caffeine,6.0,3.0,2.0,3.0,5.0,Coffee D,$20-$40,Male,High school graduate,Employed full-time
OABW5A,35-44 years old,1,"At home, At the office","Other, French press, Espresso",,Americano,Medium,Caramalized,Somewhat strong,Full caffeine,3.0,2.0,5.0,4.0,2.0,Coffee B,$20-$40,Female,Some college or associate's degree,Employed full-time
zKQPpR,35-44 years old,2,"At home, At a cafe","Pour over, Coffee extract (e.g. Cometeer)",,Pourover,Light,Sweet,Medium,Full caffeine,7.0,5.0,3.0,2.0,4.0,Coffee A,$40-$60,Female,Bachelor's degree,Employed full-time
WApvYR,25-34 years old,Less than 1,"At home, At a cafe, At the office","Pour over, Espresso",,Cortado,Light,Fruity,Somewhat strong,Full caffeine,8.0,5.0,3.0,3.0,3.0,Coffee A,$20-$40,Male,Some college or associate's degree,Employed full-time
xdNOlo,35-44 years old,1,At home,Other,,Cortado,Medium,Nutty,Very strong,Full caffeine,6.0,4.0,1.0,3.0,4.0,Coffee A,<$20,Female,Bachelor's degree,Employed part-time
NABe7W,35-44 years old,2,"At a cafe, At home, On the go, At the office","Pour over, Coffee brewing machine (e.g. Mr. Coffee), Pod/capsule machine (e.g. Keurig/Nespresso), Instant coffee, Espresso, French press","Drive-thru, Specialty coffee shop, National chain (e.g. Starbucks, Dunkin), Local cafe",Americano,Dark,Caramalized,Somewhat strong,Full caffeine,7.0,3.0,4.0,3.0,4.0,Coffee D,$40-$60,Female,Master's degree,Employed full-time
aBr8zB,25-34 years old,2,"At home, At the office","Pour over, Espresso",,Espresso,Light,Fruity,Very strong,Full caffeine,8.0,4.0,1.0,2.0,5.0,Coffee D,$40-$60,Male,Doctorate or professional degree,Employed full-time
MAd98k,25-34 years old,2,"At a cafe, At home, On the go, At the office","Pour over, Coffee brewing machine (e.g. Mr. Coffee)","Specialty coffee shop, National chain (e.g. Starbucks, Dunkin)",Iced coffee,Nordic,Fruity,Medium,Full caffeine,8.0,4.0,3.0,2.0,5.0,Coffee D,$40-$60,Male,Some college or associate's degree,Employed full-time
xdNel5,25-34 years old,3,"At the office, At home","Pour over, Cold brew",,Pourover,Light,Fruity,Somewhat strong,Full caffeine,7.0,4.0,3.0,1.0,4.0,Coffee D,$60-$80,Male,Doctorate or professional degree,Employed full-time
xdNe6r,18-24 years old,Less than 1,At a cafe,,,Espresso,Light,Fruity,Somewhat strong,Decaf,7.0,4.0,2.0,3.0,5.0,Coffee D,<$20,Female,Some college or associate's degree,Student
42NgdO,25-34 years old,2,"At home, At the office, At a cafe","Pour over, Cold brew",,Pourover,Light,Fruity,Medium,Full caffeine,8.0,2.0,4.0,2.0,5.0,Coffee D,$40-$60,Male,Bachelor's degree,Student
5dqyVo,25-34 years old,2,At home,"Pour over, Other, Cold brew",,Pourover,Light,Fruity,Very strong,Full caffeine,6.0,4.0,3.0,2.0,5.0,Coffee D,$20-$40,Male,Doctorate or professional degree,Employed full-time
QAB6JY,35-44 years old,1,At home,"Coffee brewing machine (e.g. Mr. Coffee), Cold brew, Pour over",,Regular drip coffee,Medium,Chocolatey,Somewhat strong,Full caffeine,7.0,3.0,4.0,4.0,2.0,Coffee B,$40-$60,Male,Bachelor's degree,Employed full-time
DVvl9b,35-44 years old,Less than 1,At home,Pour over,,Cappuccino,Light,Nutty,Medium,Full caffeine,3.0,2.0,5.0,3.0,1.0,,,,,
DVvlbq,18-24 years old,1,"At home, At the office, At a cafe","Pour over, Espresso",,Pourover,Light,Fruity,Somewhat strong,Full caffeine,8.0,5.0,2.0,4.0,4.0,Coffee A,<$20,Female,Some college or associate's degree,Employed full-time
qbE2M2,25-34 years old,1,"At home, At a cafe",Pour over,,Pourover,Light,Fruity,Medium,Full caffeine,8.0,3.0,4.0,2.0,5.0,Coffee D,$40-$60,Male,Bachelor's degree,Employed part-time
5dqyoM,25-34 years old,Less than 1,"None of these, At a cafe",,,Blended drink (e.g. Frappuccino),Medium,Chocolatey,Medium,Half caff,1.0,1.0,2.0,1.0,1.0,Coffee A,<$20,Female,Bachelor's degree,Unemployed
24xMzp,25-34 years old,2,"At home, At the office, At a cafe","Pour over, Espresso",,Pourover,Light,Fruity,Medium,Full caffeine,7.0,3.0,4.0,1.0,5.0,Coffee D,$80-$100,Male,Bachelor's degree,Employed full-time
42NgEk,25-34 years old,1,"At home, At the office","Espresso, Cold brew",,Cappuccino,Medium,Chocolatey,Medium,Full caffeine,5.0,5.0,1.0,3.0,5.0,Coffee A,,Male,Master's degree,Employed full-time
XeBKAd,25-34 years old,2,"At a cafe, At home","French press, Other",,Espresso,Light,Floral,Very strong,Full caffeine,6.0,4.0,3.0,3.0,5.0,Coffee D,,,,
RzB7Qp,18-24 years old,Less than 1,"At the office, At home",Espresso,,Latte,Medium,Nutty,Medium,Full caffeine,2.0,3.0,3.0,4.0,1.0,Coffee C,$20-$40,Male,Bachelor's degree,Employed full-time
GrB2GQ,55-64 years old,2,At home,"Pour over, French press, Cold brew",,Pourover,Dark,Full Bodied,Very strong,Full caffeine,5.0,4.0,3.0,4.0,5.0,Coffee D,$20-$40,Male,High school graduate,Employed full-time
MAd9WE,35-44 years old,1,At home,"Pour over, Cold brew, French press",,Iced coffee,Light,Bright,Somewhat strong,Full caffeine,8.0,4.0,3.0,2.0,5.0,Coffee D,$20-$40,Male,Some college or associate's degree,Employed full-time
oAV4YX,35-44 years old,2,"At a cafe, At home","Pour over, Other",,Americano,Light,Fruity,Very strong,Full caffeine,6.0,4.0,4.0,2.0,1.0,Coffee A,$40-$60,Male,Bachelor's degree,Unemployed
g5NRxN,25-34 years old,1,"At a cafe, At home","Espresso, Pour over",,Latte,Light,Bright,Somewhat strong,Full caffeine,7.0,5.0,5.0,4.0,5.0,Coffee B,$60-$80,Non-binary,Some college or associate's degree,Employed full-time
42NgM5,35-44 years old,2,"At home, At a cafe","Pour over, French press, Pod/capsule machine (e.g. Keurig/Nespresso)",,Pourover,Light,Floral,Medium,Full caffeine,8.0,4.0,4.0,5.0,5.0,Coffee D,$20-$40,Male,Some college or associate's degree,Unemployed
lNlPqW,25-34 years old,1,"At home, At a cafe","Pour over, Espresso",,Latte,Dark,Chocolatey,Medium,Decaf,4.0,3.0,5.0,4.0,4.0,Coffee B,$20-$40,Female,Bachelor's degree,Employed full-time
aBr8JE,25-34 years old,1,At home,Pour over,,Pourover,Light,Full Bodied,Somewhat strong,Full caffeine,4.0,3.0,2.0,2.0,4.0,Coffee D,$60-$80,Non-binary,Bachelor's degree,Employed full-time
42Ne8r,25-34 years old,1,"At a cafe, At home","Pour over, Espresso, Cold brew, Other",,Latte,Light,Fruity,Somewhat strong,Full caffeine,8.0,2.0,1.0,5.0,4.0,Coffee C,$20-$40,Male,Bachelor's degree,Employed full-time
LdMQxO,35-44 years old,2,"At home, At the office","Coffee brewing machine (e.g. Mr. Coffee), Espresso",,Cappuccino,Medium,Bold,Somewhat strong,Full caffeine,4.0,4.0,3.0,4.0,1.0,Coffee C,$20-$40,,,
XeBK0d,55-64 years old,1,At home,"Pour over, Espresso",,Latte,Light,Caramalized,Medium,Full caffeine,7.0,5.0,3.0,2.0,4.0,Coffee A,$20-$40,Male,Master's degree,Employed full-time
8dp00l,45-54 years old,2,"At home, At a cafe",Espresso,,Americano,Medium,Bold,Somewhat strong,Full caffeine,4.0,3.0,,3.0,1.0,Coffee B,,,,
ZdRpqV,55-64 years old,3,"At home, At the office","Coffee brewing machine (e.g. Mr. Coffee), French press",,Pourover,Light,Bright,Medium,Full caffeine,6.0,2.0,2.0,4.0,4.0,Coffee D,$40-$60,Male,Doctorate or professional degree,Employed full-time
24xM5V,25-34 years old,2,"At home, On the go, At a cafe","Pour over, Espresso, Cold brew, Other",Specialty coffee shop,Espresso,Light,Juicy,Very strong,Full caffeine,7.0,5.0,4.0,4.0,5.0,Coffee D,$20-$40,Male,Some college or associate's degree,Student
24xqAj,35-44 years old,3,On the go,,Specialty coffee shop,Pourover,Medium,Floral,Somewhat strong,Full caffeine,3.0,,,,,,,,,
OABWqp,25-34 years old,2,"At the office, On the go, At home, At a cafe","French press, Other, Pod/capsule machine (e.g. Keurig/Nespresso), Espresso",Specialty coffee shop,Espresso,Blonde,Bright,Somewhat strong,Full caffeine,7.0,4.0,3.0,3.0,5.0,Coffee D,,,,
9dJzzE,35-44 years old,1,At home,Coffee brewing machine (e.g. Mr. Coffee),,Cortado,Medium,Caramalized,Medium,Full caffeine,3.0,1.0,4.0,3.0,3.0,Coffee B,$40-$60,Female,Master's degree,Employed full-time
7d9809,18-24 years old,1,"At home, At a cafe","French press, Coffee brewing machine (e.g. Mr. Coffee)",,Mocha,Dark,Nutty,Somewhat strong,Full caffeine,3.0,3.0,,,,,,,,
dY258K,25-34 years old,4,"At the office, At home","Pod/capsule machine (e.g. Keurig/Nespresso), Espresso, French press, Pour over, Coffee extract (e.g. Cometeer)",,Latte,Light,Fruity,Somewhat strong,Full caffeine,6.0,4.0,3.0,3.0,5.0,Coffee D,$40-$60,Male,Master's degree,Employed full-time
YZzEjJ,35-44 years old,3,At home,"Pour over, Espresso",,Espresso,Medium,Chocolatey,Somewhat strong,Full caffeine,7.0,3.0,3.0,4.0,4.0,Coffee C,$20-$40,Male,Doctorate or professional degree,Employed full-time
PABMpV,18-24 years old,More than 4,At home,Coffee brewing machine (e.g. Mr. Coffee),,Regular drip coffee,Light,Bright,Somewhat strong,Full caffeine,5.0,2.0,3.0,4.0,2.0,Coffee C,$20-$40,Male,Master's degree,Student
xdNkX5,25-34 years old,Less than 1,At home,Other,,Iced coffee,Medium,Full Bodied,Somewhat strong,Full caffeine,5.0,3.0,4.0,5.0,1.0,Coffee C,$20-$40,Female,Bachelor's degree,Employed full-time
LdMA7v,25-34 years old,1,"At home, At the office","Pour over, French press, Other",,Americano,Medium,Fruity,Somewhat strong,Half caff,7.0,2.0,3.0,4.0,5.0,Coffee D,$20-$40,Male,Bachelor's degree,Employed full-time
1r2Zb4,25-34 years old,,,,,,,,,,,,,,,,,,,
XeBKZP,35-44 years old,2,"At home, On the go, At the office","Coffee brewing machine (e.g. Mr. Coffee), Cold brew","National chain (e.g. Starbucks, Dunkin), Specialty coffee shop, Local cafe",Americano,Dark,Chocolatey,Medium,Full caffeine,5.0,4.0,3.0,4.0,2.0,Coffee C,$60-$80,Female,Bachelor's degree,Employed full-time
jB9dPx,>65 years old,2,At home,"Pour over, French press, Coffee extract (e.g. Cometeer), Other",,Pourover,Dark,Full Bodied,Somewhat strong,Full caffeine,4.0,4.0,3.0,2.0,3.0,Coffee A,$60-$80,Male,Master's degree,Retired
42NWaY,35-44 years old,2,"At home, At a cafe, At the office","Pour over, Espresso, Pod/capsule machine (e.g. Keurig/Nespresso)",,Pourover,Light,Fruity,Somewhat strong,Full caffeine,7.0,4.0,3.0,2.0,5.0,Coffee D,$40-$60,Male,Doctorate or professional degree,Employed full-time
KMBq7X,18-24 years old,1,At the office,,,Latte,Medium,Chocolatey,Medium,Full caffeine,3.0,3.0,2.0,1.0,2.0,Coffee B,$40-$60,Male,Bachelor's degree,Employed full-time
oAVry1,25-34 years old,1,At home,"Other, Cold brew, Espresso",,Cold brew,Medium,Chocolatey,Very strong,Full caffeine,7.0,2.0,4.0,1.0,5.0,Coffee D,>$100,Male,Bachelor's degree,Employed full-time
QABgJk,25-34 years old,2,"At home, At the office","Pour over, Espresso",,Pourover,Medium,Nutty,Somewhat strong,Full caffeine,6.0,3.0,5.0,4.0,2.0,Coffee B,$40-$60,Male,Bachelor's degree,Employed full-time
DVvl6p,25-34 years old,2,At home,Pod/capsule machine (e.g. Keurig/Nespresso),,Cortado,Medium,Sweet,Somewhat strong,Full caffeine,3.0,4.0,2.0,2.0,3.0,Coffee A,$20-$40,Male,Some college or associate's degree,Unemployed
8dpveY,35-44 years old,2,At home,"Pour over, Espresso, Cold brew, Coffee brewing machine (e.g. Mr. Coffee)",,Pourover,Medium,Fruity,Medium,Full caffeine,7.0,5.0,3.0,4.0,3.0,Coffee A,$40-$60,Male,Bachelor's degree,Employed full-time
DVvrvp,25-34 years old,2,"At home, On the go",Pod/capsule machine (e.g. Keurig/Nespresso),"Drive-thru, Local cafe, National chain (e.g. Starbucks, Dunkin)",Iced coffee,Dark,Full Bodied,Medium,Full caffeine,2.0,4.0,3.0,4.0,2.0,Coffee A,$60-$80,Female,Bachelor's degree,Employed part-time
ylqKZX,25-34 years old,1,At home,Other,,Pourover,Medium,Full Bodied,Medium,Full caffeine,5.0,3.0,2.0,4.0,5.0,Coffee D,$20-$40,Male,Master's degree,Student
EPbjYr,,Less than 1,At a cafe,,,Latte,,Sweet,,,1.0,,,,,,,,,
VZ1RYl,18-24 years old,2,"At the office, At home, At a cafe","Pour over, Coffee brewing machine (e.g. Mr. Coffee)",,Pourover,Light,Fruity,Somewhat strong,Full caffeine,8.0,4.0,2.0,2.0,5.0,Coffee D,$40-$60,Male,Bachelor's degree,Employed full-time
rlrNpR,25-34 years old,1,At home,Pour over,,Pourover,Light,Fruity,Medium,Full caffeine,7.0,2.0,3.0,1.0,5.0,Coffee D,$40-$60,Male,Bachelor's degree,Employed full-time
vNx710,25-34 years old,Less than 1,At the office,,,Cold brew,Blonde,Caramalized,Somewhat strong,Full caffeine,5.0,2.0,3.0,4.0,1.0,Coffee C,$40-$60,Female,Bachelor's degree,Student
DVvrMl,25-34 years old,3,"At the office, At home",Pour over,,Pourover,Nordic,Floral,Medium,Full caffeine,8.0,5.0,3.0,1.0,4.0,Coffee A,$80-$100,Male,Master's degree,Student
bl4B20,35-44 years old,2,At home,Pour over,,Cortado,Light,Bright,Very strong,Full caffeine,7.0,3.0,4.0,5.0,3.0,Coffee C,$60-$80,Female,Master's degree,Employed full-time
WApGZk,18-24 years old,2,"At home, On the go, At the office, At a cafe","Pour over, French press, Espresso, Pod/capsule machine (e.g. Keurig/Nespresso), Coffee brewing machine (e.g. Mr. Coffee), Cold brew, Other","National chain (e.g. Starbucks, Dunkin), Local cafe, Specialty coffee shop",Other,Medium,Chocolatey,Somewhat strong,Full caffeine,8.0,4.0,5.0,3.0,4.0,Coffee B,$20-$40,Male,Some college or associate's degree,Student
7d9BgZ,35-44 years old,4,"At home, On the go, At the office",Coffee brewing machine (e.g. Mr. Coffee),Deli or supermarket,Regular drip coffee,Blonde,Full Bodied,Somewhat strong,Full caffeine,6.0,2.0,3.0,4.0,4.0,Coffee C,$20-$40,Male,Master's degree,Employed full-time
PABaYx,35-44 years old,3,"At the office, On the go, At a cafe, At home","Pour over, Espresso, Cold brew",Specialty coffee shop,Espresso,Nordic,Fruity,Very strong,Full caffeine,7.0,4.0,4.0,4.0,5.0,Coffee D,$40-$60,Male,Bachelor's degree,Employed full-time
GrBNyk,35-44 years old,2,"At a cafe, At the office, At home, On the go",Espresso,Specialty coffee shop,Cortado,Medium,Chocolatey,Somewhat strong,Full caffeine,6.0,3.0,4.0,4.0,2.0,Coffee B,$80-$100,Male,Master's degree,Employed full-time
vNx7pD,18-24 years old,1,At home,"Pour over, Espresso",,Latte,Light,Chocolatey,Somewhat strong,Full caffeine,8.0,3.0,4.0,4.0,2.0,Coffee B,>$100,Male,Bachelor's degree,Employed full-time
24xqzL,45-54 years old,More than 4,"At home, On the go, At the office","Pour over, Espresso, Coffee extract (e.g. Cometeer)","National chain (e.g. Starbucks, Dunkin), Local cafe, Specialty coffee shop",Pourover,Light,Fruity,Somewhat strong,Half caff,7.0,5.0,2.0,3.0,4.0,Coffee A,>$100,Male,Bachelor's degree,Employed full-time
XeBVpd,25-34 years old,,,,,Pourover,Light,Fruity,Medium,Full caffeine,7.0,,,,,,,,,
J2kayY,25-34 years old,1,At home,Espresso,,Espresso,Dark,Nutty,Somewhat strong,Full caffeine,4.0,,,,,,,,,
jB9O5J,25-34 years old,2,"At the office, At home","Pour over, French press, Espresso",,Americano,Light,Nutty,Somewhat strong,Full caffeine,7.0,5.0,2.0,4.0,3.0,Coffee C,$40-$60,Male,Master's degree,Employed full-time
aBrbpq,25-34 years old,2,"At the office, At home",Instant coffee,,Iced coffee,Italian,Bold,Somewhat strong,Full caffeine,2.0,2.0,4.0,5.0,2.0,Coffee C,<$20,Female,Bachelor's degree,Employed full-time
XeBVZV,35-44 years old,3,"At a cafe, At home, At the office, On the go",French press,"Local cafe, National chain (e.g. Starbucks, Dunkin)",Cortado,,,,,,,,,,,,,,
rlrx85,25-34 years old,1,At home,Cold brew,,Mocha,Medium,Nutty,Medium,Full caffeine,4.0,4.0,5.0,4.0,1.0,Coffee C,$20-$40,Female,Bachelor's degree,Employed full-time
eBxdOE,25-34 years old,2,"At home, At the office, At a cafe","Coffee brewing machine (e.g. Mr. Coffee), French press, Instant coffee",,Regular drip coffee,Medium,Nutty,Medium,Full caffeine,1.0,5.0,4.0,4.0,4.0,Coffee D,$20-$40,Male,Bachelor's degree,Employed full-time
BGbO2e,18-24 years old,1,At home,French press,,Mocha,Dark,Nutty,Somewhat strong,Full caffeine,3.0,4.0,3.0,2.0,1.0,Coffee A,$20-$40,Non-binary,Bachelor's degree,Employed full-time
NABKaW,35-44 years old,2,"At home, At the office","Pour over, Espresso",,Pourover,Dark,Chocolatey,Medium,Full caffeine,7.0,3.0,5.0,4.0,2.0,Coffee B,$40-$60,Male,Bachelor's degree,Employed full-time
g5NyOD,45-54 years old,2,At home,Other,,Americano,Dark,Chocolatey,Somewhat strong,Full caffeine,7.0,1.0,4.0,2.0,4.0,Coffee B,$40-$60,Female,Doctorate or professional degree,Employed full-time
ylqKLW,45-54 years old,2,"At a cafe, At home","Coffee extract (e.g. Cometeer), Other, Espresso",,Pourover,Light,Bright,Medium,Full caffeine,5.0,4.0,2.0,1.0,5.0,Coffee D,$60-$80,Male,Master's degree,Employed full-time
ylqK54,18-24 years old,2,"At the office, At home",Pour over,,Pourover,Light,Juicy,Medium,Full caffeine,8.0,4.0,3.0,2.0,5.0,Coffee D,$40-$60,Male,Bachelor's degree,Employed full-time
ZdR4pA,25-34 years old,2,"At home, At a cafe","Pour over, French press, Espresso, Coffee brewing machine (e.g. Mr. Coffee)",,Iced coffee,Light,Fruity,Medium,Full caffeine,7.0,4.0,4.0,1.0,5.0,Coffee A,$80-$100,Male,Bachelor's degree,Employed full-time
jB9dOY,25-34 years old,1,At home,"Espresso, Cold brew",,Latte,Medium,Sweet,Medium,Full caffeine,3.0,3.0,4.0,1.0,5.0,Coffee C,$20-$40,Non-binary,Bachelor's degree,Employed full-time
1r2ZLO,25-34 years old,1,"At home, At the office","Cold brew, Espresso, Pour over",,Pourover,Light,Bright,Somewhat strong,Full caffeine,5.0,4.0,3.0,2.0,5.0,Coffee D,$80-$100,Male,Bachelor's degree,Employed full-time
qbYZaO,25-34 years old,2,At home,"Pour over, Espresso",,Espresso,Light,Full Bodied,Medium,Full caffeine,5.0,5.0,4.0,4.0,2.0,Coffee A,$60-$80,Male,Master's degree,Employed full-time
AlboEW,25-34 years old,2,"At home, At the office","Pour over, Espresso, Instant coffee, Bean-to-cup machine",,Pourover,Light,Bright,Somewhat strong,Full caffeine,7.0,5.0,3.0,2.0,4.0,Coffee A,$20-$40,Male,Bachelor's degree,Employed full-time
BGL4dR,25-34 years old,1,At home,Other,,Cortado,Medium,Fruity,Somewhat strong,Full caffeine,3.0,2.0,1.0,3.0,5.0,Coffee D,$40-$60,Female,Bachelor's degree,Employed part-time
jB0DlJ,25-34 years old,1,At the office,,,Pourover,Medium,Full Bodied,Medium,Full caffeine,7.0,2.0,4.0,3.0,3.0,Coffee B,$20-$40,Male,Bachelor's degree,Employed full-time
eBNZDx,35-44 years old,Less than 1,At home,Other,,Regular drip coffee,Blonde,Sweet,Medium,Decaf,6.0,3.0,3.0,4.0,5.0,Coffee D,<$20,Female,Bachelor's degree,Employed full-time
J2VKAR,18-24 years old,2,At home,Pour over,,Pourover,Light,Fruity,Medium,Full caffeine,6.0,4.0,3.0,1.0,5.0,Coffee A,$20-$40,Male,Master's degree,Student
jB0DQ4,35-44 years old,Less than 1,On the go,,"Drive-thru, Specialty coffee shop, National chain (e.g. Starbucks, Dunkin)",Blended drink (e.g. Frappuccino),Medium,Nutty,Medium,Decaf,3.0,4.0,5.0,4.0,2.0,Coffee B,<$20,Male,Bachelor's degree,Employed full-time
0Ebr79,35-44 years old,2,"At home, At the office",Other,,Cappuccino,Medium,Nutty,Somewhat strong,Full caffeine,6.0,2.0,3.0,4.0,5.0,Coffee D,$40-$60,Male,Master's degree,Employed full-time
qbYZR9,35-44 years old,1,"At home, At the office, On the go, At a cafe","Pour over, Bean-to-cup machine, Espresso",Specialty coffee shop,Americano,Light,Fruity,Somewhat strong,Full caffeine,5.0,4.0,3.0,4.0,5.0,Coffee D,$40-$60,Male,Bachelor's degree,Employed full-time
yl0ZDB,35-44 years old,3,At home,"Espresso, Pour over, French press",,Espresso,Light,Fruity,Very strong,Full caffeine,8.0,4.0,3.0,3.0,5.0,Coffee D,$20-$40,Male,Bachelor's degree,Employed full-time
xd0xPo,25-34 years old,1,At home,"Pour over, Espresso",,Pourover,Light,Juicy,Medium,Full caffeine,5.0,4.0,2.0,3.0,5.0,Coffee D,$60-$80,Male,,
XeRlWY,25-34 years old,1,"At home, At a cafe","Bean-to-cup machine, Coffee extract (e.g. Cometeer)",,Latte,Light,Caramalized,Somewhat strong,Full caffeine,6.0,5.0,3.0,2.0,4.0,Coffee A,$40-$60,Female,Master's degree,Employed full-time
eBNZA0,25-34 years old,2,At home,Pour over,,Regular drip coffee,Medium,Fruity,Somewhat light,Full caffeine,5.0,4.0,3.0,3.0,5.0,Coffee D,$20-$40,Non-binary,Some college or associate's degree,Employed full-time
6d1J4N,25-34 years old,,,,,,,,,,,,,,,,,,,
J2VKgX,18-24 years old,,,,,,,,,,,,,,,,,,,
aBjN4X,>65 years old,1,At the office,,,Regular drip coffee,Light,Bright,Weak,Decaf,3.0,3.0,3.0,2.0,3.0,Coffee D,<$20,Male,Doctorate or professional degree,Employed full-time
VZ9EVv,25-34 years old,1,"At home, At the office, On the go","Bean-to-cup machine, Other","National chain (e.g. Starbucks, Dunkin), Deli or supermarket, Local cafe",Other,Medium,Floral,Somewhat light,Full caffeine,4.0,3.0,2.0,4.0,1.0,Coffee C,<$20,Female,Bachelor's degree,Employed part-time
yl0Zep,25-34 years old,2,"At home, At a cafe","Pour over, French press, Espresso, Instant coffee, Cold brew",,Cappuccino,Medium,Bright,Medium,Full caffeine,6.0,4.0,3.0,5.0,3.0,Coffee C,$40-$60,Male,Master's degree,Unemployed
7dJlza,35-44 years old,3,"At home, At the office","Pour over, Espresso",,Pourover,Nordic,Floral,Medium,Full caffeine,10.0,,,,,,,,,
XeRlQe,18-24 years old,2,"At a cafe, At home, At the office",Pour over,,Pourover,Medium,Caramalized,Somewhat strong,Full caffeine,5.0,4.0,5.0,3.0,3.0,Coffee B,,,,
WAe90j,35-44 years old,Less than 1,At home,Espresso,,Latte,Medium,Sweet,Somewhat strong,,4.0,4.0,3.0,2.0,5.0,Coffee D,,Male,Bachelor's degree,Employed full-time
dYZqdK,45-54 years old,1,At home,"Coffee brewing machine (e.g. Mr. Coffee), Pour over",,Iced coffee,Light,Full Bodied,Somewhat light,Full caffeine,1.0,4.0,5.0,2.0,3.0,Coffee B,$20-$40,Female,Some college or associate's degree,Employed full-time
Al6PLz,25-34 years old,2,"At a cafe, On the go, At home","Coffee brewing machine (e.g. Mr. Coffee), Espresso","National chain (e.g. Starbucks, Dunkin), Specialty coffee shop, Local cafe",Latte,Medium,Nutty,Medium,Full caffeine,5.0,1.0,2.0,5.0,2.0,Coffee C,$80-$100,,,
eBNZzJ,25-34 years old,1,At home,"French press, Pour over, Espresso",,Cortado,Light,Juicy,Somewhat strong,Full caffeine,8.0,2.0,3.0,3.0,5.0,Coffee D,$20-$40,Male,Doctorate or professional degree,Employed full-time
J2VKGX,25-34 years old,2,"At the office, At home, At a cafe","Pour over, Pod/capsule machine (e.g. Keurig/Nespresso)",,Latte,Light,Sweet,Somewhat strong,Full caffeine,7.0,1.0,3.0,4.0,5.0,Coffee D,$20-$40,Male,Some college or associate's degree,Employed full-time
PABaAP,25-34 years old,2,"At home, At the office","Pour over, Cold brew",,Pourover,Medium,Sweet,Medium,Full caffeine,2.0,4.0,5.0,3.0,3.0,Coffee B,$20-$40,Female,Bachelor's degree,Employed full-time
YZoDgv,45-54 years old,1,At home,"Pour over, Espresso",,Pourover,Light,Juicy,Medium,Full caffeine,5.0,4.0,2.0,2.0,3.0,Coffee A,$80-$100,Male,Bachelor's degree,Unemployed
24b8Y9,25-34 years old,2,"At the office, At home",Pour over,,Pourover,Nordic,Fruity,Medium,Full caffeine,8.0,,,,,,,,,
ZdG5yV,25-34 years old,1,"At home, At a cafe, At the office","French press, Coffee extract (e.g. Cometeer), Other",,Regular drip coffee,Medium,Full Bodied,Somewhat strong,Decaf,5.0,4.0,5.0,2.0,3.0,Coffee B,$20-$40,Male,Master's degree,Employed full-time
RzZK14,18-24 years old,2,"At the office, At a cafe, On the go",,"Specialty coffee shop, National chain (e.g. Starbucks, Dunkin)",Pourover,Light,Fruity,Medium,Full caffeine,7.0,4.0,3.0,2.0,5.0,Coffee D,,,,
LdE14p,18-24 years old,Less than 1,None of these,,,Other,Medium,Sweet,,,,2.0,4.0,1.0,3.0,Coffee B,,,,
QAx2qG,25-34 years old,1,At home,"French press, Espresso",,Americano,Light,Sweet,Medium,Full caffeine,6.0,1.0,2.0,1.0,3.0,Coffee D,$20-$40,Female,Doctorate or professional degree,Employed full-time
bl2Vy6,35-44 years old,2,At home,"Pour over, Espresso",,Espresso,Light,Bright,Medium,Full caffeine,7.0,5.0,1.0,2.0,5.0,Coffee A,$40-$60,Male,Bachelor's degree,Employed full-time
Grovo2,18-24 years old,1,At home,Instant coffee,,Americano,Light,Caramalized,Somewhat strong,Full caffeine,1.0,4.0,3.0,1.0,5.0,Coffee D,<$20,Female,Master's degree,Student
0Ebry9,25-34 years old,1,At home,Espresso,,Mocha,Medium,Nutty,Medium,Full caffeine,4.0,3.0,2.0,1.0,4.0,Coffee D,$20-$40,Male,Bachelor's degree,Unemployed
PA2jNB,25-34 years old,2,"At home, At a cafe","Espresso, French press",,Cortado,Light,Bright,Somewhat strong,Full caffeine,6.0,4.0,3.0,2.0,3.0,Coffee D,$20-$40,Non-binary,Bachelor's degree,Employed full-time
VZ9Eyj,>65 years old,1,At home,Pour over,,Pourover,Light,Chocolatey,Medium,Full caffeine,2.0,3.0,4.0,2.0,1.0,Coffee B,$40-$60,Female,Bachelor's degree,Retired
lN0DEk,18-24 years old,1,"At the office, On the go",,"National chain (e.g. Starbucks, Dunkin), Deli or supermarket, Local cafe",Latte,Light,Floral,Somewhat strong,Full caffeine,3.0,2.0,2.0,3.0,5.0,Coffee A,,,,
WAe9GJ,25-34 years old,3,"At home, At the office",Espresso,,Espresso,Medium,Full Bodied,Very strong,Full caffeine,7.0,2.0,4.0,4.0,2.0,Coffee B,$60-$80,Male,Bachelor's degree,Employed full-time
eBNZdq,45-54 years old,1,At the office,,,Latte,French,Chocolatey,Medium,Half caff,3.0,2.0,4.0,3.0,1.0,Coffee B,$80-$100,Female,Master's degree,Employed full-time
pL0xab,35-44 years old,2,"At home, At a cafe, At the office","Pod/capsule machine (e.g. Keurig/Nespresso), French press, Espresso",,Americano,Medium,Full Bodied,Somewhat strong,Full caffeine,4.0,1.0,4.0,3.0,2.0,Coffee B,,,,
BGL4r5,35-44 years old,1,"On the go, At home, At a cafe","Pour over, Pod/capsule machine (e.g. Keurig/Nespresso), Cold brew","Specialty coffee shop, National chain (e.g. Starbucks, Dunkin), Local cafe",Cold brew,Medium,Chocolatey,Medium,Full caffeine,2.0,4.0,4.0,5.0,3.0,Coffee C,$20-$40,Female,Bachelor's degree,Student
KMPQ9A,25-34 years old,3,"At home, On the go","Espresso, Coffee brewing machine (e.g. Mr. Coffee), Cold brew, French press","National chain (e.g. Starbucks, Dunkin), Local cafe, Drive-thru",Latte,Dark,Full Bodied,Somewhat strong,Full caffeine,4.0,4.0,4.0,2.0,3.0,Coffee A,$20-$40,Male,Bachelor's degree,Employed full-time
1rbP1M,18-24 years old,1,At home,"Pour over, Bean-to-cup machine",,Pourover,Dark,Bold,Somewhat strong,Full caffeine,6.0,1.0,3.0,3.0,1.0,Coffee C,<$20,Male,Some college or associate's degree,Student
6d18jo,25-34 years old,1,"At home, At a cafe","Espresso, Pour over",,Cortado,Light,Fruity,Medium,Full caffeine,8.0,,,,,,,,,
EPBkqq,25-34 years old,3,At home,"Pour over, Espresso, Coffee extract (e.g. Cometeer), Cold brew",,Espresso,Light,Bright,Medium,Full caffeine,8.0,4.0,3.0,2.0,2.0,Coffee A,>$100,Male,Master's degree,Employed full-time
MArKXl,25-34 years old,1,"At the office, At home","Pour over, Cold brew",,Mocha,Light,Chocolatey,Medium,Full caffeine,7.0,4.0,3.0,5.0,3.0,Coffee C,$40-$60,Male,Bachelor's degree,Employed full-time
24bEBg,35-44 years old,2,"At home, At a cafe","Espresso, Pour over",,Latte,Medium,Sweet,Somewhat strong,Full caffeine,6.0,5.0,3.0,3.0,2.0,Coffee A,$40-$60,Male,Master's degree,Employed full-time
yl0PXW,45-54 years old,1,At home,Pod/capsule machine (e.g. Keurig/Nespresso),,Cappuccino,Dark,Bold,Very strong,Full caffeine,1.0,2.0,4.0,3.0,1.0,Coffee B,$40-$60,Female,Bachelor's degree,Employed full-time
zK0xYg,25-34 years old,2,"At home, At the office",Pour over,,Regular drip coffee,Light,Bright,Somewhat strong,Full caffeine,6.0,4.0,4.0,3.0,4.0,Coffee D,$60-$80,Male,Master's degree,Employed full-time
RzZG44,45-54 years old,1,At home,Other,,Latte,Light,Fruity,Very strong,Decaf,5.0,5.0,3.0,2.0,5.0,Coffee D,$40-$60,Male,Bachelor's degree,Unemployed
42142r,18-24 years old,2,"At home, At a cafe","Pour over, French press",,Mocha,Light,Fruity,Medium,Full caffeine,7.0,5.0,2.0,3.0,4.0,Coffee B,$20-$40,Male,Some college or associate's degree,Student
BGLzXe,55-64 years old,3,"At home, On the go","Pour over, Espresso","National chain (e.g. Starbucks, Dunkin), Specialty coffee shop, Local cafe",Pourover,Medium,Full Bodied,Somewhat strong,Full caffeine,7.0,2.0,4.0,3.0,4.0,Coffee D,$60-$80,Male,Some college or associate's degree,Employed part-time
MAreLA,25-34 years old,2,At home,Pour over,,Pourover,Light,Fruity,Somewhat strong,Full caffeine,8.0,4.0,2.0,3.0,5.0,Coffee D,$60-$80,Female,Bachelor's degree,Employed full-time
OAjDGM,35-44 years old,1,At home,"Espresso, Other",,Espresso,Medium,Sweet,Somewhat strong,Full caffeine,7.0,3.0,4.0,4.0,5.0,Coffee D,$40-$60,Male,Bachelor's degree,Employed full-time
rl0jGl,55-64 years old,3,,Espresso,,Latte,Dark,Bold,Very strong,Full caffeine,7.0,,,,,,,,,
jB0aW4,35-44 years old,1,At home,French press,,Americano,Medium,Full Bodied,Somewhat strong,Full caffeine,5.0,3.0,4.0,3.0,2.0,Coffee D,$20-$40,Male,Bachelor's degree,Employed full-time
xd0Xy5,55-64 years old,2,,Pod/capsule machine (e.g. Keurig/Nespresso),,Latte,Italian,Bold,Somewhat strong,Full caffeine,8.0,3.0,3.0,4.0,5.0,Coffee D,,,,
dYZWjK,25-34 years old,2,"At a cafe, At home","Pour over, Espresso",,Regular drip coffee,Light,Bright,Somewhat strong,Full caffeine,9.0,4.0,3.0,4.0,3.0,Coffee A,$40-$60,Male,Master's degree,Employed full-time
pLPjdJ,25-34 years old,2,"At home, At a cafe","Espresso, Pour over",,Espresso,Light,Juicy,Medium,Full caffeine,8.0,5.0,2.0,2.0,5.0,Coffee A,$40-$60,Male,Bachelor's degree,Employed full-time
EPBkPl,35-44 years old,Less than 1,"At home, At a cafe","Pour over, French press",,Blended drink (e.g. Frappuccino),Light,Fruity,Somewhat strong,Full caffeine,6.0,3.0,2.0,1.0,5.0,Coffee D,$20-$40,Male,Some college or associate's degree,Employed full-time
0EbQbN,45-54 years old,1,"At home, At a cafe",Bean-to-cup machine,,Latte,Dark,Bold,Somewhat strong,Full caffeine,4.0,2.0,4.0,4.0,3.0,Coffee A,$20-$40,Female,Bachelor's degree,Homemaker
yl0PeB,25-34 years old,Less than 1,None of these,,,Latte,Medium,Full Bodied,Somewhat strong,Decaf,2.0,2.0,4.0,3.0,1.0,Coffee B,<$20,Female,Master's degree,Student
Grox5j,25-34 years old,,"At home, On the go, At the office","Coffee extract (e.g. Cometeer), Pod/capsule machine (e.g. Keurig/Nespresso)","Specialty coffee shop, Other",Cortado,Dark,Chocolatey,Medium,Full caffeine,3.0,2.0,5.0,3.0,5.0,Coffee D,,,,
8dJ1rA,18-24 years old,Less than 1,At a cafe,,,Mocha,Dark,Chocolatey,Somewhat strong,Full caffeine,1.0,3.0,3.0,4.0,1.0,Coffee D,<$20,Male,Some college or associate's degree,Student
4214qo,25-34 years old,1,"At home, At the office",Espresso,,Cortado,Medium,Sweet,Very strong,Full caffeine,7.0,4.0,2.0,2.0,5.0,Coffee D,$40-$60,,,
aBjQgW,25-34 years old,2,"At home, At the office, On the go","Coffee brewing machine (e.g. Mr. Coffee), Cold brew","Local cafe, Specialty coffee shop, National chain (e.g. Starbucks, Dunkin)",Americano,Light,Juicy,Very strong,Full caffeine,7.0,4.0,2.0,4.0,2.0,Coffee A,$60-$80,Male,Master's degree,Employed full-time
aBjQyy,18-24 years old,1,"At a cafe, At home","French press, Pour over, Cold brew",,Cortado,Medium,Chocolatey,Somewhat strong,Decaf,3.0,2.0,3.0,4.0,4.0,Coffee C,$40-$60,Non-binary,Bachelor's degree,Student
jB0ap9,35-44 years old,2,"At the office, At home","French press, Espresso, Other",,Pourover,Light,Fruity,Somewhat strong,Full caffeine,8.0,1.0,4.0,4.0,5.0,Coffee C,$40-$60,Male,Bachelor's degree,Employed full-time
7dJRez,35-44 years old,1,At home,"Other, Cold brew",,Other,Light,Fruity,Medium,Full caffeine,8.0,4.0,1.0,2.0,3.0,Coffee A,$40-$60,Male,Bachelor's degree,Employed full-time
BGLz71,25-34 years old,2,"At the office, At home",Pour over,,Pourover,Nordic,Fruity,Medium,Full caffeine,8.0,5.0,1.0,2.0,4.0,Coffee A,$60-$80,Male,Master's degree,
NA4p5W,25-34 years old,1,"At the office, On the go, At home","Espresso, Pour over, French press","National chain (e.g. Starbucks, Dunkin)",Cold brew,Dark,Chocolatey,Somewhat strong,Full caffeine,7.0,3.0,5.0,4.0,1.0,Coffee B,$40-$60,Male,Master's degree,Employed full-time
6d18eo,>65 years old,1,At home,Pour over,,Pourover,Medium,Chocolatey,Medium,Full caffeine,7.0,4.0,4.0,3.0,1.0,Coffee A,,Male,,Retired
lNlQkv,45-54 years old,2,At home,Coffee brewing machine (e.g. Mr. Coffee),,Cappuccino,Medium,Chocolatey,Somewhat strong,Full caffeine,5.0,3.0,4.0,1.0,4.0,Coffee B,$20-$40,Male,Master's degree,Employed full-time
8dJoAY,35-44 years old,2,"At the office, At a cafe, At home",Pour over,,Pourover,Light,Bright,Medium,Full caffeine,8.0,5.0,2.0,4.0,5.0,Coffee A,$20-$40,Male,Master's degree,Employed full-time
6d18yo,25-34 years old,Less than 1,At the office,,,Latte,Light,Bright,Medium,Full caffeine,4.0,5.0,3.0,2.0,3.0,Coffee C,<$20,Male,Bachelor's degree,Employed full-time
OAjD6g,18-24 years old,2,"At a cafe, At home","Pour over, French press, Cold brew",,Latte,Medium,Sweet,Medium,Full caffeine,2.0,4.0,,,,,,,,
dYZWer,45-54 years old,1,At home,Pour over,,Latte,Dark,Caramalized,Somewhat strong,Full caffeine,5.0,2.0,3.0,4.0,1.0,Coffee C,$20-$40,Female,Master's degree,Employed full-time
YZo58J,35-44 years old,3,"At home, At a cafe","Pour over, Espresso",,Pourover,Nordic,Bright,Somewhat strong,Full caffeine,9.0,4.0,1.0,2.0,5.0,Coffee D,>$100,Male,Doctorate or professional degree,Employed full-time
8dJ175,25-34 years old,1,At the office,,,Latte,Light,Sweet,Medium,Full caffeine,5.0,5.0,1.0,4.0,5.0,Coffee D,<$20,Female,Bachelor's degree,Employed full-time
XeRxKg,25-34 years old,1,"At the office, At home","Pour over, Espresso, Cold brew",,Iced coffee,Dark,Chocolatey,Somewhat strong,Full caffeine,7.0,2.0,4.0,5.0,1.0,Coffee C,$80-$100,Male,Bachelor's degree,Employed full-time
oA09eX,,,,,,,,,,,10.0,,,,,,,,,
rl0jRp,25-34 years old,1,At home,Pour over,,Pourover,Light,Fruity,Very strong,Full caffeine,6.0,4.0,2.0,3.0,5.0,Coffee D,$40-$60,Male,,Employed full-time
MAr1DY,>65 years old,Less than 1,At home,Pod/capsule machine (e.g. Keurig/Nespresso),,Other,Medium,Full Bodied,Medium,Full caffeine,1.0,4.0,4.0,4.0,3.0,Coffee A,<$20,Female,High school graduate,Retired
rl0DO5,45-54 years old,2,At home,Espresso,,Espresso,Medium,Chocolatey,Very strong,Full caffeine,6.0,3.0,4.0,3.0,4.0,Coffee D,$40-$60,Male,Master's degree,Employed full-time
bl2Z70,>65 years old,1,At home,Pod/capsule machine (e.g. Keurig/Nespresso),,Latte,Dark,Bold,Somewhat strong,Full caffeine,2.0,3.0,3.0,4.0,3.0,Coffee C,<$20,Male,High school graduate,Retired
QAxoJY,18-24 years old,,,,,,,,,,,,,,,,,,,
421a7B,25-34 years old,1,At home,Cold brew,,Iced coffee,Medium,Bold,Medium,Full caffeine,4.0,2.0,5.0,4.0,3.0,Coffee B,<$20,Female,Some college or associate's degree,Employed full-time
vN0XBX,25-34 years old,More than 4,At home,"French press, Coffee brewing machine (e.g. Mr. Coffee)",,Regular drip coffee,Medium,Full Bodied,Somewhat strong,Full caffeine,4.0,3.0,4.0,4.0,1.0,Coffee C,$20-$40,Male,Bachelor's degree,Employed full-time
yl0XYW,35-44 years old,1,"On the go, At a cafe, At home, At the office","Pour over, Espresso","Specialty coffee shop, National chain (e.g. Starbucks, Dunkin), Local cafe",Latte,Light,Fruity,Medium,Full caffeine,5.0,2.0,3.0,4.0,5.0,Coffee D,$20-$40,Male,Bachelor's degree,Employed full-time
NA4q0p,18-24 years old,1,At home,Pour over,,Regular drip coffee,Dark,Caramalized,Somewhat strong,Full caffeine,4.0,1.0,5.0,3.0,4.0,Coffee B,$20-$40,Male,Bachelor's degree,Employed full-time
7dJXK9,35-44 years old,3,"At home, At the office, At a cafe","Pour over, Espresso",,Pourover,Medium,Sweet,Somewhat strong,Full caffeine,6.0,5.0,2.0,4.0,3.0,Coffee A,$40-$60,Male,Doctorate or professional degree,Employed full-time
WAeJek,35-44 years old,2,"At home, At the office","Pour over, Espresso",,Pourover,Light,Bright,Medium,Full caffeine,7.0,4.0,3.0,3.0,5.0,Coffee D,>$100,Male,Bachelor's degree,Employed full-time
Al6rdo,35-44 years old,1,At the office,,,Cortado,Medium,Fruity,Somewhat strong,Full caffeine,4.0,4.0,3.0,2.0,4.0,Coffee D,$20-$40,Male,Bachelor's degree,Employed full-time
rl0DvN,35-44 years old,1,At home,,,Espresso,Dark,Full Bodied,Very strong,Decaf,6.0,,,,,,,,,
yl0Xdg,35-44 years old,2,"At home, At the office","Espresso, Pour over",,Cappuccino,Light,Full Bodied,Somewhat strong,Full caffeine,7.0,3.0,3.0,5.0,2.0,Coffee C,$40-$60,Male,Master's degree,Employed full-time
KMPpk8,18-24 years old,Less than 1,At a cafe,,,Cortado,Dark,Chocolatey,Somewhat strong,Full caffeine,2.0,1.0,3.0,2.0,2.0,Coffee B,<$20,Male,Bachelor's degree,Employed full-time
rl0DJN,25-34 years old,Less than 1,"At home, At a cafe",Other,,Cortado,Light,Fruity,Somewhat strong,Full caffeine,4.0,4.0,3.0,3.0,5.0,Coffee D,<$20,Male,Master's degree,Employed full-time
6d1DWJ,25-34 years old,Less than 1,At a cafe,,,Pourover,Light,Full Bodied,Medium,Full caffeine,6.0,3.0,4.0,4.0,3.0,Coffee B,<$20,Male,Some college or associate's degree,Employed part-time
zK0EJk,18-24 years old,1,"At home, At the office","Espresso, French press, Coffee brewing machine (e.g. Mr. Coffee)",,Other,Dark,Chocolatey,Somewhat strong,Half caff,7.0,3.0,4.0,5.0,4.0,Coffee C,<$20,Female,High school graduate,Employed full-time
8dJNGr,35-44 years old,2,At home,"Pour over, Espresso",,Pourover,Nordic,Bold,Very strong,Full caffeine,8.0,3.0,3.0,5.0,4.0,Coffee C,>$100,Male,Bachelor's degree,Employed full-time
XeR5zg,35-44 years old,1,At home,Espresso,,Latte,Medium,Chocolatey,Medium,Full caffeine,7.0,1.0,4.0,5.0,2.0,Coffee C,$20-$40,Male,Bachelor's degree,Employed full-time
bl25aZ,25-34 years old,2,"At a cafe, At home","Pour over, Espresso",,Pourover,Nordic,Fruity,Medium,Full caffeine,8.0,5.0,4.0,1.0,5.0,Coffee A,$40-$60,Male,Doctorate or professional degree,Employed full-time
VZ9pXE,,,"At a cafe, At home",Pour over,,Espresso,,,,,,,,,,,,,,
DVXqPb,55-64 years old,3,At home,Pod/capsule machine (e.g. Keurig/Nespresso),,Cold brew,Dark,Full Bodied,Very strong,Full caffeine,4.0,2.0,4.0,1.0,5.0,Coffee D,,,,
xd0Vgo,18-24 years old,3,"At the office, At home",Espresso,,Latte,Medium,Chocolatey,Very strong,Full caffeine,5.0,2.0,4.0,3.0,3.0,Coffee B,$60-$80,Male,Bachelor's degree,Employed full-time
9d6NaY,55-64 years old,3,"At home, At the office, At a cafe","Pour over, Espresso, Cold brew, Coffee brewing machine (e.g. Mr. Coffee)",,Cortado,Medium,Bold,Very strong,Full caffeine,8.0,2.0,1.0,4.0,5.0,Coffee D,$20-$40,Female,Some college or associate's degree,Employed full-time
g5QbLJ,>65 years old,2,At home,"Pour over, French press, Espresso, Coffee brewing machine (e.g. Mr. Coffee)",,Other,Medium,Chocolatey,,Full caffeine,7.0,3.0,4.0,4.0,3.0,Coffee B,$20-$40,Male,Doctorate or professional degree,Retired
OAjQg8,25-34 years old,1,At home,Pour over,,Cortado,Light,Bright,Medium,Full caffeine,6.0,3.0,3.0,5.0,4.0,Coffee C,$20-$40,Prefer not to say,,
PA2RWQ,45-54 years old,1,At home,Espresso,,Cappuccino,Medium,Full Bodied,Medium,Full caffeine,3.0,2.0,3.0,3.0,4.0,Coffee D,$40-$60,Male,Master's degree,Employed full-time
PA2RLd,45-54 years old,2,At home,"Pour over, Cold brew",,Pourover,Light,Chocolatey,Somewhat light,Half caff,4.0,2.0,4.0,3.0,1.0,Coffee B,<$20,Female,Bachelor's degree,Employed full-time
qbY58k,35-44 years old,2,At home,Espresso,,Cappuccino,Medium,Nutty,Somewhat strong,Full caffeine,8.0,2.0,3.0,4.0,4.0,Coffee C,$60-$80,Male,Less than high school,Employed full-time
J2V17r,35-44 years old,4,"At home, At the office, At a cafe","Pour over, Pod/capsule machine (e.g. Keurig/Nespresso)",,Cortado,Light,Sweet,Somewhat strong,Full caffeine,8.0,,,,,,,,,
LdEDeJ,45-54 years old,1,At home,Espresso,,Cappuccino,Medium,Nutty,Somewhat light,Full caffeine,4.0,2.0,2.0,4.0,3.0,Coffee C,$40-$60,Female,Master's degree,Student
g5QbEJ,35-44 years old,2,"At a cafe, At home",Pour over,,Regular drip coffee,Medium,Full Bodied,Medium,Full caffeine,7.0,2.0,3.0,4.0,1.0,Coffee D,$40-$60,Female,Bachelor's degree,Employed full-time
xd0VLG,25-34 years old,2,At home,Pour over,,Cortado,Light,Fruity,Somewhat strong,Full caffeine,6.0,5.0,4.0,1.0,4.0,Coffee A,$20-$40,Male,Bachelor's degree,Employed full-time
RzZWAQ,25-34 years old,1,"At home, At a cafe","Espresso, Pour over",,Espresso,Medium,Juicy,Medium,Full caffeine,8.0,3.0,2.0,4.0,4.0,Coffee D,$80-$100,Male,Bachelor's degree,Employed full-time
kY0bMr,25-34 years old,2,"At a cafe, At home","Pour over, Espresso",,Regular drip coffee,Medium,Sweet,Medium,Full caffeine,9.0,4.0,1.0,4.0,5.0,Coffee C,$20-$40,Male,Some college or associate's degree,Employed part-time
YZojoW,55-64 years old,3,At home,"Pod/capsule machine (e.g. Keurig/Nespresso), Pour over, French press",,Regular drip coffee,Dark,Bold,Very strong,Full caffeine,5.0,2.0,1.0,2.0,1.0,Coffee A,$20-$40,Male,High school graduate,Employed full-time
6d1L8J,45-54 years old,1,At home,Espresso,,Cappuccino,Medium,Sweet,Medium,Full caffeine,2.0,1.0,1.0,3.0,2.0,Coffee C,,,,
0EbV9P,55-64 years old,2,"At home, At the office, At a cafe, On the go","Pour over, Espresso, Coffee brewing machine (e.g. Mr. Coffee), Pod/capsule machine (e.g. Keurig/Nespresso)","National chain (e.g. Starbucks, Dunkin), Specialty coffee shop, Local cafe, Drive-thru",Cappuccino,Light,Fruity,Medium,Full caffeine,7.0,3.0,2.0,3.0,1.0,Coffee C,$20-$40,Male,Some college or associate's degree,Employed full-time
oA09Xb,25-34 years old,1,At home,"Pour over, French press, Espresso",,Latte,Light,Fruity,Somewhat strong,Full caffeine,3.0,3.0,4.0,2.0,5.0,Coffee D,$40-$60,Female,Bachelor's degree,Employed part-time
MArXNp,35-44 years old,2,"At home, At the office, On the go, At a cafe","Pour over, French press, Cold brew, Other","Specialty coffee shop, Local cafe",Other,Medium,Floral,Somewhat strong,Half caff,7.0,,,,,,,,,
bl2ZB1,45-54 years old,3,"On the go, At home","Cold brew, Coffee brewing machine (e.g. Mr. Coffee)","National chain (e.g. Starbucks, Dunkin)",Americano,Medium,Caramalized,Very strong,Full caffeine,4.0,4.0,5.0,3.0,2.0,Coffee B,$80-$100,Female,Bachelor's degree,Retired
jB0ZZa,25-34 years old,2,At home,"Pour over, Other, Coffee brewing machine (e.g. Mr. Coffee)",,Regular drip coffee,Dark,Full Bodied,Very strong,Full caffeine,7.0,2.0,4.0,5.0,1.0,Coffee C,$20-$40,Male,Bachelor's degree,Employed full-time
dYZENo,35-44 years old,2,At the office,,,Blended drink (e.g. Frappuccino),Medium,Chocolatey,Somewhat strong,Full caffeine,4.0,4.0,2.0,2.0,1.0,Coffee B,$40-$60,Female,,
7dJqKP,45-54 years old,1,At home,Espresso,,Cappuccino,Medium,Fruity,Medium,Full caffeine,2.0,2.0,4.0,3.0,2.0,Coffee B,,,,
aBj94v,25-34 years old,2,"At home, On the go","Other, Pour over",Local cafe,Regular drip coffee,Light,Juicy,Somewhat strong,Full caffeine,6.0,4.0,1.0,5.0,3.0,Coffee C,$20-$40,Male,Bachelor's degree,Employed part-time
pL0ryq,35-44 years old,1,At the office,,,Other,Light,Fruity,Somewhat strong,Full caffeine,8.0,5.0,3.0,4.0,5.0,Coffee D,$40-$60,Male,Doctorate or professional degree,Student
qbYLA2,25-34 years old,1,At home,"Pour over, French press, Espresso",,Cappuccino,Light,Fruity,Very strong,Full caffeine,3.0,2.0,4.0,3.0,5.0,Coffee D,$40-$60,Male,Bachelor's degree,Employed full-time
24bX4p,25-34 years old,1,At home,Coffee brewing machine (e.g. Mr. Coffee),,Regular drip coffee,Medium,Bright,Medium,Full caffeine,3.0,3.0,3.0,4.0,1.0,Coffee C,<$20,Female,Bachelor's degree,Employed full-time
oA0E9P,45-54 years old,2,"At home, At a cafe","Pod/capsule machine (e.g. Keurig/Nespresso), Pour over",,Pourover,Dark,Chocolatey,Very strong,Full caffeine,7.0,3.0,4.0,5.0,1.0,Coffee C,$40-$60,Female,Bachelor's degree,Employed full-time
PA2pOb,25-34 years old,1,"At home, At the office","French press, Espresso, Cold brew",,Iced coffee,Medium,Chocolatey,Medium,Full caffeine,3.0,4.0,2.0,3.0,2.0,Coffee A,$40-$60,Female,Master's degree,Employed full-time
eBNMEE,35-44 years old,3,At home,"Pour over, Coffee brewing machine (e.g. Mr. Coffee), Coffee extract (e.g. Cometeer)",,Latte,Light,Fruity,Somewhat strong,Full caffeine,8.0,4.0,5.0,2.0,4.0,Coffee C,$60-$80,Male,Bachelor's degree,Employed full-time
XeRLLg,18-24 years old,2,"At home, At a cafe","Pour over, Cold brew, Other",,Cortado,Dark,Full Bodied,Somewhat strong,Full caffeine,4.0,1.0,4.0,5.0,4.0,Coffee B,$20-$40,Male,Some college or associate's degree,Student
yl0Mjd,18-24 years old,Less than 1,At home,"Pour over, Pod/capsule machine (e.g. Keurig/Nespresso)",,Pourover,Dark,Bold,Very strong,Full caffeine,2.0,2.0,4.0,2.0,1.0,Coffee B,<$20,Male,High school graduate,Employed full-time
NA4rNQ,25-34 years old,2,At home,Pour over,,Pourover,Light,Fruity,Medium,,5.0,,,,,,,,,
1rbXOl,45-54 years old,3,"At home, At the office","Pour over, Espresso",,Cortado,Light,Full Bodied,Somewhat strong,Full caffeine,7.0,1.0,3.0,4.0,2.0,Coffee C,$80-$100,Male,High school graduate,Employed full-time
Al6zN0,18-24 years old,2,At home,"Pour over, Espresso",,Pourover,Medium,Fruity,Very strong,Full caffeine,7.0,5.0,2.0,4.0,4.0,Coffee A,$20-$40,Male,Bachelor's degree,Student
24bXgj,55-64 years old,2,"At the office, At home",Pour over,,Cortado,Medium,Fruity,Medium,Half caff,6.0,3.0,3.0,2.0,2.0,Coffee A,$20-$40,Male,Bachelor's degree,Employed part-time
EPBK7o,25-34 years old,2,"At home, At a cafe","Pour over, French press, Coffee extract (e.g. Cometeer), Cold brew",,Pourover,Light,Fruity,Somewhat strong,,7.0,,,,,,,,,
YZoPDW,18-24 years old,Less than 1,"At a cafe, At the office, At home","Espresso, Other",,Cortado,Medium,Bright,Somewhat strong,Full caffeine,1.0,1.0,2.0,3.0,4.0,Coffee D,$20-$40,Male,Bachelor's degree,Employed full-time
lN0BYo,35-44 years old,2,"At home, On the go, At a cafe","Pour over, Cold brew, French press","Local cafe, Specialty coffee shop",Pourover,Light,Fruity,Somewhat light,Full caffeine,6.0,4.0,2.0,1.0,4.0,Coffee A,$40-$60,Male,Some college or associate's degree,
yl0Mgx,25-34 years old,3,"At the office, At home","French press, Pour over, Other",,Pourover,Light,Nutty,Medium,Full caffeine,6.0,2.0,5.0,2.0,5.0,Coffee B,$40-$60,Female,Bachelor's degree,Employed full-time
dYZEVo,<18 years old,Less than 1,"On the go, At a cafe, At home","Pod/capsule machine (e.g. Keurig/Nespresso), Pour over","Local cafe, Specialty coffee shop",Latte,Dark,Chocolatey,Somewhat strong,Full caffeine,4.0,1.0,3.0,4.0,1.0,Coffee C,<$20,Female,Less than high school,Employed part-time
EPBKpL,25-34 years old,2,"At home, At a cafe, At the office",Pour over,,Cappuccino,Light,Fruity,Medium,Full caffeine,7.0,2.0,4.0,3.0,4.0,Coffee D,,,,
jB0Z4E,35-44 years old,2,"At home, At the office",Espresso,,Cappuccino,Italian,Full Bodied,Medium,Full caffeine,4.0,4.0,3.0,2.0,5.0,Coffee C,<$20,Male,Doctorate or professional degree,Employed full-time
Al6zgW,25-34 years old,1,At home,"Pour over, Espresso",,Americano,Light,Fruity,Medium,Full caffeine,9.0,4.0,1.0,2.0,5.0,Coffee D,$60-$80,Male,Bachelor's degree,Employed full-time
9d6BKG,45-54 years old,Less than 1,At home,Pour over,,Iced coffee,Light,Sweet,Weak,Full caffeine,1.0,1.0,1.0,4.0,3.0,Coffee D,<$20,Female,High school graduate,Employed part-time
vN0rj4,25-34 years old,2,"At home, At the office","Pod/capsule machine (e.g. Keurig/Nespresso), Cold brew, French press, Coffee brewing machine (e.g. Mr. Coffee)",,Cappuccino,Medium,Full Bodied,Medium,Full caffeine,5.0,1.0,3.0,4.0,2.0,Coffee C,$40-$60,Female,Doctorate or professional degree,Employed full-time
LdEZRv,25-34 years old,2,At home,"Pour over, Espresso",,Espresso,Light,Floral,Somewhat strong,Full caffeine,8.0,4.0,2.0,1.0,5.0,Coffee D,$20-$40,Male,Doctorate or professional degree,Employed full-time
RzZxOP,25-34 years old,3,At home,"Pour over, French press, Coffee brewing machine (e.g. Mr. Coffee), Other",,Cappuccino,Medium,Caramalized,Medium,Full caffeine,7.0,4.0,4.0,5.0,2.0,Coffee B,<$20,Male,Bachelor's degree,Employed full-time
dYZELD,<18 years old,Less than 1,At home,Pod/capsule machine (e.g. Keurig/Nespresso),,Blended drink (e.g. Frappuccino),Medium,Sweet,Somewhat light,Full caffeine,1.0,1.0,2.0,1.0,1.0,Coffee B,<$20,Male,Less than high school,Student
oA0D9b,35-44 years old,2,"At home, At a cafe, At the office",French press,,Espresso,Light,Fruity,Medium,Full caffeine,7.0,5.0,3.0,2.0,5.0,Coffee A,$60-$80,Male,Bachelor's degree,Employed full-time
DVXKql,45-54 years old,2,At home,"Pour over, French press, Pod/capsule machine (e.g. Keurig/Nespresso)",,Pourover,Medium,Fruity,Somewhat strong,Full caffeine,2.0,3.0,2.0,3.0,4.0,Coffee D,$40-$60,Male,Bachelor's degree,Employed full-time
MArXjX,35-44 years old,2,At home,"Espresso, Pour over",,Latte,Medium,Chocolatey,Medium,Full caffeine,6.0,3.0,4.0,2.0,4.0,Coffee D,$80-$100,Female,Master's degree,Employed full-time
7dJbL0,25-34 years old,1,"At the office, At home, At a cafe","Pour over, French press, Espresso",,Mocha,Dark,Chocolatey,Medium,Full caffeine,6.0,2.0,5.0,4.0,2.0,Coffee B,$40-$60,Female,Bachelor's degree,Employed full-time
OAjlzR,25-34 years old,Less than 1,At home,Pour over,,Latte,Medium,Nutty,Medium,Full caffeine,4.0,2.0,3.0,4.0,2.0,Coffee C,<$20,Female,Doctorate or professional degree,Employed full-time
0Eb7MN,18-24 years old,2,At home,Other,,Cappuccino,Medium,Full Bodied,Medium,Full caffeine,8.0,3.0,2.0,3.0,4.0,Coffee D,$40-$60,Male,Master's degree,Employed full-time
qbYaBY,45-54 years old,1,At home,Pour over,,Pourover,Light,Bright,Medium,Full caffeine,6.0,3.0,2.0,4.0,5.0,Coffee D,$40-$60,Male,Master's degree,Employed full-time
aBjeBv,25-34 years old,1,At the office,,,Regular drip coffee,Medium,Fruity,Medium,Full caffeine,7.0,3.0,2.0,4.0,3.0,Coffee C,$20-$40,Male,Bachelor's degree,Employed full-time
RzZd4d,35-44 years old,1,At home,Pour over,,Cortado,Light,Bold,Somewhat strong,Full caffeine,8.0,4.0,2.0,3.0,5.0,Coffee D,$20-$40,Male,Some college or associate's degree,Unemployed
yl0Nx4,55-64 years old,2,At home,Coffee brewing machine (e.g. Mr. Coffee),,Americano,Medium,Full Bodied,Medium,Half caff,1.0,1.0,5.0,2.0,1.0,Coffee B,$20-$40,Female,Master's degree,Retired
VZ9j8J,35-44 years old,1,"At home, At a cafe","Pour over, French press, Other",,Mocha,Light,Sweet,Somewhat strong,Full caffeine,8.0,3.0,4.0,1.0,5.0,Coffee D,$40-$60,Male,Bachelor's degree,Employed full-time
XeRrBO,55-64 years old,1,At the office,,,Regular drip coffee,Medium,Bold,Medium,Full caffeine,5.0,2.0,3.0,1.0,4.0,Coffee D,<$20,Male,Some college or associate's degree,Employed full-time
ZdG8b0,25-34 years old,4,At home,"Espresso, Pour over",,Latte,Medium,Chocolatey,Somewhat strong,Full caffeine,8.0,2.0,5.0,3.0,4.0,Coffee B,>$100,Male,Bachelor's degree,Employed full-time
XeRrOd,35-44 years old,2,"At home, At the office",Espresso,,Espresso,Light,Chocolatey,Medium,Full caffeine,7.0,5.0,2.0,4.0,3.0,Coffee A,$60-$80,Male,Doctorate or professional degree,Employed full-time
6d1eA5,35-44 years old,1,"At the office, At home",French press,,Mocha,Dark,Chocolatey,Medium,Full caffeine,7.0,3.0,2.0,2.0,1.0,Coffee A,<$20,Female,Master's degree,Employed full-time
24bBlb,35-44 years old,1,"At home, On the go, At the office","Pour over, French press, Instant coffee, Cold brew","Other, Specialty coffee shop",Pourover,Medium,Caramalized,Somewhat strong,Decaf,7.0,5.0,1.0,3.0,4.0,Coffee A,,,,
kY09zd,>65 years old,3,"At the office, At home","Coffee brewing machine (e.g. Mr. Coffee), Pour over",,Pourover,Medium,Nutty,Medium,Full caffeine,5.0,4.0,3.0,2.0,2.0,Coffee A,$20-$40,Male,Master's degree,Employed full-time
9d6XPV,,,,,,,Light,,Somewhat strong,,,,,,,,,,,
6d1epo,35-44 years old,2,"At the office, At a cafe, On the go, At home",Espresso,Local cafe,Latte,Medium,Fruity,Somewhat strong,Full caffeine,5.0,2.0,3.0,4.0,3.0,Coffee C,$80-$100,Male,Master's degree,Employed full-time
zK0NRM,25-34 years old,2,"At home, At the office","Pour over, Other",,Latte,Light,Fruity,Somewhat strong,,,3.0,4.0,,,,,,,
bl29y1,35-44 years old,1,"At the office, At home, At a cafe",Espresso,,Mocha,Medium,Chocolatey,Medium,Full caffeine,1.0,1.0,4.0,1.0,5.0,Coffee D,>$100,Female,Doctorate or professional degree,Employed full-time
lN0qY6,35-44 years old,3,At home,"Pour over, Espresso",,Espresso,Dark,Bold,Medium,Full caffeine,5.0,3.0,4.0,3.0,4.0,Coffee B,$20-$40,Male,Some college or associate's degree,Employed full-time
RzZd2Q,35-44 years old,2,"At home, At the office",Pour over,,Cortado,Light,Fruity,Medium,Full caffeine,5.0,4.0,2.0,3.0,4.0,Coffee A,$20-$40,Male,Doctorate or professional degree,Employed full-time
eBND8k,35-44 years old,Less than 1,At home,Pod/capsule machine (e.g. Keurig/Nespresso),,Cappuccino,Dark,Full Bodied,Somewhat strong,Full caffeine,1.0,4.0,4.0,2.0,3.0,Coffee A,$20-$40,Female,Master's degree,Unemployed
lN0BDN,35-44 years old,1,"At home, At a cafe",Pour over,,Cortado,Light,Fruity,Medium,Full caffeine,8.0,2.0,2.0,1.0,5.0,Coffee D,$40-$60,Prefer not to say,Bachelor's degree,Employed full-time
24bXyj,25-34 years old,1,"At home, At the office, On the go",Other,"National chain (e.g. Starbucks, Dunkin), Local cafe",Cortado,Light,Sweet,Somewhat strong,Full caffeine,5.0,4.0,2.0,4.0,5.0,Coffee D,$40-$60,Male,Bachelor's degree,Employed full-time
RzZdlK,45-54 years old,2,At home,Pour over,,Pourover,Light,Fruity,Medium,Full caffeine,7.0,3.0,2.0,2.0,5.0,Coffee D,$60-$80,Male,Bachelor's degree,
YZoR15,25-34 years old,2,"At the office, At home",Pour over,,Pourover,Light,Fruity,Somewhat strong,Full caffeine,7.0,3.0,4.0,2.0,5.0,Coffee D,$40-$60,Male,Bachelor's degree,Employed full-time
g5QeBd,55-64 years old,Less than 1,At home,Pour over,,Other,Light,Sweet,Weak,Decaf,1.0,2.0,3.0,4.0,1.0,Coffee C,<$20,Prefer not to say,Some college or associate's degree,Retired
kY09M6,35-44 years old,3,"At home, On the go, At the office","Pour over, French press, Espresso, Other",Other,Espresso,Light,Fruity,Very strong,Full caffeine,5.0,4.0,5.0,3.0,5.0,Coffee D,$20-$40,Male,Master's degree,Employed full-time
XeRJxV,35-44 years old,3,"At home, At a cafe, On the go, At the office","Pour over, Coffee brewing machine (e.g. Mr. Coffee)",Specialty coffee shop,Regular drip coffee,Light,Bright,Medium,Full caffeine,6.0,5.0,3.0,2.0,4.0,Coffee A,$40-$60,Male,Doctorate or professional degree,Employed full-time
EPBddA,35-44 years old,2,"At the office, At home",Other,,Latte,Medium,Nutty,Somewhat strong,Full caffeine,6.0,1.0,5.0,4.0,2.0,Coffee B,<$20,Male,Some college or associate's degree,Employed full-time
kY0eNZ,25-34 years old,3,At home,Pour over,,Pourover,Light,Floral,Medium,Full caffeine,8.0,4.0,2.0,3.0,5.0,Coffee D,$40-$60,Male,Doctorate or professional degree,Employed full-time
VZ9QGl,25-34 years old,2,"At the office, At home",Pod/capsule machine (e.g. Keurig/Nespresso),,Latte,Dark,Chocolatey,Medium,Full caffeine,4.0,2.0,1.0,4.0,1.0,Coffee C,$40-$60,Female,Bachelor's degree,Employed full-time
vN0eAl,25-34 years old,3,"At the office, At a cafe, At home",Pour over,,Pourover,Light,Fruity,Somewhat strong,Full caffeine,9.0,3.0,1.0,1.0,5.0,Coffee D,$80-$100,Male,Bachelor's degree,Employed full-time
EPBdQl,25-34 years old,2,"At home, At the office","Cold brew, Other",,Other,Light,Chocolatey,Somewhat strong,Full caffeine,6.0,4.0,2.0,3.0,1.0,Coffee A,$20-$40,Female,Some college or associate's degree,Employed full-time
1rbd4b,25-34 years old,2,At home,"Pour over, Other",,Cortado,Medium,Full Bodied,Somewhat strong,Full caffeine,6.0,4.0,3.0,3.0,2.0,Coffee A,,,,
DVXkeZ,25-34 years old,1,At the office,,,Regular drip coffee,Medium,Juicy,Somewhat strong,Full caffeine,4.0,3.0,2.0,1.0,5.0,Coffee D,,Male,Bachelor's degree,Employed full-time
RzZM8d,25-34 years old,1,"At a cafe, At home","Pour over, Espresso",,Cortado,Light,Fruity,Somewhat strong,Full caffeine,8.0,4.0,2.0,3.0,5.0,Coffee D,$20-$40,Male,Bachelor's degree,Employed full-time
QAxe0G,25-34 years old,1,At home,"French press, Coffee brewing machine (e.g. Mr. Coffee)",,Latte,Medium,Full Bodied,Somewhat strong,Half caff,3.0,3.0,4.0,2.0,1.0,Coffee B,<$20,Female,Bachelor's degree,Homemaker
RzZMvJ,55-64 years old,3,At home,Coffee brewing machine (e.g. Mr. Coffee),,Regular drip coffee,Light,Full Bodied,Medium,Half caff,6.0,2.0,3.0,4.0,1.0,Coffee C,$20-$40,Male,High school graduate,Employed full-time
8dJapO,35-44 years old,2,"At the office, At home","Other, Pour over",,Other,Light,Fruity,Somewhat strong,Full caffeine,7.0,4.0,1.0,3.0,5.0,Coffee D,$60-$80,Male,Doctorate or professional degree,
dYZaZq,35-44 years old,1,At home,"Pour over, Espresso",,Pourover,Dark,Caramalized,Medium,Full caffeine,5.0,3.0,4.0,4.0,3.0,Coffee B,$20-$40,Female,Master's degree,Homemaker
pL0y5E,25-34 years old,1,At home,"Pour over, Espresso",,Latte,Light,Bright,Medium,Full caffeine,7.0,3.0,4.0,3.0,5.0,Coffee D,$20-$40,Male,Bachelor's degree,Employed full-time
8dJa6x,25-34 years old,2,"At home, At a cafe","Pour over, Espresso",,Cortado,Medium,Chocolatey,Somewhat strong,Full caffeine,8.0,1.0,3.0,4.0,4.0,Coffee D,$40-$60,Male,Some college or associate's degree,Employed full-time
7dJLP9,25-34 years old,3,"At home, At the office","Pour over, Espresso, Coffee extract (e.g. Cometeer), French press",,Pourover,Light,Fruity,Somewhat strong,Full caffeine,4.0,4.0,3.0,2.0,5.0,Coffee D,>$100,Male,Bachelor's degree,Employed full-time
DVXkPX,25-34 years old,4,"At home, At the office, On the go, At a cafe",Espresso,Local cafe,Cappuccino,Medium,Floral,Somewhat strong,Full caffeine,7.0,2.0,3.0,2.0,4.0,Coffee D,$40-$60,Male,Master's degree,Employed full-time
ZdGEWv,45-54 years old,Less than 1,At home,Bean-to-cup machine,,Mocha,Light,Chocolatey,Somewhat light,Half caff,1.0,2.0,1.0,5.0,4.0,Coffee C,<$20,Female,Bachelor's degree,Employed part-time
6d1jYN,25-34 years old,1,At home,Coffee brewing machine (e.g. Mr. Coffee),,Americano,Medium,Full Bodied,Somewhat strong,Full caffeine,2.0,2.0,3.0,4.0,2.0,Coffee C,<$20,Male,High school graduate,Employed full-time
EPBde2,35-44 years old,2,At home,"Espresso, Pour over, Coffee extract (e.g. Cometeer), Other",,Espresso,Light,Fruity,Somewhat strong,Full caffeine,7.0,4.0,3.0,3.0,5.0,Coffee D,$60-$80,Male,Some college or associate's degree,Employed full-time
WAeEMN,18-24 years old,2,"At home, At the office","Espresso, Cold brew",,Latte,Light,Nutty,Medium,Full caffeine,7.0,4.0,3.0,5.0,2.0,Coffee A,$20-$40,Male,Some college or associate's degree,Employed full-time
PA21Nx,25-34 years old,1,At home,Espresso,,Latte,Light,Bright,Medium,Full caffeine,3.0,2.0,3.0,2.0,5.0,Coffee D,<$20,Female,Bachelor's degree,Employed full-time
jB06VJ,25-34 years old,2,"At a cafe, At home, At the office","Pour over, Other",,Pourover,Medium,Nutty,Somewhat strong,Full caffeine,5.0,4.0,3.0,2.0,3.0,Coffee A,$20-$40,Male,Master's degree,Employed full-time
OAj46g,45-54 years old,2,At home,Other,,Pourover,Light,Full Bodied,Somewhat strong,Full caffeine,7.0,4.0,4.0,5.0,2.0,Coffee C,$40-$60,Male,Bachelor's degree,Employed full-time
VZ9Qvv,25-34 years old,1,"At home, At the office",Pour over,,Pourover,Medium,Fruity,Somewhat strong,Full caffeine,6.0,4.0,3.0,2.0,5.0,Coffee D,,Male,Bachelor's degree,Employed full-time
KMP57A,25-34 years old,2,At home,"Cold brew, Espresso, French press",,Americano,Medium,Full Bodied,Very strong,Full caffeine,8.0,4.0,3.0,4.0,2.0,Coffee C,$60-$80,Male,Bachelor's degree,Employed full-time
oA0RGM,35-44 years old,2,"At home, At the office, On the go, At a cafe",Pour over,Specialty coffee shop,Pourover,Light,Full Bodied,Medium,Full caffeine,7.0,,,,,,,,,
42178d,25-34 years old,1,"At home, At a cafe, At the office",French press,,Latte,Light,Fruity,Medium,,6.0,4.0,,,,,,,,
bl2j0g,18-24 years old,Less than 1,"At home, On the go",Instant coffee,Deli or supermarket,Blended drink (e.g. Frappuccino),Medium,Chocolatey,Somewhat strong,Full caffeine,1.0,1.0,4.0,3.0,2.0,Coffee B,<$20,Female,Bachelor's degree,Unemployed
PA29Rb,<18 years old,Less than 1,"At home, On the go, At a cafe","Pour over, French press",Specialty coffee shop,Latte,Light,Bright,Medium,Full caffeine,3.0,4.0,3.0,3.0,2.0,Coffee A,<$20,Female,Less than high school,Student
KMPxY7,25-34 years old,3,"At home, At the office","Pour over, French press, Cold brew, Other",,Latte,Light,Fruity,Medium,Full caffeine,8.0,3.0,3.0,3.0,4.0,Coffee D,$40-$60,Male,Master's degree,Student
9d6ZDK,25-34 years old,1,At home,Pour over,,Regular drip coffee,Light,Bright,Medium,Half caff,6.0,5.0,2.0,3.0,5.0,Coffee D,$20-$40,Non-binary,Bachelor's degree,Employed full-time
aBj4EZ,55-64 years old,4,At home,French press,,Americano,French,Full Bodied,Somewhat strong,Full caffeine,5.0,3.0,2.0,4.0,1.0,Coffee C,,,,
zK0M20,35-44 years old,1,"At home, At the office","Pour over, Pod/capsule machine (e.g. Keurig/Nespresso), Coffee extract (e.g. Cometeer), Cold brew, French press",,Blended drink (e.g. Frappuccino),Blonde,Sweet,Medium,Full caffeine,5.0,2.0,4.0,2.0,3.0,Coffee B,$20-$40,Male,Bachelor's degree,Employed full-time
MAra58,25-34 years old,2,"At home, On the go, At a cafe",Pour over,"Deli or supermarket, Specialty coffee shop, Local cafe",Cappuccino,Medium,Chocolatey,Somewhat strong,Full caffeine,3.0,3.0,5.0,4.0,1.0,Coffee B,$60-$80,Female,High school graduate,Employed part-time
jB0ovx,25-34 years old,3,"At home, At the office, On the go","French press, Pour over, Instant coffee",Local cafe,Latte,Medium,Chocolatey,Somewhat strong,Full caffeine,4.0,2.0,3.0,4.0,3.0,Coffee C,>$100,Female,Master's degree,Employed full-time
dYZ08o,25-34 years old,Less than 1,At a cafe,,,Latte,Light,Nutty,Weak,Decaf,1.0,1.0,1.0,1.0,2.0,Coffee D,<$20,Female,Master's degree,Employed full-time
PA29Pb,25-34 years old,1,At home,"French press, Coffee brewing machine (e.g. Mr. Coffee)",,Americano,Dark,Full Bodied,Somewhat strong,Full caffeine,6.0,4.0,3.0,5.0,2.0,Coffee C,$20-$40,Male,,Employed full-time
xd0Dlr,25-34 years old,Less than 1,At home,Other,,Iced coffee,Medium,Fruity,Somewhat strong,Full caffeine,6.0,3.0,3.0,2.0,4.0,Coffee D,<$20,Male,Bachelor's degree,Employed full-time
J2VlWo,35-44 years old,4,"At the office, At home",Coffee brewing machine (e.g. Mr. Coffee),,Pourover,Light,Floral,Somewhat strong,Full caffeine,6.0,4.0,2.0,3.0,5.0,Coffee D,$40-$60,Male,Doctorate or professional degree,Employed full-time
dYZ0pA,25-34 years old,1,At home,Espresso,,Latte,Medium,Full Bodied,Medium,Full caffeine,3.0,3.0,5.0,2.0,4.0,Coffee B,$20-$40,Female,Bachelor's degree,Unemployed
aBj40Z,45-54 years old,3,At home,Other,,Other,Dark,Nutty,Somewhat strong,Full caffeine,5.0,1.0,4.0,5.0,1.0,Coffee C,$20-$40,Male,Some college or associate's degree,Employed full-time
7dJKYz,25-34 years old,2,At home,"Cold brew, Pour over, Other",,Iced coffee,Light,Fruity,Somewhat strong,Full caffeine,6.0,4.0,3.0,1.0,5.0,Coffee D,$40-$60,Male,Master's degree,Employed full-time
MAraqY,>65 years old,3,At home,"Coffee brewing machine (e.g. Mr. Coffee), Pour over, Espresso",,Pourover,Light,Bright,Somewhat strong,Full caffeine,7.0,3.0,3.0,4.0,2.0,Coffee C,$20-$40,Male,Doctorate or professional degree,Retired
WAeRaL,25-34 years old,1,At home,Espresso,,Latte,Medium,Full Bodied,Somewhat strong,Full caffeine,5.0,4.0,4.0,4.0,4.0,Coffee C,$20-$40,Female,Bachelor's degree,Unemployed
XeRoaz,25-34 years old,1,At home,Espresso,,Latte,Dark,Bright,Very strong,Full caffeine,4.0,3.0,4.0,1.0,3.0,Coffee B,$20-$40,Male,Bachelor's degree,Employed full-time
VZ9Pya,25-34 years old,2,At home,Espresso,,Latte,Light,Fruity,Very strong,Full caffeine,5.0,5.0,2.0,2.0,2.0,Coffee A,$40-$60,Male,Bachelor's degree,Employed full-time
24bAoL,25-34 years old,1,"At the office, At home","Coffee extract (e.g. Cometeer), Pod/capsule machine (e.g. Keurig/Nespresso)",,Latte,Medium,Sweet,Medium,Full caffeine,5.0,3.0,3.0,4.0,3.0,Coffee C,$20-$40,Female,Bachelor's degree,Employed full-time
6d1KqA,25-34 years old,2,"At the office, At home, At a cafe",Pour over,,Pourover,Light,Fruity,Somewhat strong,Full caffeine,7.0,4.0,2.0,2.0,5.0,Coffee D,$20-$40,Male,Bachelor's degree,Employed full-time
EPBlyl,25-34 years old,1,At home,Pour over,,Regular drip coffee,Medium,Sweet,Medium,Full caffeine,3.0,3.0,3.0,5.0,4.0,Coffee C,,,,
WAeRxk,55-64 years old,1,At home,Other,,Espresso,Medium,Full Bodied,Very strong,Full caffeine,3.0,1.0,1.0,3.0,1.0,Coffee C,<$20,Male,Master's degree,Retired
5dl90b,25-34 years old,2,"At home, At a cafe, On the go","Pour over, Espresso","Deli or supermarket, Specialty coffee shop, Local cafe",Americano,Light,Floral,Medium,Full caffeine,7.0,5.0,3.0,2.0,4.0,Coffee A,$40-$60,Male,Bachelor's degree,Employed full-time
OAjXOY,18-24 years old,2,"At a cafe, On the go, At home",Espresso,"Specialty coffee shop, Local cafe",Latte,Medium,Full Bodied,Somewhat strong,Full caffeine,7.0,4.0,3.0,3.0,2.0,Coffee A,$40-$60,Male,Bachelor's degree,Student
RzZojd,25-34 years old,1,At home,"Pour over, Espresso",,Latte,Medium,Juicy,Very strong,Full caffeine,6.0,2.0,3.0,2.0,4.0,Coffee D,$60-$80,Male,Master's degree,Employed full-time
24bA0e,25-34 years old,2,"At home, At the office",Pour over,,Pourover,Dark,Chocolatey,Medium,Full caffeine,6.0,2.0,5.0,4.0,3.0,Coffee B,$40-$60,Female,Bachelor's degree,Employed part-time
421KXY,55-64 years old,More than 4,At home,Coffee brewing machine (e.g. Mr. Coffee),,Regular drip coffee,French,Full Bodied,Somewhat strong,Full caffeine,3.0,3.0,3.0,4.0,4.0,Coffee C,<$20,Male,Bachelor's degree,Employed full-time
EPBxlN,35-44 years old,Less than 1,At home,Instant coffee,,Regular drip coffee,Medium,Fruity,,Decaf,4.0,,,,,,,,,
oA026x,35-44 years old,3,"At the office, At home",Pour over,,Regular drip coffee,Medium,Full Bodied,Medium,Full caffeine,4.0,5.0,2.0,4.0,3.0,Coffee A,$20-$40,Male,Bachelor's degree,Employed full-time
8dJZzO,25-34 years old,1,At the office,,,Cortado,Light,Fruity,Very strong,Full caffeine,9.0,4.0,5.0,1.0,4.0,Coffee B,$20-$40,Male,Bachelor's degree,Employed full-time
OAj7zK,45-54 years old,2,"At home, On the go","Coffee extract (e.g. Cometeer), Pod/capsule machine (e.g. Keurig/Nespresso)","National chain (e.g. Starbucks, Dunkin), Local cafe",Latte,Medium,Caramalized,Somewhat strong,Full caffeine,3.0,3.0,,,,,,,,
8dJZN5,55-64 years old,More than 4,"At home, On the go, At the office","Pour over, French press, Coffee brewing machine (e.g. Mr. Coffee)","National chain (e.g. Starbucks, Dunkin), Drive-thru",Cappuccino,Medium,Chocolatey,Somewhat strong,Full caffeine,6.0,2.0,3.0,5.0,1.0,Coffee C,$20-$40,Female,Bachelor's degree,Employed full-time
YZo4r0,25-34 years old,,"At home, At the office","Pour over, Coffee brewing machine (e.g. Mr. Coffee), Cold brew",,Pourover,Medium,Caramalized,Somewhat strong,Full caffeine,6.0,,,,,,,,,
EPBxxN,25-34 years old,2,"At home, On the go","Cold brew, Other",Local cafe,Regular drip coffee,Medium,Bold,Somewhat strong,Full caffeine,7.0,3.0,2.0,3.0,2.0,Coffee A,$20-$40,Male,Master's degree,Student
6d1Zx5,45-54 years old,2,"At home, On the go, At the office","Pour over, French press","Specialty coffee shop, National chain (e.g. Starbucks, Dunkin)",Pourover,Medium,Bright,Somewhat strong,Full caffeine,6.0,4.0,2.0,5.0,3.0,Coffee C,$20-$40,Female,Doctorate or professional degree,Employed full-time
lN060X,45-54 years old,1,At the office,,,Regular drip coffee,Medium,Chocolatey,Medium,Decaf,4.0,2.0,4.0,3.0,1.0,Coffee B,<$20,Female,Master's degree,Employed full-time
421K15,18-24 years old,3,At home,"Pour over, French press",,Cappuccino,Medium,Bold,Somewhat strong,Full caffeine,5.0,4.0,5.0,3.0,2.0,Coffee B,$40-$60,Male,Bachelor's degree,Employed full-time
WAeRVL,35-44 years old,3,"At home, At the office, At a cafe","Espresso, Bean-to-cup machine",,Espresso,Light,Full Bodied,Very strong,Full caffeine,7.0,4.0,2.0,3.0,4.0,Coffee D,$20-$40,Male,Doctorate or professional degree,Employed full-time
zK07oa,35-44 years old,2,At home,Pour over,,Pourover,Light,Juicy,Medium,Full caffeine,7.0,,,,,,,,,
vN0Pp0,18-24 years old,Less than 1,None of these,,,Mocha,Medium,Chocolatey,,,1.0,3.0,1.0,4.0,5.0,Coffee D,,Female,,
oA02LX,35-44 years old,,,,,,,,,,,,,,,,,,,
7dJN5Z,55-64 years old,Less than 1,At home,Coffee brewing machine (e.g. Mr. Coffee),,Regular drip coffee,Medium,Chocolatey,Medium,Full caffeine,3.0,2.0,5.0,4.0,1.0,Coffee B,<$20,Male,,
VZ9z7v,>65 years old,More than 4,At home,Pour over,,Regular drip coffee,Medium,Full Bodied,Very strong,Full caffeine,5.0,5.0,2.0,3.0,4.0,Coffee A,,,,
J2VOgo,25-34 years old,2,At home,"Pour over, Espresso",,Pourover,Light,Fruity,Very strong,Full caffeine,8.0,4.0,3.0,2.0,3.0,Coffee B,$60-$80,Male,Bachelor's degree,Homemaker
eBNRqx,25-34 years old,2,"At a cafe, At the office",,,Regular drip coffee,Light,Full Bodied,Medium,Decaf,3.0,5.0,2.0,2.0,5.0,Coffee D,$40-$60,Male,Doctorate or professional degree,Employed full-time
9d67bK,18-24 years old,Less than 1,At home,"Pour over, French press, Pod/capsule machine (e.g. Keurig/Nespresso)",,Pourover,Dark,Chocolatey,Very strong,Full caffeine,4.0,2.0,4.0,3.0,4.0,Coffee B,$40-$60,Male,High school graduate,Employed part-time
421r7Y,25-34 years old,3,"At home, At a cafe","Pour over, Espresso",,Pourover,Light,Fruity,Somewhat strong,Full caffeine,8.0,3.0,2.0,2.0,4.0,Coffee D,$20-$40,Male,Bachelor's degree,Employed full-time
WAezOe,35-44 years old,1,"At home, At the office",Other,,Regular drip coffee,Light,Fruity,Medium,Full caffeine,6.0,2.0,4.0,4.0,5.0,Coffee D,$20-$40,Male,Doctorate or professional degree,Employed full-time
YZoajN,25-34 years old,Less than 1,"At a cafe, At home","Pour over, Other",,Cappuccino,Medium,Chocolatey,Somewhat strong,Full caffeine,3.0,2.0,1.0,3.0,5.0,Coffee B,<$20,Male,Bachelor's degree,Employed full-time
EPBWPX,25-34 years old,2,At home,"Espresso, Pod/capsule machine (e.g. Keurig/Nespresso), Other",,Cappuccino,Medium,Nutty,Somewhat strong,Full caffeine,7.0,4.0,3.0,2.0,4.0,Coffee A,$20-$40,Male,Bachelor's degree,Employed full-time
24bX0b,25-34 years old,1,At home,"Pour over, Espresso, Coffee brewing machine (e.g. Mr. Coffee)",,Pourover,Medium,Full Bodied,Medium,Full caffeine,5.0,3.0,5.0,4.0,1.0,Coffee B,$20-$40,Male,Bachelor's degree,Employed full-time
LdEPgv,35-44 years old,Less than 1,"At home, On the go, At a cafe",Other,"Local cafe, National chain (e.g. Starbucks, Dunkin)",Cappuccino,Medium,Caramalized,Somewhat strong,Half caff,4.0,5.0,3.0,2.0,2.0,Coffee A,<$20,Female,Bachelor's degree,Employed full-time
BGL7D7,35-44 years old,2,"At home, At the office","Cold brew, French press",,Latte,Blonde,Floral,Somewhat strong,Full caffeine,7.0,1.0,3.0,5.0,2.0,Coffee C,$40-$60,Female,Some college or associate's degree,Employed full-time
QAxRll,45-54 years old,1,At home,"Pour over, Espresso, Other",,Mocha,Medium,Full Bodied,Somewhat strong,Half caff,7.0,1.0,4.0,2.0,1.0,Coffee B,<$20,Female,Bachelor's degree,Employed part-time
LdEpLj,35-44 years old,1,At home,"French press, Espresso, Other",,Americano,Medium,Bold,Very strong,Full caffeine,5.0,4.0,5.0,4.0,2.0,Coffee B,$20-$40,Male,High school graduate,Employed full-time
eBNRJO,35-44 years old,3,At home,Pour over,,Pourover,Light,Fruity,Medium,Full caffeine,7.0,4.0,3.0,4.0,5.0,Coffee A,$20-$40,Male,Doctorate or professional degree,Employed full-time
rl0Pev,45-54 years old,3,"At the office, At home","Pod/capsule machine (e.g. Keurig/Nespresso), Pour over, Espresso",,Cortado,Dark,Full Bodied,Very strong,Full caffeine,8.0,1.0,3.0,1.0,2.0,Coffee B,$20-$40,Male,Bachelor's degree,Employed full-time
eBNRVO,>65 years old,1,At home,Pod/capsule machine (e.g. Keurig/Nespresso),,Regular drip coffee,Medium,Nutty,Somewhat strong,Full caffeine,3.0,3.0,5.0,3.0,1.0,Coffee B,,,,
6d1NEP,25-34 years old,1,At the office,,,Espresso,Light,Fruity,Medium,Half caff,7.0,4.0,2.0,3.0,5.0,Coffee D,$40-$60,Male,Bachelor's degree,Employed full-time
pL0OXB,25-34 years old,2,"At home, At the office","Pour over, Espresso, Coffee extract (e.g. Cometeer), Other",,Pourover,Light,Fruity,Somewhat strong,Full caffeine,8.0,3.0,4.0,4.0,5.0,Coffee D,$40-$60,Female,Doctorate or professional degree,Employed full-time
VZ95pl,35-44 years old,,"At home, At the office",Coffee extract (e.g. Cometeer),,Americano,,,,,2.0,,,,,,,,,
rl0ABp,18-24 years old,2,At the office,,,Latte,Medium,Caramalized,Medium,Full caffeine,7.0,2.0,4.0,4.0,1.0,Coffee B,$20-$40,Male,Bachelor's degree,Employed full-time
oA0MD5,25-34 years old,2,"At home, At the office","Pour over, Other",,Pourover,Light,Fruity,Medium,Half caff,8.0,4.0,4.0,3.0,5.0,Coffee D,$40-$60,Male,Some college or associate's degree,Employed full-time
421x2Y,35-44 years old,1,"On the go, At home","Coffee extract (e.g. Cometeer), Other",Specialty coffee shop,Americano,Light,Fruity,Medium,Full caffeine,3.0,4.0,3.0,2.0,5.0,Coffee D,<$20,Male,Doctorate or professional degree,Employed full-time
PA25pP,35-44 years old,1,At home,"Pour over, Espresso, Cold brew",,Pourover,Light,Fruity,Somewhat strong,Full caffeine,5.0,4.0,3.0,3.0,4.0,Coffee D,$40-$60,Male,Master's degree,Employed part-time
bl2xOZ,25-34 years old,Less than 1,"At home, At a cafe","Espresso, Other",,Regular drip coffee,Light,Fruity,Medium,Decaf,5.0,2.0,3.0,4.0,5.0,Coffee D,<$20,Male,Bachelor's degree,Employed full-time
VZ9Jzy,25-34 years old,2,"At home, At a cafe",Espresso,,Cold brew,Medium,Bright,Somewhat strong,Full caffeine,7.0,4.0,2.0,1.0,5.0,Coffee D,$60-$80,Male,Bachelor's degree,Employed full-time
Al6Lvy,35-44 years old,1,"At home, At the office, On the go",Pod/capsule machine (e.g. Keurig/Nespresso),"National chain (e.g. Starbucks, Dunkin)",Mocha,Medium,Chocolatey,Somewhat strong,Full caffeine,8.0,4.0,5.0,3.0,1.0,Coffee B,$20-$40,Male,Doctorate or professional degree,Employed full-time
aBjYvE,35-44 years old,2,"At home, On the go","Pour over, Espresso, Pod/capsule machine (e.g. Keurig/Nespresso), Cold brew","Local cafe, Specialty coffee shop",Pourover,Light,Floral,Medium,Full caffeine,8.0,3.0,3.0,4.0,5.0,Coffee B,$20-$40,Male,Bachelor's degree,Employed full-time
VZ95xl,35-44 years old,2,"At home, At the office",Pod/capsule machine (e.g. Keurig/Nespresso),,Americano,Dark,Bold,Somewhat strong,Full caffeine,5.0,4.0,5.0,2.0,4.0,Coffee B,$40-$60,Female,Doctorate or professional degree,Employed full-time
GrodaO,35-44 years old,2,At home,"Pour over, Espresso",,Regular drip coffee,Light,Fruity,Medium,Full caffeine,7.0,4.0,2.0,3.0,4.0,Coffee D,$40-$60,Male,,
EPBQjN,25-34 years old,2,"At the office, On the go",,Drive-thru,Other,Light,Caramalized,Medium,Full caffeine,5.0,3.0,4.0,3.0,2.0,Coffee B,$20-$40,Male,Bachelor's degree,Employed full-time
7dJ26P,25-34 years old,2,At home,"Espresso, Other",,Espresso,Italian,Chocolatey,Very strong,Full caffeine,7.0,3.0,4.0,3.0,1.0,Coffee B,$20-$40,Male,Doctorate or professional degree,Employed full-time
PA26z0,25-34 years old,3,"At the office, At home, At a cafe","Espresso, French press, Other",,Espresso,Light,Fruity,Somewhat strong,Full caffeine,7.0,4.0,2.0,3.0,4.0,Coffee D,$80-$100,Male,Master's degree,Employed full-time
PA2690,25-34 years old,1,"At the office, At a cafe, At home",Other,,Regular drip coffee,Dark,Full Bodied,Medium,Full caffeine,5.0,3.0,5.0,4.0,1.0,Coffee B,$20-$40,Female,Master's degree,Student
OAj56R,35-44 years old,3,At home,Espresso,,Latte,Dark,Full Bodied,Medium,Full caffeine,7.0,2.0,4.0,3.0,1.0,Coffee B,$20-$40,Female,Some college or associate's degree,Homemaker
jB0yy1,25-34 years old,1,At home,"Pour over, French press, Espresso, Instant coffee, Coffee extract (e.g. Cometeer), Other",,Mocha,Medium,Chocolatey,Medium,Full caffeine,7.0,4.0,3.0,3.0,5.0,Coffee D,<$20,Female,Bachelor's degree,Employed full-time
LdEbJl,25-34 years old,2,"At the office, At home","Cold brew, Other",,Regular drip coffee,Light,Fruity,Somewhat strong,Full caffeine,7.0,4.0,3.0,3.0,5.0,Coffee D,$20-$40,Male,Bachelor's degree,Employed full-time
7dJW4R,35-44 years old,2,At the office,,,Latte,Medium,Sweet,Somewhat strong,Full caffeine,5.0,3.0,4.0,2.0,3.0,Coffee B,$40-$60,Male,Bachelor's degree,Employed full-time
OAjzjg,25-34 years old,2,"At home, At a cafe, At the office",Pour over,,Cold brew,Light,Caramalized,Medium,Full caffeine,7.0,3.0,2.0,4.0,5.0,Coffee D,$40-$60,Male,Bachelor's degree,Employed full-time
dYZ62d,35-44 years old,4,"At home, At a cafe","Pod/capsule machine (e.g. Keurig/Nespresso), Espresso, Instant coffee",,Americano,Light,Bright,Medium,Full caffeine,4.0,2.0,3.0,3.0,1.0,Coffee C,$60-$80,Male,Master's degree,Employed full-time
KMP6W8,35-44 years old,1,"At home, At the office, On the go, At a cafe","Espresso, Pour over","Specialty coffee shop, National chain (e.g. Starbucks, Dunkin), Local cafe",Espresso,Medium,Full Bodied,Very strong,Full caffeine,10.0,4.0,2.0,3.0,4.0,Coffee A,$20-$40,Male,Bachelor's degree,Employed full-time
GrozzO,18-24 years old,1,At home,Other,,Blended drink (e.g. Frappuccino),Medium,Full Bodied,Somewhat strong,Decaf,4.0,1.0,4.0,3.0,1.0,Coffee B,<$20,Male,Bachelor's degree,Employed full-time
RzZ0Y4,25-34 years old,2,At home,"Espresso, Pour over",,Latte,Light,Fruity,Medium,Full caffeine,8.0,4.0,3.0,2.0,5.0,Coffee D,$60-$80,Male,Bachelor's degree,Employed full-time
8dJQar,45-54 years old,2,At home,"Espresso, Pour over",,Latte,Dark,Chocolatey,Somewhat strong,Full caffeine,7.0,2.0,4.0,3.0,1.0,Coffee B,$40-$60,Male,Bachelor's degree,Employed full-time
KMPl5D,55-64 years old,2,"On the go, At the office, At home","Pour over, Espresso, Coffee brewing machine (e.g. Mr. Coffee), Other","Drive-thru, National chain (e.g. Starbucks, Dunkin)",Cappuccino,Dark,Bold,Very strong,Full caffeine,6.0,4.0,2.0,3.0,1.0,Coffee A,$20-$40,Male,Master's degree,Employed full-time
qbYDVO,25-34 years old,3,At home,"Pour over, French press",,Espresso,Light,Fruity,Medium,Full caffeine,8.0,4.0,2.0,3.0,5.0,Coffee D,$60-$80,Male,Bachelor's degree,Employed full-time
PA2D2d,55-64 years old,3,At home,Pod/capsule machine (e.g. Keurig/Nespresso),,Americano,Medium,Nutty,Somewhat strong,Full caffeine,5.0,5.0,3.0,4.0,1.0,Coffee A,$40-$60,Female,Bachelor's degree,Retired
DVXNMq,25-34 years old,,At home,Espresso,,Latte,Medium,Caramalized,Medium,Full caffeine,6.0,,,,,,,,,
WAeN6Q,35-44 years old,2,At home,"Pour over, Espresso",,Cappuccino,Light,Fruity,Somewhat strong,Full caffeine,7.0,3.0,3.0,4.0,5.0,Coffee A,$40-$60,Male,Doctorate or professional degree,Employed full-time
8dJKgY,35-44 years old,3,At home,"Pour over, Coffee brewing machine (e.g. Mr. Coffee), Bean-to-cup machine",,Americano,Medium,Chocolatey,Medium,Full caffeine,6.0,2.0,3.0,4.0,1.0,Coffee C,$20-$40,Male,Master's degree,Employed full-time
DVXNop,25-34 years old,1,At home,"Espresso, Pour over, French press",,Espresso,Light,Bright,Somewhat strong,Full caffeine,6.0,3.0,1.0,4.0,5.0,Coffee D,$20-$40,Male,Bachelor's degree,Employed full-time
YZoQK6,35-44 years old,2,At home,Espresso,,Cappuccino,Light,Sweet,Somewhat strong,Full caffeine,7.0,4.0,3.0,3.0,2.0,Coffee A,$40-$60,Prefer not to say,,
ZdGNey,35-44 years old,3,At home,"Espresso, Pour over, French press",,Latte,Dark,Chocolatey,Somewhat strong,Full caffeine,8.0,1.0,4.0,3.0,3.0,Coffee B,$20-$40,Male,Some college or associate's degree,Employed full-time
zK0qVk,35-44 years old,2,At home,Coffee brewing machine (e.g. Mr. Coffee),,Latte,Medium,Bright,Somewhat strong,Full caffeine,3.0,2.0,4.0,5.0,3.0,Coffee A,$20-$40,Female,Master's degree,Employed full-time
Al6dOW,25-34 years old,2,"At home, At a cafe",Espresso,,Cappuccino,Medium,Chocolatey,Somewhat strong,Full caffeine,7.0,3.0,3.0,3.0,2.0,Coffee C,$20-$40,Female,Master's degree,Employed full-time
RzZ01P,45-54 years old,3,At home,Coffee brewing machine (e.g. Mr. Coffee),,Pourover,Light,Full Bodied,Medium,Full caffeine,6.0,2.0,5.0,4.0,1.0,Coffee B,$20-$40,Male,Some college or associate's degree,Employed full-time
VZ90e6,18-24 years old,Less than 1,On the go,,Drive-thru,Blended drink (e.g. Frappuccino),Medium,Sweet,Medium,Decaf,7.0,2.0,4.0,3.0,1.0,Coffee B,<$20,,,
zK0qR8,55-64 years old,2,"At home, On the go",Coffee brewing machine (e.g. Mr. Coffee),"Specialty coffee shop, National chain (e.g. Starbucks, Dunkin)",Americano,Medium,Caramalized,Medium,Full caffeine,5.0,2.0,5.0,3.0,1.0,Coffee B,<$20,Female,Some college or associate's degree,Homemaker
J2V26Y,25-34 years old,1,"At the office, At home","Pour over, French press, Espresso",,Cappuccino,Medium,Full Bodied,Somewhat strong,Half caff,6.0,3.0,2.0,1.0,4.0,Coffee D,$20-$40,Male,Bachelor's degree,Employed full-time
RzZzMJ,25-34 years old,Less than 1,"At home, At a cafe","Pour over, French press, Espresso, Coffee extract (e.g. Cometeer)",,Americano,Medium,Full Bodied,Medium,Decaf,8.0,4.0,3.0,4.0,4.0,Coffee C,$20-$40,Male,Bachelor's degree,Employed full-time
XeReMe,35-44 years old,2,At home,"Pour over, Espresso, Instant coffee",,Espresso,Medium,Fruity,Somewhat strong,Full caffeine,7.0,5.0,3.0,3.0,4.0,Coffee A,$40-$60,Male,Master's degree,Employed full-time
bl2lkE,25-34 years old,1,"At the office, At home, At a cafe",Pour over,,Latte,Light,Sweet,Somewhat strong,Full caffeine,4.0,2.0,2.0,2.0,2.0,Coffee B,$40-$60,Female,Some college or associate's degree,Employed full-time
Gror7k,25-34 years old,1,At home,"Pour over, Espresso",,Latte,Medium,Chocolatey,Medium,Full caffeine,7.0,3.0,3.0,2.0,2.0,Coffee A,,,,
oA0AgP,18-24 years old,1,At the office,,,Latte,Medium,Chocolatey,Very strong,Full caffeine,10.0,1.0,4.0,4.0,3.0,Coffee B,$60-$80,Female,Bachelor's degree,Employed full-time
RzZzg9,18-24 years old,3,"At home, At the office","Pour over, Pod/capsule machine (e.g. Keurig/Nespresso)",,Pourover,Light,Sweet,Somewhat light,Full caffeine,6.0,4.0,3.0,2.0,4.0,Coffee D,$20-$40,Male,Bachelor's degree,Employed full-time
QAxAqg,35-44 years old,2,"At home, At a cafe, At the office","Espresso, Pour over",,Latte,Light,Fruity,Medium,Full caffeine,8.0,3.0,4.0,3.0,2.0,Coffee B,$40-$60,Male,Bachelor's degree,Employed full-time
Al6lgN,35-44 years old,2,At home,Pour over,,Pourover,Light,Juicy,Medium,Full caffeine,8.0,4.0,1.0,3.0,5.0,Coffee B,$40-$60,Male,Bachelor's degree,Employed full-time
RzZ4x4,18-24 years old,Less than 1,"At home, At the office, At a cafe",Instant coffee,,Cappuccino,Medium,Chocolatey,Somewhat strong,Half caff,3.0,2.0,4.0,3.0,1.0,Coffee B,$20-$40,Male,Master's degree,Student
bl2klo,35-44 years old,2,At home,Espresso,,Espresso,Light,Floral,Very strong,Full caffeine,7.0,4.0,1.0,2.0,5.0,Coffee D,$80-$100,Male,Doctorate or professional degree,Employed full-time
KMPMg8,25-34 years old,1,At home,"Pour over, Coffee brewing machine (e.g. Mr. Coffee)",,Regular drip coffee,Light,Sweet,Medium,Full caffeine,2.0,1.0,4.0,3.0,1.0,Coffee B,$20-$40,Male,Some college or associate's degree,Employed full-time
PA2Eq5,25-34 years old,1,At home,Espresso,,Espresso,Light,Sweet,Medium,Full caffeine,5.0,2.0,1.0,4.0,5.0,Coffee D,$20-$40,Male,Master's degree,Employed full-time
24brbV,25-34 years old,3,"At home, On the go","Pour over, Espresso, Coffee brewing machine (e.g. Mr. Coffee)",Specialty coffee shop,Espresso,Light,Fruity,Very strong,Full caffeine,8.0,4.0,2.0,3.0,5.0,Coffee D,$20-$40,Male,Bachelor's degree,Employed full-time
vN020Q,45-54 years old,2,At home,Pour over,,Pourover,Light,Sweet,Medium,Full caffeine,5.0,4.0,3.0,3.0,2.0,Coffee B,$60-$80,Male,Master's degree,
yl0D7W,25-34 years old,1,"At home, On the go",Espresso,"Drive-thru, National chain (e.g. Starbucks, Dunkin)",Latte,Dark,Bold,Somewhat strong,Full caffeine,2.0,3.0,2.0,3.0,5.0,Coffee C,$20-$40,Female,Bachelor's degree,Employed full-time
xd0Z4G,18-24 years old,2,"At the office, On the go, At a cafe, At home","Pour over, French press, Espresso, Pod/capsule machine (e.g. Keurig/Nespresso), Other","Specialty coffee shop, Local cafe, National chain (e.g. Starbucks, Dunkin), Drive-thru",Cappuccino,Light,Fruity,Somewhat strong,Full caffeine,6.0,5.0,3.0,3.0,4.0,Coffee A,$60-$80,Male,Master's degree,Employed full-time
pL0VEB,18-24 years old,Less than 1,At the office,,,Regular drip coffee,Light,Full Bodied,Medium,Full caffeine,4.0,4.0,2.0,3.0,2.0,Coffee A,$20-$40,Male,Master's degree,Employed full-time
PA2E9V,25-34 years old,1,"At home, At a cafe, At the office, On the go","Espresso, Pour over, Cold brew",Specialty coffee shop,Americano,Light,Fruity,Somewhat strong,Half caff,5.0,4.0,3.0,1.0,5.0,Coffee D,$20-$40,Non-binary,Some college or associate's degree,Employed full-time
lN0LKk,18-24 years old,2,"On the go, At the office, At a cafe, At home","Pour over, Cold brew, Coffee extract (e.g. Cometeer), French press","Other, Local cafe",Americano,Light,Full Bodied,Somewhat strong,Half caff,7.0,5.0,4.0,4.0,3.0,Coffee A,$20-$40,Male,Bachelor's degree,Unemployed
bl2LeE,35-44 years old,1,At home,Espresso,,Americano,Dark,Caramalized,Somewhat strong,Decaf,7.0,2.0,3.0,4.0,1.0,Coffee B,,Female,Doctorate or professional degree,
rl0L9M,25-34 years old,Less than 1,"At a cafe, At the office",,,Latte,Light,Fruity,Medium,Half caff,3.0,,,,,,,,,
zK0rDa,25-34 years old,2,"At the office, At home",Other,,Iced coffee,Dark,Bold,Very strong,Full caffeine,7.0,,,,,,,,,
RzZYXK,35-44 years old,2,"At home, At the office, At a cafe","Espresso, Pour over",,Cappuccino,Light,Fruity,Medium,Full caffeine,7.0,4.0,3.0,3.0,4.0,Coffee A,$40-$60,Male,Bachelor's degree,Employed full-time
oA0dW5,25-34 years old,Less than 1,"At home, At a cafe",Coffee brewing machine (e.g. Mr. Coffee),,Espresso,Dark,Bold,Somewhat strong,Full caffeine,3.0,1.0,2.0,5.0,4.0,Coffee C,<$20,Male,High school graduate,Employed part-time
OAjJ0K,25-34 years old,2,At home,"Pour over, French press, Espresso",,Pourover,Medium,Full Bodied,Medium,Full caffeine,7.0,4.0,4.0,5.0,4.0,Coffee C,$20-$40,Male,Bachelor's degree,Employed full-time
yl0EqW,25-34 years old,1,"At home, At the office",French press,,Regular drip coffee,Medium,Full Bodied,Medium,Full caffeine,6.0,2.0,3.0,3.0,2.0,Coffee B,<$20,Male,Master's degree,Employed full-time
dYZDzr,25-34 years old,Less than 1,At a cafe,,,Iced coffee,Medium,Sweet,,Full caffeine,3.0,3.0,3.0,3.0,3.0,,,,,
rl0dJp,25-34 years old,2,"At home, At the office, On the go",Other,Specialty coffee shop,Cappuccino,Light,Sweet,Somewhat strong,Full caffeine,6.0,5.0,3.0,2.0,4.0,Coffee A,$20-$40,Female,Master's degree,Employed full-time
zK0rl8,25-34 years old,Less than 1,At the office,,,Latte,Medium,Sweet,Somewhat light,Full caffeine,1.0,5.0,3.0,2.0,4.0,Coffee A,<$20,Male,Master's degree,Employed full-time
24bxPD,,,,,,,Medium,,Medium,Full caffeine,,,,,,,,,,
QAxB11,25-34 years old,4,"At home, At a cafe, On the go","Pour over, French press, Espresso, Coffee extract (e.g. Cometeer)","Specialty coffee shop, Local cafe",Cappuccino,Light,Fruity,Somewhat strong,Full caffeine,8.0,2.0,4.0,4.0,5.0,Coffee D,$20-$40,Male,Bachelor's degree,Employed full-time
7dJ9VA,25-34 years old,2,"At home, At a cafe, At the office","Pour over, Other",,Pourover,Light,Full Bodied,Somewhat strong,Full caffeine,6.0,3.0,4.0,3.0,,Coffee D,$40-$60,Male,Bachelor's degree,Employed full-time
kY005o,18-24 years old,1,At home,Espresso,,Cortado,Medium,Chocolatey,Somewhat strong,Full caffeine,6.0,3.0,3.0,3.0,4.0,Coffee D,$20-$40,Male,Some college or associate's degree,Student
8dJJGz,35-44 years old,2,"On the go, At home","Pour over, French press, Coffee extract (e.g. Cometeer)","National chain (e.g. Starbucks, Dunkin), Specialty coffee shop",Pourover,Light,Fruity,Somewhat strong,Full caffeine,6.0,3.0,5.0,4.0,2.0,Coffee B,$80-$100,Female,Bachelor's degree,Employed full-time
zK00O8,35-44 years old,2,"At home, On the go",Pour over,"National chain (e.g. Starbucks, Dunkin)",Iced coffee,Light,Bold,Somewhat strong,Full caffeine,8.0,3.0,3.0,3.0,3.0,Coffee A,$80-$100,Male,Bachelor's degree,Employed full-time
6d1rZe,25-34 years old,2,At home,"Pour over, Espresso, Coffee extract (e.g. Cometeer)",,Espresso,Light,Juicy,Very strong,Full caffeine,9.0,5.0,3.0,4.0,5.0,Coffee D,$40-$60,Male,Bachelor's degree,Employed full-time
1rbD1L,25-34 years old,2,At home,French press,,Americano,Dark,Chocolatey,Somewhat strong,Full caffeine,7.0,,,,,,,,,
RzZv5d,45-54 years old,Less than 1,At home,Other,,Blended drink (e.g. Frappuccino),Medium,Sweet,Somewhat light,Full caffeine,1.0,2.0,4.0,3.0,1.0,Coffee B,<$20,Female,Some college or associate's degree,Unemployed
rl0J0M,25-34 years old,3,"At the office, At home, At a cafe","Pour over, French press, Cold brew, Espresso, Other",,Espresso,Dark,Full Bodied,Somewhat strong,Full caffeine,7.0,,,,,,,,,
RzZVaP,<18 years old,1,At home,Pour over,,,,,,,,,,,,,,,,
NA4d6b,,,,,,Other,,,,,,,,,,,,,,
1rb6OQ,,,,,,,Dark,,,,,,,,,,,,,
PA2krV,25-34 years old,2,At home,Pour over,,Pourover,Light,Fruity,Somewhat strong,Full caffeine,7.0,4.0,2.0,3.0,4.0,Coffee A,$60-$80,Male,Bachelor's degree,Employed full-time
BGL0v1,25-34 years old,1,At home,Pour over,,Pourover,Light,Fruity,Somewhat strong,Full caffeine,7.0,3.0,2.0,4.0,5.0,Coffee D,$60-$80,Female,Bachelor's degree,Homemaker
RzZjd9,35-44 years old,2,"At home, On the go","Pour over, Espresso",Specialty coffee shop,Pourover,Light,Bright,Medium,Full caffeine,6.0,5.0,1.0,,3.0,Coffee A,,,,
PA2rZb,18-24 years old,3,,,"National chain (e.g. Starbucks, Dunkin)",,,Juicy,,Full caffeine,2.0,,,,,,,,,
0EbG0A,25-34 years old,2,"At home, At a cafe",Pour over,,Pourover,Light,Fruity,Somewhat light,Full caffeine,7.0,5.0,1.0,2.0,5.0,Coffee A,$20-$40,Male,Bachelor's degree,Employed full-time
0EblMP,18-24 years old,2,At home,Coffee extract (e.g. Cometeer),,Regular drip coffee,,,,,,,,,,,,,,
QAxXXp,25-34 years old,2,At home,Pour over,,Pourover,Light,Bright,Medium,Full caffeine,7.0,5.0,1.0,3.0,2.0,Coffee A,>$100,Female,,
VZ9yLy,35-44 years old,4,"At home, At a cafe","Pour over, Pod/capsule machine (e.g. Keurig/Nespresso)",,Pourover,Medium,Nutty,Very strong,Half caff,7.0,2.0,1.0,3.0,4.0,Coffee D,$80-$100,Male,Doctorate or professional degree,Employed full-time
dYZVYz,35-44 years old,2,At home,Espresso,,Cortado,Dark,Chocolatey,Somewhat strong,Full caffeine,5.0,3.0,4.0,4.0,1.0,Coffee C,$20-$40,Male,Bachelor's degree,Employed full-time
421dxO,45-54 years old,2,At home,"Pour over, Espresso, Coffee extract (e.g. Cometeer)",,Pourover,Light,Floral,Medium,Full caffeine,8.0,2.0,3.0,3.0,4.0,Coffee D,$40-$60,Male,Doctorate or professional degree,Employed full-time
g5QpyD,>65 years old,1,At home,Pod/capsule machine (e.g. Keurig/Nespresso),,Americano,Medium,Full Bodied,Somewhat strong,Half caff,4.0,1.0,1.0,4.0,4.0,Coffee C,$20-$40,Male,Master's degree,Retired
ZdGyJa,45-54 years old,1,At home,"Pour over, Espresso",,Espresso,Light,Fruity,Somewhat strong,Half caff,7.0,5.0,2.0,3.0,3.0,Coffee D,$20-$40,Male,Some college or associate's degree,Employed full-time
6d159J,18-24 years old,2,"At home, At the office","Pour over, French press, Pod/capsule machine (e.g. Keurig/Nespresso)",,Regular drip coffee,Dark,Full Bodied,Somewhat strong,Full caffeine,7.0,2.0,5.0,4.0,3.0,Coffee B,<$20,Male,Bachelor's degree,Employed full-time
9d6yGX,18-24 years old,2,At home,"Pour over, French press, Espresso",,Pourover,Light,Fruity,Somewhat strong,Full caffeine,8.0,4.0,3.0,1.0,5.0,Coffee D,$20-$40,Male,Bachelor's degree,Employed full-time
EPBEDN,25-34 years old,2,At home,Pour over,,Pourover,Light,Bright,Somewhat strong,Full caffeine,3.0,4.0,2.0,2.0,5.0,Coffee D,$40-$60,Male,Bachelor's degree,Employed full-time
OAj9JK,25-34 years old,1,"On the go, At home, At the office","Pour over, Espresso, Other",Local cafe,Espresso,Medium,Chocolatey,Somewhat strong,Half caff,5.0,4.0,2.0,3.0,2.0,Coffee D,$20-$40,Male,Bachelor's degree,Employed full-time
VZ9APy,35-44 years old,3,"At home, On the go","Pour over, Espresso",Specialty coffee shop,Pourover,Light,Fruity,Somewhat strong,Full caffeine,8.0,4.0,2.0,3.0,5.0,Coffee D,$40-$60,Male,Bachelor's degree,Employed full-time
zK02pE,55-64 years old,2,At home,Other,,Other,Medium,Full Bodied,Somewhat strong,Full caffeine,8.0,3.0,3.0,4.0,1.0,Coffee C,$40-$60,Male,Doctorate or professional degree,Employed full-time
pL09rJ,35-44 years old,1,At home,French press,,Americano,Light,Bright,Somewhat light,Full caffeine,5.0,3.0,4.0,5.0,1.0,Coffee C,$20-$40,Male,High school graduate,Employed full-time
vN01zX,55-64 years old,2,"At home, At the office","Pour over, Espresso, Pod/capsule machine (e.g. Keurig/Nespresso)",,Regular drip coffee,Light,Juicy,Somewhat strong,Full caffeine,7.0,4.0,3.0,3.0,4.0,Coffee D,$40-$60,Male,Doctorate or professional degree,Employed full-time
dYZ1Ly,25-34 years old,3,"At home, At the office","Pod/capsule machine (e.g. Keurig/Nespresso), Coffee brewing machine (e.g. Mr. Coffee)",,Cortado,Dark,Bold,Very strong,Full caffeine,4.0,2.0,1.0,1.0,3.0,Coffee D,$40-$60,Male,Bachelor's degree,Employed full-time
yl0p26,25-34 years old,1,At home,Espresso,,Other,Medium,Full Bodied,Somewhat strong,Full caffeine,6.0,3.0,4.0,4.0,2.0,Coffee C,$40-$60,Male,Master's degree,Student
xd0LMk,25-34 years old,1,At home,Espresso,,Cappuccino,Light,Bright,Somewhat strong,Full caffeine,7.0,5.0,4.0,4.0,1.0,Coffee A,$40-$60,Female,Doctorate or professional degree,Student
0EbyNZ,25-34 years old,1,"At a cafe, At home","Pour over, Coffee extract (e.g. Cometeer)",,Pourover,Light,Juicy,Medium,Full caffeine,7.0,4.0,3.0,4.0,5.0,Coffee D,$40-$60,Non-binary,Some college or associate's degree,Employed full-time
EPBrrA,35-44 years old,1,"At home, On the go","Pour over, Espresso","Specialty coffee shop, National chain (e.g. Starbucks, Dunkin)",Americano,Light,Chocolatey,Medium,Half caff,7.0,2.0,4.0,4.0,1.0,Coffee B,$40-$60,Female,Master's degree,Employed full-time
KMPNqA,,,At home,Pour over,,Pourover,Light,Juicy,Medium,Full caffeine,7.0,,,,,,,,,
dYZ4Lq,35-44 years old,2,At home,Espresso,,Latte,Medium,Full Bodied,Somewhat strong,Full caffeine,6.0,4.0,3.0,3.0,4.0,Coffee D,$40-$60,Male,Bachelor's degree,Employed full-time
aBjPVB,18-24 years old,3,"At home, At the office","Espresso, Other",,Espresso,Medium,Full Bodied,Very strong,Full caffeine,6.0,3.0,4.0,3.0,2.0,Coffee B,$20-$40,Male,High school graduate,Employed full-time
PA2LNd,25-34 years old,1,At home,Other,,Regular drip coffee,Light,Bright,Medium,Full caffeine,7.0,,,,,,,,,
WAeXWR,25-34 years old,2,"At home, At the office, At a cafe","Pour over, French press",,Cappuccino,Light,Fruity,Medium,Full caffeine,5.0,3.0,4.0,2.0,4.0,Coffee B,$60-$80,Male,Doctorate or professional degree,Employed full-time
Al6NMo,18-24 years old,Less than 1,At home,Pod/capsule machine (e.g. Keurig/Nespresso),,Blended drink (e.g. Frappuccino),Medium,Full Bodied,Medium,Full caffeine,3.0,2.0,4.0,4.0,3.0,Coffee B,$20-$40,Male,Bachelor's degree,Employed full-time
RzZQG9,18-24 years old,3,At home,"Espresso, Pour over, French press, Coffee brewing machine (e.g. Mr. Coffee)",,Latte,Dark,Bold,Very strong,Full caffeine,10.0,1.0,4.0,2.0,3.0,Coffee B,$40-$60,Male,High school graduate,Employed full-time
pL0X88,25-34 years old,1,At home,Espresso,,Latte,Medium,Nutty,Somewhat strong,Decaf,6.0,3.0,5.0,3.0,4.0,Coffee B,$20-$40,Female,Doctorate or professional degree,Student
YZoXgd,25-34 years old,1,"At a cafe, At home","Pour over, Other",,Regular drip coffee,Light,Fruity,Medium,Full caffeine,6.0,4.0,2.0,1.0,5.0,Coffee D,<$20,Male,Some college or associate's degree,Employed part-time
Al6Ypk,25-34 years old,1,At home,"Pour over, Espresso, Cold brew, French press",,Latte,Light,Fruity,Medium,Full caffeine,8.0,4.0,1.0,2.0,5.0,Coffee D,$20-$40,Female,Bachelor's degree,Homemaker
xd07Jo,35-44 years old,3,"At home, On the go","French press, Coffee brewing machine (e.g. Mr. Coffee), Bean-to-cup machine",Local cafe,Cappuccino,Medium,Caramalized,Somewhat strong,Full caffeine,3.0,2.0,3.0,4.0,5.0,Coffee D,$20-$40,Non-binary,Master's degree,Employed part-time
bl2XQ0,45-54 years old,2,At home,Pour over,,Pourover,Medium,Chocolatey,Somewhat strong,Full caffeine,5.0,1.0,3.0,2.0,5.0,Coffee D,,Female,Master's degree,
XeRdOY,35-44 years old,2,"At a cafe, At home, At the office, On the go",Other,"National chain (e.g. Starbucks, Dunkin), Local cafe, Specialty coffee shop",Regular drip coffee,Dark,Full Bodied,Somewhat strong,Full caffeine,4.0,2.0,4.0,3.0,1.0,Coffee B,$20-$40,Female,Bachelor's degree,Employed full-time
421Y15,45-54 years old,2,At home,Pour over,,Cappuccino,Light,Juicy,Medium,Full caffeine,6.0,4.0,3.0,2.0,5.0,Coffee D,$80-$100,Male,Doctorate or professional degree,Employed full-time
yl0pvg,35-44 years old,2,At home,Pour over,,Iced coffee,Medium,Bold,Somewhat strong,Full caffeine,6.0,3.0,3.0,4.0,1.0,Coffee C,$20-$40,Male,Some college or associate's degree,Employed full-time
kY04pR,35-44 years old,2,At home,Espresso,,Americano,Medium,Fruity,Somewhat strong,Full caffeine,8.0,4.0,4.0,2.0,5.0,Coffee D,$60-$80,Male,Bachelor's degree,Employed full-time
WAe6Bj,25-34 years old,Less than 1,At home,Other,,Espresso,Medium,Nutty,Medium,Decaf,1.0,4.0,3.0,3.0,3.0,Coffee A,<$20,Male,Master's degree,Employed full-time
EPBGrX,35-44 years old,2,"At the office, At home","Pour over, Espresso",,Cortado,Light,Fruity,Medium,Full caffeine,6.0,4.0,1.0,3.0,5.0,Coffee D,$20-$40,Male,High school graduate,Employed full-time
GroVAj,45-54 years old,3,"At home, At a cafe","Pour over, French press, Coffee brewing machine (e.g. Mr. Coffee)",,Pourover,Medium,Sweet,Medium,Full caffeine,6.0,3.0,5.0,4.0,2.0,Coffee B,$60-$80,Male,Doctorate or professional degree,Employed full-time
RzZQyl,55-64 years old,2,At home,Other,,Cappuccino,Dark,Sweet,Very strong,Full caffeine,8.0,4.0,3.0,2.0,1.0,Coffee B,$20-$40,Female,Bachelor's degree,Homemaker
YZob20,35-44 years old,2,"At home, At the office","Pour over, French press",,Pourover,Light,Bright,Somewhat light,Full caffeine,3.0,3.0,1.0,4.0,5.0,Coffee D,$20-$40,Male,Bachelor's degree,Employed full-time
VZ9aKE,35-44 years old,1,At home,Pour over,,Pourover,Light,Fruity,Medium,Full caffeine,6.0,5.0,3.0,2.0,5.0,Coffee D,$40-$60,Male,Some college or associate's degree,Employed full-time
4210X5,45-54 years old,3,"At the office, At home","Pour over, French press, Coffee brewing machine (e.g. Mr. Coffee)",,Blended drink (e.g. Frappuccino),Medium,Sweet,Medium,Full caffeine,3.0,2.0,3.0,4.0,1.0,Coffee C,$60-$80,Female,Master's degree,Employed full-time
BGLoze,35-44 years old,2,"At home, At the office, At a cafe","Pour over, Coffee extract (e.g. Cometeer), Espresso",,Pourover,Light,Sweet,Medium,Full caffeine,8.0,5.0,2.0,1.0,5.0,Coffee A,$40-$60,Male,Master's degree,Employed full-time
kY04Md,25-34 years old,2,"At home, At the office","Espresso, French press",,Cortado,Medium,Chocolatey,Somewhat strong,Full caffeine,8.0,4.0,5.0,3.0,4.0,Coffee B,$40-$60,Male,Some college or associate's degree,Employed full-time
yl0bW6,25-34 years old,2,At home,"Pour over, Espresso",,Pourover,Light,Fruity,Somewhat strong,Full caffeine,6.0,4.0,3.0,1.0,5.0,Coffee D,$20-$40,Male,Some college or associate's degree,Employed full-time
bl2RdL,18-24 years old,1,"On the go, At the office, At home, At a cafe","Espresso, Cold brew, Coffee brewing machine (e.g. Mr. Coffee)","Deli or supermarket, Local cafe, National chain (e.g. Starbucks, Dunkin), Specialty coffee shop",Cold brew,Medium,Full Bodied,Very strong,Full caffeine,5.0,3.0,5.0,4.0,1.0,Coffee B,$60-$80,Male,Bachelor's degree,Employed full-time
jB0r8R,25-34 years old,1,At home,Coffee extract (e.g. Cometeer),,Iced coffee,Light,Fruity,Somewhat strong,Full caffeine,3.0,3.0,1.0,3.0,3.0,Coffee C,$60-$80,Male,Master's degree,Employed full-time
EPBVKl,25-34 years old,2,"At a cafe, At the office, At home","Pour over, Espresso, French press, Coffee brewing machine (e.g. Mr. Coffee), Pod/capsule machine (e.g. Keurig/Nespresso)",,Pourover,Medium,Full Bodied,Somewhat strong,Full caffeine,7.0,2.0,4.0,3.0,2.0,Coffee C,$80-$100,Male,Bachelor's degree,Employed full-time
aBjJeX,25-34 years old,2,"At a cafe, At home","Pour over, Coffee brewing machine (e.g. Mr. Coffee)",,Latte,Light,Nutty,Medium,Full caffeine,6.0,2.0,4.0,4.0,1.0,Coffee C,$60-$80,Female,Bachelor's degree,Homemaker
MArZAp,>65 years old,3,"At the office, At home","Espresso, French press, Cold brew, Pod/capsule machine (e.g. Keurig/Nespresso), Other",,Espresso,Medium,Sweet,Somewhat strong,Full caffeine,7.0,4.0,5.0,5.0,3.0,Coffee B,$40-$60,Male,Bachelor's degree,Employed full-time
NA4vpQ,25-34 years old,,At home,"Coffee brewing machine (e.g. Mr. Coffee), Pour over",,Cortado,Light,Bold,Very strong,Half caff,2.0,,,,,,,,,
Al6YG0,25-34 years old,1,"At the office, At home, At a cafe, On the go","Pour over, Pod/capsule machine (e.g. Keurig/Nespresso), Cold brew","Specialty coffee shop, Local cafe, National chain (e.g. Starbucks, Dunkin)",Regular drip coffee,Medium,Caramalized,Somewhat strong,Full caffeine,6.0,2.0,5.0,3.0,4.0,Coffee B,$20-$40,Male,Bachelor's degree,Employed full-time
xd0byG,25-34 years old,1,At the office,,,Pourover,Medium,Chocolatey,Somewhat strong,Full caffeine,6.0,2.0,1.0,3.0,5.0,Coffee D,<$20,Male,Bachelor's degree,Employed full-time
ZdGkZA,25-34 years old,1,"At home, At the office","Pour over, French press",,Pourover,Medium,Nutty,Medium,Full caffeine,4.0,4.0,4.0,5.0,2.0,Coffee C,<$20,Male,Doctorate or professional degree,Employed full-time
xd0bvk,25-34 years old,1,At home,Pour over,,Espresso,Light,Juicy,Somewhat strong,Full caffeine,7.0,4.0,3.0,2.0,5.0,Coffee D,$40-$60,Male,Bachelor's degree,Employed full-time
421Yyk,25-34 years old,1,"On the go, At home, At a cafe","Pour over, Pod/capsule machine (e.g. Keurig/Nespresso)","Local cafe, Specialty coffee shop",Latte,Medium,Bright,Very strong,Full caffeine,6.0,3.0,2.0,3.0,3.0,Coffee D,$40-$60,Female,Master's degree,Employed full-time
vN069v,25-34 years old,1,At a cafe,,,Regular drip coffee,Medium,Bright,Medium,Full caffeine,8.0,5.0,3.0,2.0,5.0,Coffee C,$40-$60,Male,Some college or associate's degree,Employed full-time
QAx9Ol,25-34 years old,2,"At home, At the office","Espresso, Instant coffee, Coffee brewing machine (e.g. Mr. Coffee)",,Regular drip coffee,Medium,Nutty,Medium,Full caffeine,2.0,3.0,5.0,2.0,2.0,Coffee B,$40-$60,Female,Bachelor's degree,Employed full-time
zK0B5a,25-34 years old,1,At home,"Espresso, Other",,Latte,Medium,Full Bodied,Somewhat strong,Full caffeine,7.0,2.0,4.0,4.0,2.0,Coffee B,$20-$40,Female,Bachelor's degree,Employed full-time
7dJ0a6,35-44 years old,1,"At home, At the office","Pour over, Espresso",,Pourover,Nordic,Juicy,Medium,Full caffeine,8.0,5.0,2.0,1.0,3.0,Coffee A,$40-$60,Male,Some college or associate's degree,Employed full-time
bl2RPe,45-54 years old,1,"At the office, At home","Pour over, Coffee brewing machine (e.g. Mr. Coffee), Cold brew",,Latte,Light,Chocolatey,Medium,Full caffeine,5.0,1.0,2.0,3.0,4.0,Coffee D,$60-$80,Female,Bachelor's degree,Employed full-time
LdExxv,25-34 years old,2,At home,"Pour over, French press, Espresso, Cold brew, Other",,Pourover,Medium,Fruity,Very strong,Full caffeine,6.0,5.0,2.0,3.0,5.0,Coffee D,$20-$40,Non-binary,Bachelor's degree,Employed full-time
xd0bKG,35-44 years old,1,At the office,,,Latte,Medium,Full Bodied,Somewhat strong,Full caffeine,7.0,1.0,5.0,4.0,2.0,Coffee B,$20-$40,Male,Bachelor's degree,Employed full-time
ZdGb5v,18-24 years old,1,At home,"French press, Pour over",,Pourover,Medium,Caramalized,Medium,Full caffeine,4.0,5.0,4.0,3.0,3.0,Coffee A,$20-$40,Male,Bachelor's degree,Employed full-time
aBjpNy,35-44 years old,2,At home,Espresso,,Americano,Medium,Full Bodied,Medium,Full caffeine,4.0,2.0,4.0,5.0,3.0,Coffee C,$80-$100,Female,Master's degree,Employed full-time
7dJ7L2,25-34 years old,3,"At home, At the office",Pour over,,Iced coffee,Medium,Fruity,Medium,Full caffeine,8.0,5.0,4.0,5.0,3.0,Coffee C,$40-$60,Male,Master's degree,Employed full-time
ZdGb8A,25-34 years old,3,"At the office, At home","Pour over, Instant coffee, Coffee brewing machine (e.g. Mr. Coffee)",,Pourover,Medium,Chocolatey,Very strong,Full caffeine,5.0,3.0,4.0,5.0,2.0,Coffee C,$40-$60,Male,Master's degree,Employed full-time
WAeaYN,25-34 years old,2,"At home, At the office, On the go","Pour over, Espresso","Specialty coffee shop, Local cafe",Cortado,Light,Fruity,Medium,Full caffeine,7.0,4.0,2.0,1.0,4.0,Coffee D,$40-$60,Male,Bachelor's degree,Employed full-time
421lqd,25-34 years old,3,"At home, At a cafe, On the go","Pour over, Coffee brewing machine (e.g. Mr. Coffee)","Local cafe, Specialty coffee shop",Pourover,Nordic,Fruity,Medium,Full caffeine,5.0,5.0,3.0,1.0,4.0,Coffee A,$60-$80,Male,Master's degree,Employed full-time
KMPrWM,25-34 years old,1,At home,Pour over,,Mocha,Light,Fruity,Medium,Full caffeine,6.0,4.0,2.0,3.0,5.0,Coffee D,$60-$80,Male,Bachelor's degree,Employed full-time
NA42jj,35-44 years old,2,At home,"Pour over, Pod/capsule machine (e.g. Keurig/Nespresso), Cold brew, Other",,Regular drip coffee,Light,Fruity,Medium,Full caffeine,7.0,4.0,2.0,2.0,5.0,Coffee D,$20-$40,Non-binary,Bachelor's degree,Employed full-time
5dlaPZ,35-44 years old,1,At the office,,,Cappuccino,Dark,Bold,Somewhat strong,Full caffeine,2.0,3.0,3.0,5.0,4.0,Coffee C,<$20,Female,Master's degree,Employed full-time
1rbQLl,35-44 years old,3,"At home, At a cafe","Pour over, Espresso",,Pourover,Nordic,Sweet,Somewhat strong,Full caffeine,8.0,4.0,1.0,2.0,4.0,Coffee A,$80-$100,Male,Bachelor's degree,Employed full-time
VZ9WWj,25-34 years old,2,"At home, At the office, On the go","Pour over, Cold brew","National chain (e.g. Starbucks, Dunkin), Specialty coffee shop, Local cafe",Pourover,Medium,Full Bodied,Somewhat strong,Full caffeine,7.0,4.0,2.0,5.0,3.0,Coffee C,<$20,Male,Some college or associate's degree,Employed full-time
J2VE7o,35-44 years old,3,"At home, At a cafe",Pour over,,Pourover,Light,Fruity,Somewhat strong,Full caffeine,7.0,4.0,2.0,3.0,5.0,Coffee D,$40-$60,Male,Master's degree,Employed full-time
pL0prV,35-44 years old,Less than 1,"At a cafe, At home",Pour over,,Blended drink (e.g. Frappuccino),Light,Sweet,Somewhat strong,Full caffeine,5.0,5.0,2.0,3.0,4.0,Coffee A,<$20,Female,Bachelor's degree,Employed part-time
8dJ4kr,25-34 years old,3,At home,Pour over,,Regular drip coffee,Medium,Full Bodied,Somewhat strong,Full caffeine,5.0,,,,,,,,,
8dJbO5,45-54 years old,1,At home,Pour over,,Pourover,Light,Nutty,Somewhat strong,Full caffeine,5.0,2.0,4.0,5.0,3.0,Coffee C,$20-$40,Female,Master's degree,Employed full-time
BGLWAQ,18-24 years old,Less than 1,At a cafe,,,Pourover,,,,,,,,,,,,,,
MArpbE,45-54 years old,4,At home,Other,,Espresso,Dark,Bold,Very strong,Full caffeine,5.0,2.0,4.0,5.0,1.0,Coffee C,$20-$40,Male,Master's degree,Employed full-time
EPB7JB,35-44 years old,2,At home,"Pour over, Espresso",,Pourover,Light,Fruity,Somewhat strong,Full caffeine,7.0,5.0,4.0,1.0,5.0,Coffee D,$20-$40,Male,Master's degree,Employed full-time
bl2QVo,18-24 years old,2,"At home, At the office",French press,,Pourover,Medium,Caramalized,Somewhat strong,Full caffeine,6.0,3.0,5.0,4.0,3.0,Coffee B,$20-$40,Male,Master's degree,Employed full-time
1rbogO,35-44 years old,2,At home,"Pour over, Espresso",,Pourover,Light,Bright,Somewhat strong,Full caffeine,5.0,2.0,2.0,3.0,4.0,Coffee D,$60-$80,Male,Master's degree,Employed full-time
ZdGrXv,25-34 years old,1,"At the office, At home","Pour over, Pod/capsule machine (e.g. Keurig/Nespresso), Other",,Pourover,Light,Floral,Medium,Full caffeine,5.0,2.0,3.0,1.0,5.0,Coffee D,$20-$40,Male,Master's degree,Employed full-time
5dlP0b,25-34 years old,3,"At home, On the go, At a cafe","Pour over, Espresso, Cold brew, French press",Specialty coffee shop,Pourover,Light,Fruity,Very strong,Full caffeine,7.0,4.0,2.0,3.0,5.0,Coffee D,$40-$60,Male,Bachelor's degree,Employed full-time
yl0574,25-34 years old,2,"At home, At the office",Pour over,,Cappuccino,Light,Juicy,Somewhat strong,Full caffeine,7.0,4.0,3.0,2.0,5.0,Coffee C,$40-$60,Male,Bachelor's degree,Employed full-time
7dJYrL,25-34 years old,3,At home,"Pour over, Espresso",,Pourover,Light,Fruity,Somewhat strong,Full caffeine,9.0,4.0,2.0,3.0,5.0,Coffee D,<$20,Male,Master's degree,Employed full-time
pL0p0B,25-34 years old,Less than 1,At a cafe,,,Latte,Light,Nutty,Weak,Decaf,2.0,4.0,2.0,3.0,1.0,Coffee A,$40-$60,Male,Bachelor's degree,Employed full-time
NA41kO,25-34 years old,1,At home,"Espresso, Pour over",,Espresso,Light,Juicy,Somewhat strong,Full caffeine,8.0,5.0,3.0,1.0,3.0,Coffee A,$40-$60,Male,Bachelor's degree,Employed full-time
RzZ9Md,35-44 years old,2,"At home, At the office","Pour over, French press, Coffee brewing machine (e.g. Mr. Coffee), Coffee extract (e.g. Cometeer)",,Regular drip coffee,Dark,Bold,Very strong,Full caffeine,6.0,2.0,3.0,5.0,2.0,Coffee C,$80-$100,Male,Bachelor's degree,Employed full-time
EPBVEB,25-34 years old,2,At home,Other,,Regular drip coffee,Light,Fruity,Somewhat strong,Full caffeine,6.0,1.0,2.0,3.0,4.0,Coffee D,$20-$40,Male,Bachelor's degree,Employed full-time
LdE2P1,35-44 years old,2,At the office,,,Espresso,Medium,Full Bodied,Very strong,Decaf,7.0,3.0,4.0,5.0,3.0,Coffee C,$20-$40,Male,Bachelor's degree,Employed full-time
1rbav4,35-44 years old,2,"At home, At a cafe",Espresso,,Americano,Light,Nutty,Medium,Full caffeine,8.0,5.0,2.0,3.0,3.0,Coffee A,$80-$100,Female,Master's degree,Employed full-time
YZoAkW,45-54 years old,2,At home,Bean-to-cup machine,,Espresso,Dark,Bold,Somewhat strong,Full caffeine,4.0,,,,,,,,,
zK06rZ,25-34 years old,2,"At home, On the go, At the office","Espresso, Other","National chain (e.g. Starbucks, Dunkin)",Mocha,Blonde,Bright,Medium,Full caffeine,6.0,5.0,3.0,2.0,4.0,Coffee A,,Male,Bachelor's degree,Employed full-time
qbYlJg,35-44 years old,1,"At home, On the go","Pod/capsule machine (e.g. Keurig/Nespresso), Cold brew, Pour over",Specialty coffee shop,Iced coffee,Dark,Bold,Very strong,Full caffeine,3.0,2.0,4.0,4.0,1.0,Coffee B,$60-$80,Female,Master's degree,Unemployed
24b6lD,25-34 years old,3,At home,"Coffee brewing machine (e.g. Mr. Coffee), Pod/capsule machine (e.g. Keurig/Nespresso), Pour over",,Latte,Light,Caramalized,Medium,Full caffeine,3.0,3.0,4.0,4.0,2.0,Coffee D,$60-$80,Female,Bachelor's degree,Unemployed
YZolB0,25-34 years old,Less than 1,"At home, At a cafe",Pour over,,Pourover,Light,Fruity,Somewhat strong,Full caffeine,4.0,4.0,3.0,2.0,5.0,Coffee D,<$20,Male,Bachelor's degree,Employed full-time
WAe71v,25-34 years old,1,At home,Other,,Cortado,Medium,Full Bodied,Somewhat strong,Full caffeine,6.0,3.0,4.0,5.0,3.0,Coffee C,$20-$40,Male,Bachelor's degree,Employed full-time
5dlAod,35-44 years old,2,At home,"Pour over, Coffee brewing machine (e.g. Mr. Coffee)",,Pourover,Medium,Chocolatey,Somewhat strong,Full caffeine,7.0,2.0,4.0,4.0,3.0,Coffee C,$40-$60,Male,Master's degree,Employed full-time
J2V4BR,35-44 years old,1,"At home, At the office","Coffee brewing machine (e.g. Mr. Coffee), Pour over",,Cappuccino,Dark,Chocolatey,Medium,Full caffeine,1.0,3.0,4.0,5.0,1.0,Coffee B,$40-$60,Female,Bachelor's degree,Employed full-time
6d1Bx5,25-34 years old,1,At home,"Espresso, French press, Other",,Cortado,Medium,Fruity,Somewhat strong,Full caffeine,6.0,3.0,4.0,4.0,5.0,Coffee D,$40-$60,Male,Bachelor's degree,Employed full-time
aBjMgv,18-24 years old,1,At home,Espresso,,Latte,Medium,Full Bodied,Medium,Full caffeine,6.0,3.0,4.0,5.0,1.0,Coffee C,$20-$40,Male,Master's degree,Employed full-time
LdE2B1,35-44 years old,More than 4,"At home, At the office, On the go",Coffee brewing machine (e.g. Mr. Coffee),"National chain (e.g. Starbucks, Dunkin)",Americano,Medium,Bright,Very strong,Full caffeine,6.0,4.0,5.0,4.0,2.0,Coffee B,>$100,Male,Some college or associate's degree,Employed full-time
GroPMQ,25-34 years old,2,"At the office, At home, At a cafe, On the go","Pour over, Espresso","Specialty coffee shop, National chain (e.g. Starbucks, Dunkin)",Pourover,Light,Fruity,Medium,Full caffeine,7.0,3.0,4.0,3.0,2.0,Coffee B,$40-$60,Male,Doctorate or professional degree,Employed full-time
8dJlOk,35-44 years old,1,At home,"Pour over, Coffee brewing machine (e.g. Mr. Coffee)",,Regular drip coffee,Medium,Chocolatey,Somewhat light,Full caffeine,3.0,2.0,4.0,5.0,3.0,Coffee C,$40-$60,Female,Some college or associate's degree,Homemaker
421be5,25-34 years old,1,On the go,,"National chain (e.g. Starbucks, Dunkin)",Latte,Medium,Caramalized,Medium,Full caffeine,1.0,3.0,1.0,2.0,4.0,Coffee D,,,,
yl0aKd,45-54 years old,1,At home,"Pour over, Other",,Cortado,Light,Caramalized,Medium,Full caffeine,5.0,4.0,2.0,1.0,5.0,Coffee D,$80-$100,Male,Doctorate or professional degree,Employed full-time
NA4Zep,45-54 years old,3,At home,"Pour over, Espresso, Coffee brewing machine (e.g. Mr. Coffee)",,Cortado,Medium,Sweet,Medium,Full caffeine,7.0,3.0,4.0,3.0,3.0,Coffee C,,,,
LdE2AJ,35-44 years old,1,At home,"Pour over, French press, Instant coffee, Other",,Pourover,Light,Fruity,Somewhat strong,Full caffeine,5.0,2.0,4.0,5.0,1.0,Coffee C,$20-$40,Male,Bachelor's degree,Employed full-time
ZdG7oB,25-34 years old,3,"At home, At a cafe","Pour over, Espresso",,Cortado,Light,Bright,Somewhat strong,Full caffeine,7.0,3.0,3.0,3.0,5.0,Coffee D,$80-$100,Male,Bachelor's degree,Employed full-time
OAj2QY,35-44 years old,1,"At the office, At home","Pod/capsule machine (e.g. Keurig/Nespresso), French press",,Other,Medium,Bold,Somewhat strong,Full caffeine,3.0,2.0,2.0,4.0,3.0,Coffee C,$20-$40,Female,Some college or associate's degree,Employed full-time
QAxZKY,55-64 years old,2,"At home, On the go",Coffee brewing machine (e.g. Mr. Coffee),"Drive-thru, National chain (e.g. Starbucks, Dunkin)",Latte,Blonde,Sweet,Somewhat light,Full caffeine,2.0,4.0,5.0,3.0,1.0,Coffee B,$20-$40,Female,Master's degree,Retired
VZ9eEj,25-34 years old,2,"At home, At the office, At a cafe",French press,,Espresso,Medium,Full Bodied,Somewhat strong,Full caffeine,4.0,5.0,4.0,4.0,3.0,Coffee A,$20-$40,Male,Some college or associate's degree,Employed full-time
QAxZoX,25-34 years old,1,"At home, At a cafe","Pour over, French press, Cold brew",,Pourover,Light,Fruity,Somewhat strong,Full caffeine,7.0,2.0,3.0,2.0,5.0,Coffee D,$20-$40,Male,Some college or associate's degree,Student
24bWa9,18-24 years old,2,At home,Pour over,,Pourover,Medium,Fruity,Somewhat strong,Full caffeine,8.0,2.0,3.0,3.0,5.0,Coffee D,$20-$40,Male,Bachelor's degree,Unemployed
RzZNGK,>65 years old,2,At home,"Pour over, Espresso",,Other,Medium,Chocolatey,Very strong,Full caffeine,8.0,4.0,5.0,4.0,2.0,Coffee B,$40-$60,Male,Doctorate or professional degree,Retired
kY0o0j,25-34 years old,1,"At home, On the go, At a cafe",Pour over,Specialty coffee shop,Pourover,Light,Floral,Somewhat strong,Full caffeine,7.0,3.0,1.0,2.0,5.0,Coffee D,$20-$40,Male,Bachelor's degree,Employed full-time
EPBO42,25-34 years old,2,"At the office, At home","Coffee extract (e.g. Cometeer), Coffee brewing machine (e.g. Mr. Coffee)",,Iced coffee,Medium,Full Bodied,Somewhat strong,Full caffeine,3.0,1.0,4.0,4.0,2.0,Coffee C,$40-$60,Male,Master's degree,Employed full-time
LdErgl,35-44 years old,4,At home,"Pour over, French press, Espresso",,Americano,Light,Bright,Medium,Full caffeine,7.0,3.0,3.0,2.0,4.0,Coffee D,>$100,Female,Doctorate or professional degree,Employed full-time
NA4j2B,55-64 years old,3,"At home, At the office",Pod/capsule machine (e.g. Keurig/Nespresso),,Espresso,Medium,Juicy,Very strong,Full caffeine,5.0,,,,,,,,,
dYZM4K,25-34 years old,2,At home,Pour over,,Pourover,Light,Fruity,Somewhat light,Full caffeine,9.0,4.0,3.0,2.0,4.0,Coffee C,$40-$60,Male,Bachelor's degree,Employed full-time
4216Gr,35-44 years old,1,At home,Bean-to-cup machine,,Latte,Medium,Bright,Medium,Full caffeine,6.0,5.0,3.0,4.0,4.0,Coffee A,$40-$60,Female,Master's degree,Employed full-time
OAj2P8,25-34 years old,2,At home,"Coffee brewing machine (e.g. Mr. Coffee), Coffee extract (e.g. Cometeer)",,Latte,Medium,Bold,Somewhat strong,Full caffeine,2.0,1.0,5.0,4.0,1.0,Coffee B,$40-$60,Female,Master's degree,Employed full-time
g5Ql6l,35-44 years old,Less than 1,At home,Coffee brewing machine (e.g. Mr. Coffee),,Mocha,Medium,Sweet,Medium,Full caffeine,3.0,1.0,2.0,4.0,3.0,Coffee C,$20-$40,Female,Bachelor's degree,Unemployed
1rbQAL,55-64 years old,2,At home,Coffee brewing machine (e.g. Mr. Coffee),,Pourover,Dark,Full Bodied,Somewhat strong,Full caffeine,4.0,5.0,5.0,2.0,3.0,Coffee A,$20-$40,Female,Bachelor's degree,Employed full-time
PA2xLe,25-34 years old,1,"At home, At the office","French press, Other",,Latte,Medium,Chocolatey,Somewhat strong,Full caffeine,4.0,3.0,3.0,4.0,4.0,Coffee C,$20-$40,Male,Bachelor's degree,Employed full-time
zK09P8,35-44 years old,1,"At the office, At home",Pour over,,Pourover,Light,Fruity,Somewhat strong,Full caffeine,8.0,3.0,3.0,5.0,4.0,Coffee C,$40-$60,Male,Bachelor's degree,Employed full-time
MArW1E,45-54 years old,2,"At a cafe, At home","Pour over, French press, Espresso",,Pourover,Light,Sweet,Somewhat strong,Full caffeine,7.0,2.0,4.0,3.0,4.0,Coffee B,$40-$60,Male,Some college or associate's degree,Employed full-time
J2VQK7,25-34 years old,2,"At home, On the go","Pour over, French press","National chain (e.g. Starbucks, Dunkin)",Pourover,Light,Bright,Medium,Full caffeine,7.0,3.0,3.0,5.0,1.0,Coffee C,$40-$60,Male,Master's degree,Employed full-time
KMPEj7,35-44 years old,2,At home,Espresso,,Cortado,Light,Fruity,Very strong,Full caffeine,9.0,2.0,3.0,2.0,4.0,Coffee D,$60-$80,Female,Bachelor's degree,Employed full-time
421MJ5,45-54 years old,3,At the office,,,Americano,Medium,Full Bodied,Somewhat strong,Full caffeine,6.0,,,,,,,,,
zK09M0,25-34 years old,2,At home,"Pour over, French press",,Pourover,Light,Sweet,Medium,Full caffeine,6.0,5.0,3.0,3.0,4.0,Coffee A,$40-$60,Male,Doctorate or professional degree,Employed full-time
kY0oQe,35-44 years old,2,"At home, At the office",Pour over,,Pourover,Medium,Nutty,Medium,Full caffeine,6.0,1.0,3.0,5.0,4.0,Coffee C,$20-$40,Male,Master's degree,Employed full-time
J2VQqz,25-34 years old,Less than 1,At home,"French press, Coffee brewing machine (e.g. Mr. Coffee)",,Regular drip coffee,Medium,Full Bodied,Somewhat strong,Half caff,3.0,4.0,4.0,5.0,3.0,Coffee C,<$20,Male,,
OAj6lM,25-34 years old,2,At home,Coffee brewing machine (e.g. Mr. Coffee),,Cappuccino,Light,Fruity,Somewhat strong,Full caffeine,6.0,4.0,3.0,3.0,2.0,Coffee A,$20-$40,Male,Bachelor's degree,Employed full-time
YZo1QW,35-44 years old,2,At home,"Pour over, Coffee brewing machine (e.g. Mr. Coffee)",,Pourover,Light,Juicy,Very strong,Full caffeine,8.0,1.0,3.0,2.0,5.0,Coffee D,>$100,Male,Bachelor's degree,Employed full-time
MArWYp,25-34 years old,,"At home, At a cafe",Pour over,,Cortado,Light,Sweet,Somewhat light,Full caffeine,4.0,5.0,,,,,,,,
ZdGM2V,25-34 years old,2,"At home, At the office","Espresso, Instant coffee, Other",,Espresso,Medium,Full Bodied,Somewhat strong,Full caffeine,5.0,2.0,4.0,4.0,3.0,Coffee C,<$20,Male,Bachelor's degree,Employed full-time
pL0QyP,25-34 years old,2,At home,"Espresso, Pour over",,Espresso,Medium,Fruity,Somewhat strong,Full caffeine,7.0,3.0,5.0,1.0,4.0,Coffee B,$20-$40,Male,Master's degree,Employed full-time
ZdGMlo,18-24 years old,1,At home,Coffee brewing machine (e.g. Mr. Coffee),,Latte,Medium,Bold,Somewhat strong,Full caffeine,1.0,1.0,5.0,4.0,2.0,Coffee B,<$20,Female,Bachelor's degree,Homemaker
g5QEA4,35-44 years old,3,At home,"Pour over, Espresso",,Pourover,Medium,Sweet,Somewhat strong,Full caffeine,7.0,4.0,3.0,3.0,2.0,Coffee A,$20-$40,Male,Doctorate or professional degree,Employed full-time
kY02eZ,25-34 years old,2,"At home, At a cafe, At the office","Pour over, Espresso",,Pourover,Light,Nutty,Medium,Full caffeine,8.0,1.0,4.0,2.0,1.0,Coffee B,$40-$60,Male,Doctorate or professional degree,Student
bl2oOL,25-34 years old,2,At home,Espresso,,Cortado,Light,Fruity,Somewhat strong,Full caffeine,8.0,3.0,2.0,1.0,3.0,Coffee D,$60-$80,Female,Master's degree,Employed full-time
xd0APy,35-44 years old,3,At the office,,,Latte,Medium,Bright,Somewhat strong,Full caffeine,5.0,2.0,5.0,4.0,2.0,Coffee B,$80-$100,Female,Master's degree,Employed full-time
EPB28o,35-44 years old,1,At home,Other,,Regular drip coffee,Medium,Chocolatey,Very strong,Full caffeine,3.0,2.0,4.0,5.0,2.0,Coffee C,<$20,Female,Master's degree,Employed full-time
24bpOV,35-44 years old,2,"At home, At the office",Other,,Pourover,Light,Fruity,Somewhat strong,Full caffeine,7.0,4.0,2.0,3.0,4.0,Coffee D,>$100,Male,Doctorate or professional degree,Employed full-time
EPB2bN,35-44 years old,3,"At a cafe, At home, At the office","Pour over, Cold brew",,Pourover,Light,Sweet,Medium,Full caffeine,7.0,2.0,3.0,4.0,5.0,Coffee D,$60-$80,Male,Bachelor's degree,Employed full-time
LdEeGp,35-44 years old,2,"At home, At the office","Pour over, Espresso",,Pourover,Light,Bright,Medium,Full caffeine,7.0,3.0,2.0,4.0,5.0,Coffee D,$20-$40,Male,Bachelor's degree,Employed full-time
MArWLM,25-34 years old,Less than 1,"At a cafe, At home","Pour over, Espresso",,Latte,Light,Fruity,Somewhat strong,Full caffeine,4.0,3.0,1.0,2.0,4.0,Coffee D,<$20,Female,Master's degree,Employed full-time
yl0QNX,18-24 years old,1,"At home, At a cafe","Pour over, Cold brew",,Regular drip coffee,Medium,Chocolatey,Somewhat strong,Full caffeine,5.0,4.0,5.0,3.0,2.0,Coffee B,$40-$60,Male,Bachelor's degree,Employed part-time
GroOb2,18-24 years old,,,,,,,,,,,,,,,,,,,
rl0ek5,35-44 years old,3,"At home, At a cafe","Pour over, French press",,Espresso,Light,Floral,Medium,Full caffeine,6.0,5.0,1.0,3.0,5.0,Coffee A,$40-$60,Male,Bachelor's degree,Employed full-time
bl2oKe,45-54 years old,2,"At home, At the office, At a cafe","Espresso, Pour over, Coffee brewing machine (e.g. Mr. Coffee)",,Cortado,Medium,Juicy,Somewhat strong,Full caffeine,8.0,3.0,3.0,4.0,3.0,Coffee C,>$100,Male,Doctorate or professional degree,Employed full-time
NA4a8G,18-24 years old,Less than 1,"At home, At the office, At a cafe","Coffee brewing machine (e.g. Mr. Coffee), Cold brew, Pour over",,Cold brew,Medium,Bright,Somewhat strong,Full caffeine,5.0,1.0,3.0,1.0,1.0,Coffee B,<$20,Male,Bachelor's degree,Employed full-time
7dJy1L,25-34 years old,1,At home,Pour over,,Latte,Medium,Nutty,Somewhat light,Full caffeine,5.0,2.0,2.0,4.0,1.0,Coffee C,<$20,Female,Master's degree,Employed full-time
oA0qlV,35-44 years old,2,"At a cafe, At the office, At home","Pour over, Espresso",,Cappuccino,Light,Fruity,Medium,Full caffeine,8.0,3.0,2.0,4.0,5.0,Coffee D,$40-$60,Male,Doctorate or professional degree,Employed full-time
xd05Ad,25-34 years old,2,"At home, At the office",Pour over,,Pourover,Light,Juicy,Somewhat strong,Full caffeine,6.0,4.0,3.0,4.0,5.0,Coffee D,,Non-binary,Some college or associate's degree,Employed full-time
pL0EGV,35-44 years old,2,At home,"Other, Pour over",,Other,Light,Fruity,Medium,Full caffeine,8.0,4.0,2.0,1.0,5.0,Coffee D,$40-$60,Male,Bachelor's degree,Employed full-time
PA27Bb,35-44 years old,1,At home,"Other, French press",,Cappuccino,Light,Sweet,Medium,Half caff,3.0,3.0,5.0,1.0,3.0,Coffee B,$20-$40,Male,Bachelor's degree,
RzZNVQ,25-34 years old,1,"At a cafe, At home","Pour over, Espresso, Instant coffee, Coffee extract (e.g. Cometeer), Cold brew",,Cappuccino,Medium,Sweet,Medium,Full caffeine,8.0,3.0,2.0,1.0,5.0,Coffee D,>$100,Male,Bachelor's degree,Employed full-time
9d6k64,25-34 years old,3,"At home, On the go, At a cafe, At the office","Pour over, Espresso",Specialty coffee shop,Americano,Light,Fruity,Somewhat strong,Full caffeine,9.0,4.0,1.0,3.0,5.0,Coffee D,$60-$80,Male,Master's degree,Employed full-time
QAxbe1,35-44 years old,2,On the go,,"National chain (e.g. Starbucks, Dunkin)",Cold brew,Medium,Bold,Somewhat strong,Full caffeine,5.0,,,,,,,,,
xd0qov,25-34 years old,2,"At home, At a cafe","Pour over, Espresso, Cold brew, Instant coffee",,Latte,Light,Nutty,Medium,Full caffeine,3.0,4.0,2.0,3.0,5.0,Coffee D,>$100,Non-binary,Bachelor's degree,Employed full-time
24bDag,35-44 years old,1,"At home, On the go, At a cafe, At the office",Coffee brewing machine (e.g. Mr. Coffee),Specialty coffee shop,Regular drip coffee,Medium,Caramalized,Somewhat strong,Full caffeine,7.0,4.0,1.0,2.0,5.0,Coffee D,$20-$40,Male,Some college or associate's degree,Employed part-time
aBjRaE,25-34 years old,1,"At home, On the go","Pour over, Espresso","National chain (e.g. Starbucks, Dunkin)",Americano,Medium,Bright,Somewhat strong,Full caffeine,5.0,2.0,2.0,4.0,5.0,Coffee C,$40-$60,Male,Doctorate or professional degree,Employed full-time
rl0eqL,25-34 years old,1,"At home, At the office","Pour over, Espresso, French press",,Pourover,Light,Nutty,Somewhat strong,Full caffeine,5.0,2.0,3.0,3.0,4.0,Coffee D,$20-$40,Male,Bachelor's degree,Employed full-time
PA27P0,25-34 years old,1,"At home, At a cafe","Pour over, Espresso, Cold brew",,Latte,Medium,Floral,Somewhat strong,Full caffeine,8.0,5.0,4.0,3.0,2.0,Coffee A,$60-$80,Male,Bachelor's degree,Employed full-time
xd0ABE,35-44 years old,2,At home,French press,,Regular drip coffee,Medium,Fruity,Very strong,Half caff,7.0,4.0,1.0,2.0,5.0,Coffee D,$40-$60,Male,Doctorate or professional degree,Employed full-time
8dJXEo,35-44 years old,2,At home,"Pour over, French press, Bean-to-cup machine",,Pourover,Light,Chocolatey,Very strong,Full caffeine,9.0,4.0,3.0,5.0,4.0,Coffee C,$40-$60,Male,Bachelor's degree,Employed full-time
ZdGML5,25-34 years old,2,"At the office, At home, At a cafe","Pod/capsule machine (e.g. Keurig/Nespresso), Pour over",,Pourover,Medium,Chocolatey,Somewhat strong,Full caffeine,6.0,3.0,5.0,4.0,2.0,Coffee B,$60-$80,Female,Bachelor's degree,Employed full-time
5dlJgQ,18-24 years old,2,"At home, On the go, At the office","Pour over, Coffee brewing machine (e.g. Mr. Coffee), Cold brew","Specialty coffee shop, Local cafe",Cortado,Medium,Juicy,Somewhat strong,Full caffeine,7.0,4.0,2.0,2.0,4.0,Coffee C,$40-$60,Male,Bachelor's degree,Employed full-time
LdEejy,18-24 years old,Less than 1,At the office,,,Pourover,Medium,Bold,Medium,Full caffeine,4.0,3.0,4.0,2.0,2.0,Coffee B,$20-$40,Male,Bachelor's degree,Employed full-time
EPB2YA,25-34 years old,2,At home,"Pour over, Espresso",,Cappuccino,Medium,Caramalized,Somewhat strong,Full caffeine,8.0,1.0,3.0,5.0,4.0,Coffee C,$40-$60,Male,Some college or associate's degree,Employed part-time
6d1gzN,25-34 years old,1,"At home, On the go, At a cafe","Pour over, French press, Espresso","Local cafe, Specialty coffee shop",Americano,Medium,Juicy,Somewhat strong,,8.0,2.0,3.0,4.0,4.0,Coffee C,$20-$40,Female,Some college or associate's degree,Employed full-time
KMP9bA,35-44 years old,2,"At home, On the go, At a cafe, At the office","Pour over, Espresso, Other","Drive-thru, National chain (e.g. Starbucks, Dunkin)",Mocha,Light,Bright,Somewhat strong,Full caffeine,7.0,3.0,4.0,3.0,4.0,Coffee D,$60-$80,Male,Bachelor's degree,Employed full-time
J2VQ54,18-24 years old,2,At home,"Pour over, Espresso, Coffee brewing machine (e.g. Mr. Coffee), Cold brew",,Cortado,Light,Full Bodied,Somewhat strong,Full caffeine,7.0,5.0,2.0,4.0,3.0,Coffee A,$60-$80,Male,Bachelor's degree,Employed full-time
lN0x46,35-44 years old,2,At home,"Pour over, Espresso, Coffee extract (e.g. Cometeer)",,Cortado,Light,Juicy,Somewhat strong,Full caffeine,7.0,4.0,2.0,1.0,3.0,Coffee A,$20-$40,Male,Master's degree,Employed full-time
5dlJ7E,25-34 years old,3,"At the office, At a cafe, At home",Other,,Regular drip coffee,Medium,Juicy,Somewhat strong,Full caffeine,8.0,4.0,4.0,2.0,5.0,Coffee D,$40-$60,Male,Bachelor's degree,Employed full-time
BGLrPN,35-44 years old,2,"At home, At a cafe, On the go, At the office","Coffee brewing machine (e.g. Mr. Coffee), Coffee extract (e.g. Cometeer), Cold brew","Local cafe, Specialty coffee shop, National chain (e.g. Starbucks, Dunkin)",Americano,Medium,Fruity,Somewhat strong,Full caffeine,5.0,3.0,3.0,2.0,5.0,Coffee D,$20-$40,Female,Some college or associate's degree,Employed full-time
8dJ9NA,25-34 years old,2,At home,Coffee extract (e.g. Cometeer),,Cortado,Light,Bright,Somewhat strong,Full caffeine,6.0,1.0,4.0,5.0,5.0,Coffee C,$60-$80,Male,Bachelor's degree,Employed full-time
8dJ9Kr,35-44 years old,2,At home,Coffee brewing machine (e.g. Mr. Coffee),,Regular drip coffee,Light,Fruity,Somewhat strong,Full caffeine,4.0,,,,,,,,,
vN0Re8,35-44 years old,1,"At home, At the office",Pour over,,Pourover,Light,Fruity,Medium,Full caffeine,6.0,5.0,2.0,3.0,4.0,Coffee A,$40-$60,Male,Bachelor's degree,Employed full-time
421ZLr,35-44 years old,2,"At home, On the go, At the office, At a cafe","Pour over, French press, Cold brew",,Pourover,,Fruity,Somewhat strong,Full caffeine,,,,,,,,,,
YZo1L5,35-44 years old,1,"At home, At a cafe",Coffee brewing machine (e.g. Mr. Coffee),,Americano,Medium,Bold,Somewhat strong,Full caffeine,3.0,4.0,3.0,2.0,3.0,Coffee A,<$20,Male,Bachelor's degree,Employed full-time
LdE80y,35-44 years old,2,"At home, At a cafe","Coffee extract (e.g. Cometeer), Pour over",,Pourover,Medium,Caramalized,Medium,Full caffeine,9.0,,,,,Coffee B,,,,
qbYyOg,45-54 years old,2,At the office,,,Pourover,Light,Fruity,Somewhat light,Full caffeine,9.0,,,,,Coffee A,,,,
zK0VKg,35-44 years old,2,"At home, At the office","Pour over, French press",,Pourover,Medium,Nutty,Medium,Full caffeine,4.0,3.0,5.0,4.0,1.0,Coffee B,$40-$60,Male,Doctorate or professional degree,Employed full-time
rl0XVo,25-34 years old,3,At home,"Pour over, Coffee brewing machine (e.g. Mr. Coffee)",,Cappuccino,Light,Fruity,Somewhat strong,Full caffeine,6.0,5.0,2.0,1.0,4.0,Coffee A,$80-$100,Male,Master's degree,Employed full-time
PA2o5x,25-34 years old,2,"At home, At the office","Coffee brewing machine (e.g. Mr. Coffee), Pour over",,Pourover,Light,Fruity,Very strong,Full caffeine,6.0,5.0,3.0,4.0,5.0,Coffee B,$40-$60,Male,Bachelor's degree,Employed full-time
qbYyb5,25-34 years old,1,"At home, At a cafe","Pour over, Other, Espresso",,Cortado,Medium,Full Bodied,Somewhat strong,Full caffeine,7.0,4.0,2.0,3.0,5.0,Coffee D,$40-$60,Male,Bachelor's degree,Employed full-time
5dlNZb,35-44 years old,Less than 1,At home,Espresso,,Espresso,Light,Caramalized,Somewhat light,Decaf,2.0,4.0,5.0,2.0,1.0,Coffee B,<$20,Female,Bachelor's degree,
eBNbAx,35-44 years old,2,At the office,,,Pourover,Light,Bright,Medium,Full caffeine,8.0,4.0,2.0,1.0,4.0,Coffee D,$40-$60,Male,Doctorate or professional degree,Employed full-time
OAjR0a,25-34 years old,2,"At the office, At home, On the go","Pour over, Pod/capsule machine (e.g. Keurig/Nespresso), Cold brew, Espresso","Local cafe, Specialty coffee shop, National chain (e.g. Starbucks, Dunkin)",Iced coffee,Dark,Caramalized,Very strong,Full caffeine,7.0,4.0,3.0,2.0,3.0,Coffee A,$40-$60,Female,Doctorate or professional degree,Employed full-time
kY0LOR,35-44 years old,Less than 1,"At the office, At home",Pour over,,Cold brew,Light,Fruity,Medium,Full caffeine,5.0,,,,,,,,,
KMPXLX,45-54 years old,2,"At the office, At home",Espresso,,Americano,Medium,Caramalized,Medium,Full caffeine,6.0,4.0,3.0,3.0,2.0,Coffee B,$20-$40,Male,Bachelor's degree,Employed full-time
kY0LAr,25-34 years old,2,At home,"Pour over, Espresso",,Cortado,Medium,Chocolatey,Somewhat strong,Full caffeine,7.0,5.0,2.0,3.0,4.0,Coffee A,$40-$60,Male,Bachelor's degree,Employed full-time
jB0KLJ,35-44 years old,2,"At the office, At home, At a cafe","Pour over, Coffee brewing machine (e.g. Mr. Coffee)",,Cortado,Medium,Bright,Somewhat strong,Full caffeine,7.0,4.0,4.0,3.0,2.0,Coffee A,$20-$40,Male,Bachelor's degree,Employed full-time
Al6kbz,45-54 years old,2,At home,Espresso,,Americano,Light,Fruity,Somewhat strong,Full caffeine,8.0,5.0,3.0,3.0,5.0,Coffee D,$40-$60,Male,Doctorate or professional degree,Employed full-time
WAe4Mv,35-44 years old,2,At home,"Pour over, Coffee extract (e.g. Cometeer)",,Pourover,Light,Fruity,Medium,Full caffeine,7.0,4.0,2.0,3.0,5.0,Coffee D,>$100,Female,Master's degree,Employed full-time
9d6eEV,35-44 years old,2,At home,Pour over,,Pourover,Light,Fruity,Somewhat strong,Full caffeine,6.0,4.0,3.0,5.0,4.0,Coffee C,$40-$60,Male,High school graduate,Employed full-time
MAr0VX,45-54 years old,1,At the office,Pour over,,Pourover,Dark,Bold,Somewhat strong,Full caffeine,6.0,,,,,,,,,
6d1qWP,25-34 years old,2,"At home, At the office",Coffee brewing machine (e.g. Mr. Coffee),,Regular drip coffee,Medium,Sweet,Somewhat strong,Full caffeine,3.0,2.0,4.0,4.0,3.0,Coffee C,$40-$60,Male,High school graduate,Employed full-time
BGLvAQ,25-34 years old,2,"At the office, On the go, At a cafe, At home","Pour over, Espresso, Cold brew","National chain (e.g. Starbucks, Dunkin), Local cafe, Specialty coffee shop",Cold brew,Light,Bright,Medium,Full caffeine,6.0,3.0,4.0,2.0,5.0,Coffee C,$40-$60,Male,Bachelor's degree,Employed full-time
eBNbyq,25-34 years old,2,At home,"Pour over, Espresso",,Pourover,Medium,Fruity,Somewhat strong,Full caffeine,3.0,,,,,,,,,
YZo2x5,25-34 years old,2,At home,Other,,Latte,Light,Fruity,Somewhat strong,Full caffeine,1.0,1.0,3.0,3.0,5.0,Coffee D,$60-$80,Male,Master's degree,Employed full-time
ZdGxvo,35-44 years old,1,At the office,,,Other,Light,Fruity,Medium,Full caffeine,7.0,4.0,2.0,4.0,5.0,Coffee D,$40-$60,Male,Bachelor's degree,Employed full-time
aBjWKB,25-34 years old,1,"At home, At a cafe",Pour over,,Pourover,Light,Floral,Somewhat strong,Full caffeine,8.0,5.0,2.0,3.0,3.0,Coffee A,$60-$80,Male,Some college or associate's degree,Employed full-time
24b2lj,25-34 years old,1,"On the go, At a cafe, At home","Pour over, Cold brew, Other","Local cafe, National chain (e.g. Starbucks, Dunkin)",Cold brew,Medium,Bold,Somewhat strong,Full caffeine,6.0,2.0,1.0,5.0,4.0,Coffee C,$20-$40,Female,Bachelor's degree,Employed part-time
zK0Vo8,25-34 years old,,At the office,,,Pourover,,,,,,,,,,,,,,
8dJ9RO,25-34 years old,2,"At home, On the go","Pour over, French press, Coffee brewing machine (e.g. Mr. Coffee), Cold brew",Specialty coffee shop,Pourover,Light,Fruity,Somewhat strong,Full caffeine,9.0,4.0,1.0,3.0,5.0,Coffee D,$40-$60,Male,Bachelor's degree,Employed full-time
WAe4BP,25-34 years old,,"At the office, At home","Espresso, Pour over",,Pourover,Medium,Floral,Medium,Full caffeine,8.0,4.0,,,,,,,,
MAr0PY,35-44 years old,2,"At the office, At home",Pour over,,Regular drip coffee,Light,Juicy,Somewhat strong,Full caffeine,7.0,5.0,4.0,3.0,4.0,Coffee A,$20-$40,Male,Master's degree,Employed full-time
lN0pzW,25-34 years old,2,"At home, At the office",Pour over,,Pourover,Light,Fruity,Medium,Full caffeine,6.0,4.0,3.0,4.0,5.0,Coffee D,$20-$40,Male,Master's degree,Employed full-time
NA4zdQ,25-34 years old,2,At home,"Pour over, Espresso, Cold brew",,Cold brew,Medium,Full Bodied,Medium,Full caffeine,5.0,2.0,5.0,3.0,3.0,Coffee B,$20-$40,Male,Master's degree,Employed full-time
GroMYZ,45-54 years old,1,At home,French press,,Mocha,Dark,Chocolatey,Very strong,Full caffeine,5.0,5.0,4.0,3.0,2.0,Coffee A,$20-$40,Female,Bachelor's degree,Employed full-time
jB0KJx,18-24 years old,1,"At home, At the office","Pour over, Espresso, Other",,Cortado,Light,Fruity,Somewhat strong,Full caffeine,8.0,3.0,3.0,4.0,5.0,Coffee D,$40-$60,Male,Bachelor's degree,Employed full-time
EPBpMN,45-54 years old,2,At home,French press,,Pourover,Medium,Fruity,Somewhat strong,Full caffeine,7.0,4.0,4.0,2.0,4.0,Coffee A,$20-$40,Male,Bachelor's degree,Employed full-time
24b2Vp,25-34 years old,2,"At a cafe, At home, On the go","Pour over, Espresso, Pod/capsule machine (e.g. Keurig/Nespresso), Coffee extract (e.g. Cometeer), Cold brew",Specialty coffee shop,Pourover,Light,Juicy,Somewhat strong,Full caffeine,7.0,4.0,2.0,1.0,5.0,Coffee D,>$100,Male,Bachelor's degree,Employed full-time
1rbjEg,45-54 years old,2,"At home, At a cafe","Pour over, Coffee brewing machine (e.g. Mr. Coffee), Cold brew",,Pourover,Light,Juicy,Medium,Full caffeine,8.0,4.0,2.0,1.0,5.0,Coffee D,$40-$60,Male,Doctorate or professional degree,Student
g5QB6J,35-44 years old,,At home,Pour over,,,,,,,,,,,,,,,,
6d1q4e,25-34 years old,1,At home,Other,,Latte,Light,Fruity,Somewhat strong,Full caffeine,7.0,4.0,2.0,3.0,4.0,Coffee D,$20-$40,Non-binary,Master's degree,Student
9d6eg4,25-34 years old,2,At home,Coffee brewing machine (e.g. Mr. Coffee),,Regular drip coffee,Dark,Full Bodied,Very strong,Full caffeine,4.0,4.0,5.0,4.0,3.0,Coffee C,,,,
jB0Kq9,55-64 years old,1,At home,"Coffee extract (e.g. Cometeer), Instant coffee",,Cappuccino,Medium,Full Bodied,Medium,Full caffeine,4.0,1.0,1.0,4.0,4.0,Coffee C,<$20,Female,Bachelor's degree,Homemaker
DVXL6E,55-64 years old,2,"At the office, At home",Espresso,,Espresso,Dark,Bold,Somewhat strong,,3.0,,,,,,,,,
dYZ7yV,,,"At home, At the office, At a cafe","Pour over, Other",,Americano,,,,,,,,,,,,,,
zK0VO1,35-44 years old,3,"At home, At a cafe, At the office","Pour over, Espresso",,Pourover,Light,Fruity,Somewhat strong,Full caffeine,8.0,4.0,3.0,2.0,4.0,Coffee A,$40-$60,Male,Doctorate or professional degree,Employed full-time
g5QBpN,25-34 years old,3,"At home, At a cafe","Pour over, Espresso, French press, Coffee brewing machine (e.g. Mr. Coffee), Coffee extract (e.g. Cometeer), Cold brew",,Espresso,Light,Bright,Somewhat strong,Full caffeine,7.0,5.0,3.0,2.0,5.0,Coffee D,$40-$60,Male,Master's degree,Employed full-time
9d6ey1,25-34 years old,1,"At home, At a cafe",Pour over,,Pourover,Light,Fruity,Somewhat strong,Full caffeine,7.0,5.0,4.0,3.0,5.0,Coffee D,$80-$100,Male,Bachelor's degree,Employed full-time
RzZOqv,35-44 years old,3,At home,"Espresso, Pour over, Coffee extract (e.g. Cometeer), Cold brew",,Espresso,Light,Bright,Medium,Full caffeine,10.0,4.0,2.0,1.0,5.0,Coffee C,,,,
vN0R6X,25-34 years old,2,"At a cafe, At home","Pour over, Coffee brewing machine (e.g. Mr. Coffee)",,Pourover,Light,Fruity,Somewhat strong,Full caffeine,7.0,5.0,4.0,1.0,4.0,Coffee A,$40-$60,Male,Some college or associate's degree,Employed full-time
oA0JJb,35-44 years old,1,At home,"Pour over, Cold brew",,Iced coffee,Light,Bright,Medium,Full caffeine,5.0,,,,,,,,,
EPBpo2,25-34 years old,2,"At home, At the office, At a cafe","Pour over, Coffee extract (e.g. Cometeer)",,Pourover,Medium,Nutty,Medium,Full caffeine,6.0,3.0,3.0,5.0,2.0,Coffee C,$40-$60,Female,Bachelor's degree,Employed full-time
bl2aG2,25-34 years old,1,At home,"Pour over, Espresso, Coffee brewing machine (e.g. Mr. Coffee)",,Pourover,Medium,Floral,Medium,Full caffeine,6.0,4.0,3.0,4.0,3.0,Coffee A,$40-$60,Male,Bachelor's degree,Employed full-time
QAxGkp,35-44 years old,1,"At the office, At home",Other,,Pourover,Light,Nutty,Somewhat strong,Full caffeine,7.0,2.0,4.0,2.0,4.0,Coffee D,$20-$40,Male,,
VZ9rRg,25-34 years old,,"At home, At a cafe, At the office","Pour over, Coffee brewing machine (e.g. Mr. Coffee)",,Cortado,Medium,Fruity,,Full caffeine,7.0,,,,,,,,,
ZdGxB5,55-64 years old,1,At home,Pour over,,Pourover,Light,Fruity,Somewhat strong,Full caffeine,6.0,4.0,3.0,3.0,5.0,Coffee D,$40-$60,Male,Doctorate or professional degree,Retired
xd0G5k,25-34 years old,4,"At home, At the office","Coffee brewing machine (e.g. Mr. Coffee), Pour over, French press",,Regular drip coffee,Light,Fruity,Somewhat strong,Full caffeine,7.0,4.0,2.0,3.0,5.0,Coffee D,$20-$40,Male,Bachelor's degree,Employed full-time
J2Vy5K,25-34 years old,2,"On the go, At home",Other,Other,Latte,Medium,Chocolatey,Medium,Full caffeine,3.0,3.0,3.0,5.0,3.0,Coffee C,,,,
J2VyvX,25-34 years old,1,At home,"Espresso, Pour over",,Cappuccino,Medium,Sweet,Medium,Full caffeine,8.0,5.0,3.0,2.0,5.0,Coffee D,$40-$60,Male,Bachelor's degree,Employed full-time
7dJQ9R,35-44 years old,2,"At home, At the office, At a cafe","Espresso, Other, French press",,Latte,Medium,Chocolatey,Somewhat strong,Full caffeine,7.0,2.0,3.0,3.0,5.0,Coffee A,$60-$80,Male,Master's degree,Employed full-time
0EbXQy,25-34 years old,2,,"Pour over, Cold brew, Other",,Regular drip coffee,Light,Juicy,Medium,Full caffeine,5.0,,,,,,,,,
7dJQOz,25-34 years old,2,"At home, At a cafe, On the go, At the office",Pour over,"Specialty coffee shop, Local cafe",Cappuccino,Light,Caramalized,Medium,Full caffeine,7.0,5.0,4.0,3.0,2.0,Coffee A,$40-$60,Male,Less than high school,Employed full-time
8dJ9Xl,18-24 years old,2,"At a cafe, At home","Pour over, Espresso",,Regular drip coffee,Light,Fruity,Somewhat strong,Full caffeine,7.0,5.0,3.0,2.0,5.0,Coffee A,$40-$60,Male,Bachelor's degree,Employed part-time
rl0XKo,25-34 years old,1,"At home, At a cafe","Espresso, Pour over",,Cortado,Light,Juicy,Medium,Full caffeine,7.0,4.0,1.0,2.0,5.0,Coffee D,$20-$40,Male,Master's degree,Employed part-time
WAe4vv,55-64 years old,3,"At the office, At home","Espresso, Pour over",,Other,Medium,Chocolatey,Somewhat strong,Full caffeine,7.0,2.0,4.0,4.0,2.0,Coffee C,,,,
OAjRqk,18-24 years old,2,At home,"Espresso, Cold brew",,Americano,Dark,Bold,Very strong,Full caffeine,7.0,1.0,3.0,4.0,1.0,Coffee C,<$20,Female,High school graduate,Unemployed
g5QBoJ,18-24 years old,1,"At home, At a cafe",Pour over,,Cortado,Light,Fruity,Very strong,Full caffeine,6.0,4.0,2.0,3.0,5.0,Coffee D,>$100,Male,Some college or associate's degree,Student
zK0lMq,25-34 years old,1,At home,Coffee brewing machine (e.g. Mr. Coffee),,Latte,,,,,,,,,,,,,,
RzZO7j,18-24 years old,2,"At a cafe, At the office, At home",Other,,Other,Medium,Fruity,Medium,Full caffeine,5.0,1.0,3.0,4.0,2.0,Coffee C,$40-$60,Male,Bachelor's degree,Employed full-time
NA4kXG,55-64 years old,2,At home,Coffee brewing machine (e.g. Mr. Coffee),,,Light,,Weak,,1.0,,,,,,,,,
8dJ9vP,25-34 years old,1,At home,"Pour over, French press, Coffee brewing machine (e.g. Mr. Coffee), Coffee extract (e.g. Cometeer)",,Cortado,Light,Fruity,Somewhat strong,Full caffeine,8.0,4.0,3.0,2.0,5.0,Coffee D,$40-$60,Female,Bachelor's degree,Homemaker
GroW6p,18-24 years old,3,At a cafe,,,Cortado,Light,Fruity,Somewhat strong,Full caffeine,6.0,2.0,3.0,3.0,5.0,Coffee D,$40-$60,Male,Some college or associate's degree,Employed part-time
YZo2Av,25-34 years old,2,"At home, At the office","Espresso, Pour over, Cold brew",,Other,Medium,Juicy,Somewhat strong,Full caffeine,5.0,5.0,4.0,3.0,5.0,Coffee D,$20-$40,Male,Bachelor's degree,Employed full-time
1rbjQ4,18-24 years old,1,At home,Pour over,,Iced coffee,Light,Fruity,Very strong,Full caffeine,8.0,4.0,1.0,2.0,3.0,Coffee A,$20-$40,Male,Some college or associate's degree,Student
421Z6r,45-54 years old,1,At home,Other,,Other,Medium,Full Bodied,Somewhat strong,Full caffeine,4.0,3.0,5.0,3.0,3.0,Coffee B,<$20,Male,Bachelor's degree,Employed full-time
PA2oG5,25-34 years old,2,"At home, At the office","Coffee brewing machine (e.g. Mr. Coffee), Other, Espresso",,Regular drip coffee,Medium,Bold,Somewhat strong,Full caffeine,6.0,3.0,2.0,5.0,4.0,Coffee C,$40-$60,Male,Master's degree,Employed full-time
OAjv1R,25-34 years old,2,"At home, At the office, On the go","Pour over, Coffee extract (e.g. Cometeer)",Specialty coffee shop,Pourover,Medium,Bright,Medium,Full caffeine,6.0,2.0,4.0,3.0,2.0,Coffee B,$20-$40,Male,Bachelor's degree,Employed full-time
lN0Q65,25-34 years old,2,"At home, At the office","Pour over, French press, Espresso",,Espresso,Light,Fruity,Somewhat strong,Full caffeine,7.0,5.0,3.0,3.0,5.0,Coffee C,$20-$40,Male,Doctorate or professional degree,Employed full-time
DVXQzb,25-34 years old,2,At a cafe,,,Pourover,Nordic,Floral,Somewhat strong,Full caffeine,10.0,2.0,3.0,3.0,4.0,Coffee D,$60-$80,Male,Master's degree,Homemaker
DVXLgN,35-44 years old,1,At home,"Pod/capsule machine (e.g. Keurig/Nespresso), Coffee extract (e.g. Cometeer), Pour over, Other",,Latte,Medium,Full Bodied,Medium,Full caffeine,6.0,3.0,4.0,3.0,4.0,Coffee B,>$100,Male,Bachelor's degree,
Al6kVz,35-44 years old,2,"At home, At the office","Pour over, Espresso",,Espresso,Light,Chocolatey,Somewhat strong,Full caffeine,7.0,5.0,3.0,4.0,3.0,Coffee A,$60-$80,Male,Master's degree,Employed full-time
EPB9LA,35-44 years old,1,At home,Coffee brewing machine (e.g. Mr. Coffee),,Regular drip coffee,Light,Full Bodied,Medium,Full caffeine,1.0,2.0,2.0,4.0,4.0,Coffee C,$20-$40,Male,Bachelor's degree,Employed full-time
rl07A5,18-24 years old,1,"At a cafe, At home","Pour over, Pod/capsule machine (e.g. Keurig/Nespresso)",,Latte,Medium,Chocolatey,Medium,Full caffeine,2.0,2.0,1.0,4.0,3.0,Coffee C,$20-$40,Male,Some college or associate's degree,Employed part-time
5dlRvv,35-44 years old,2,"On the go, At the office, At home","Espresso, Pour over, French press, Bean-to-cup machine","National chain (e.g. Starbucks, Dunkin)",Mocha,Medium,Chocolatey,Very strong,Full caffeine,5.0,2.0,3.0,4.0,3.0,Coffee C,$80-$100,Male,Bachelor's degree,Employed full-time
5dlRb6,25-34 years old,3,"At the office, At home, On the go","Bean-to-cup machine, Cold brew","Local cafe, Specialty coffee shop",Cortado,Light,Nutty,Very strong,Full caffeine,6.0,5.0,4.0,3.0,1.0,Coffee A,$40-$60,Male,Bachelor's degree,Employed full-time
aBjWWX,25-34 years old,2,At home,"Pour over, Other",,Pourover,Nordic,Juicy,Somewhat strong,Full caffeine,6.0,3.0,4.0,2.0,5.0,Coffee D,$60-$80,Male,Master's degree,Employed full-time
RzZp4P,25-34 years old,1,"At home, At a cafe","Pour over, Coffee brewing machine (e.g. Mr. Coffee), Other, Cold brew",,Latte,Medium,Nutty,Medium,Half caff,6.0,4.0,3.0,2.0,1.0,Coffee A,$20-$40,Female,Bachelor's degree,Unemployed
PA2KBx,25-34 years old,1,At home,"Coffee brewing machine (e.g. Mr. Coffee), Espresso, Pod/capsule machine (e.g. Keurig/Nespresso), Bean-to-cup machine",,Cappuccino,Dark,Full Bodied,Somewhat strong,Half caff,4.0,1.0,2.0,4.0,3.0,Coffee C,$20-$40,Non-binary,Master's degree,Employed part-time
DVXQyq,45-54 years old,2,"At home, At the office, At a cafe",Pour over,,Pourover,Light,Caramalized,Medium,Full caffeine,6.0,,,,,,,,,
xd0KBy,25-34 years old,2,At home,"Pour over, Espresso",,Cortado,Light,Bright,Somewhat strong,Full caffeine,7.0,,,,,,,,,
rl07PM,25-34 years old,1,"At home, At the office","Pour over, French press, Instant coffee, Espresso",,Cortado,Light,Floral,Weak,Full caffeine,9.0,4.0,2.0,1.0,4.0,Coffee A,$60-$80,Non-binary,Bachelor's degree,Employed full-time
rl07dX,25-34 years old,1,"At a cafe, At the office, At home, On the go","Pour over, Espresso",Local cafe,Latte,Dark,Full Bodied,Somewhat strong,Full caffeine,5.0,2.0,4.0,3.0,2.0,Coffee B,$40-$60,Female,Bachelor's degree,Student
5dlRpZ,25-34 years old,2,"At home, At a cafe","Espresso, Pour over",,Cappuccino,Light,Bright,Somewhat strong,Full caffeine,6.0,5.0,4.0,3.0,2.0,Coffee A,$60-$80,Male,Some college or associate's degree,Employed full-time
5dlReZ,45-54 years old,1,At home,"Pour over, Cold brew, Other",,Espresso,Light,Full Bodied,Somewhat strong,Full caffeine,6.0,5.0,3.0,3.0,5.0,Coffee D,$80-$100,Male,Some college or associate's degree,Employed part-time
xd0G4r,25-34 years old,2,At home,"Pour over, Espresso, Other",,Pourover,Light,Fruity,Somewhat strong,Full caffeine,7.0,3.0,2.0,3.0,5.0,Coffee D,$20-$40,Male,Bachelor's degree,Employed full-time
9d6VR5,25-34 years old,Less than 1,On the go,,Local cafe,Latte,Medium,Full Bodied,Somewhat strong,Full caffeine,4.0,5.0,4.0,1.0,4.0,Coffee A,<$20,Female,Bachelor's degree,Employed full-time
eBN46E,25-34 years old,1,At home,"Pour over, Espresso, Other",,Regular drip coffee,Light,Fruity,Medium,Full caffeine,7.0,5.0,2.0,4.0,4.0,Coffee A,$20-$40,Male,Bachelor's degree,Employed full-time
pL0a41,25-34 years old,1,At home,"Espresso, Pour over",,Espresso,Medium,Juicy,Very strong,Full caffeine,7.0,4.0,3.0,3.0,5.0,Coffee D,$20-$40,Male,Bachelor's degree,Employed full-time
rl07vR,35-44 years old,3,"At home, At the office","Pour over, Cold brew",,Cappuccino,Light,Fruity,Medium,Full caffeine,6.0,4.0,4.0,2.0,5.0,Coffee D,$20-$40,Male,Some college or associate's degree,Employed full-time
PA2K5d,35-44 years old,1,"On the go, At home","Pour over, Coffee brewing machine (e.g. Mr. Coffee)","Specialty coffee shop, Local cafe",Latte,Medium,Chocolatey,Medium,Full caffeine,3.0,2.0,4.0,3.0,4.0,Coffee B,$60-$80,Female,Bachelor's degree,Employed full-time
LdElkp,45-54 years old,3,"At home, At the office, At a cafe, On the go","Pour over, Other","Local cafe, Specialty coffee shop",Latte,Light,Chocolatey,Medium,Full caffeine,8.0,3.0,4.0,3.0,4.0,Coffee D,$40-$60,Male,Bachelor's degree,Employed full-time
xd0KYG,35-44 years old,2,"At home, At the office","Pour over, Coffee brewing machine (e.g. Mr. Coffee)",,Espresso,Medium,Chocolatey,Medium,Full caffeine,6.0,3.0,5.0,4.0,4.0,Coffee B,$40-$60,Male,Bachelor's degree,Employed full-time
zK0lA1,25-34 years old,1,At home,French press,,Latte,Medium,Chocolatey,Somewhat strong,Full caffeine,5.0,3.0,4.0,3.0,3.0,Coffee B,$40-$60,Male,Bachelor's degree,Employed full-time
VZ9gJa,25-34 years old,2,"At home, At the office, At a cafe, On the go","Pour over, French press, Coffee brewing machine (e.g. Mr. Coffee), Cold brew","Specialty coffee shop, Local cafe",Pourover,Nordic,Bright,Very strong,Full caffeine,7.0,5.0,2.0,2.0,4.0,Coffee A,$60-$80,Male,Bachelor's degree,Employed full-time
pL0a6b,25-34 years old,1,At home,Espresso,,Latte,Medium,Juicy,Medium,Full caffeine,6.0,5.0,3.0,3.0,4.0,Coffee C,$40-$60,Male,High school graduate,Employed full-time
DVXQWR,45-54 years old,More than 4,At a cafe,,,Cortado,Medium,Caramalized,Very strong,Full caffeine,8.0,4.0,3.0,2.0,2.0,Coffee A,$40-$60,Male,Some college or associate's degree,Employed full-time
LdEljG,18-24 years old,2,At home,"Espresso, Other",,Mocha,Medium,Chocolatey,Somewhat strong,Full caffeine,7.0,2.0,3.0,4.0,1.0,Coffee C,$40-$60,Male,Some college or associate's degree,Employed full-time
xd0KbG,25-34 years old,Less than 1,At home,"Espresso, Pour over, Other",,Latte,Dark,Chocolatey,Somewhat strong,Decaf,3.0,2.0,3.0,5.0,1.0,Coffee C,$20-$40,Female,Bachelor's degree,Employed full-time
DVXQrl,25-34 years old,1,At home,"Pour over, French press, Cold brew",,Pourover,Light,Nutty,Medium,Full caffeine,7.0,,,,,,,,,
vN0ojg,35-44 years old,1,"At home, At the office","Pour over, Espresso",,Cortado,Medium,Fruity,Somewhat strong,Full caffeine,4.0,3.0,,,,,,,,
9d6Vk4,35-44 years old,1,At home,Other,,Pourover,Light,Juicy,Somewhat light,Full caffeine,4.0,4.0,1.0,2.0,5.0,Coffee D,$20-$40,Male,Doctorate or professional degree,Employed full-time
pL0apZ,35-44 years old,1,"On the go, At home, At the office","Pour over, Coffee brewing machine (e.g. Mr. Coffee), Pod/capsule machine (e.g. Keurig/Nespresso)",Specialty coffee shop,Pourover,Light,Fruity,Medium,Full caffeine,8.0,3.0,4.0,4.0,4.0,Coffee D,$40-$60,Male,Doctorate or professional degree,Employed full-time
rl077p,<18 years old,Less than 1,"At home, On the go","Pour over, Cold brew","National chain (e.g. Starbucks, Dunkin), Local cafe",Latte,Medium,Full Bodied,Somewhat strong,Full caffeine,3.0,4.0,1.0,4.0,5.0,Coffee B,<$20,Male,Less than high school,Student
WAeyxR,25-34 years old,1,At home,"Espresso, Pour over",,Pourover,Light,Juicy,Medium,Full caffeine,9.0,4.0,3.0,4.0,5.0,Coffee D,$40-$60,Male,Bachelor's degree,Employed full-time
BGLM4e,45-54 years old,2,"At home, At a cafe, On the go","Pour over, Espresso, Coffee extract (e.g. Cometeer)","Specialty coffee shop, Local cafe",Espresso,Light,Fruity,Medium,Full caffeine,8.0,4.0,4.0,3.0,3.0,Coffee B,,,,
GroWMQ,25-34 years old,2,At home,"Pour over, Coffee extract (e.g. Cometeer), Pod/capsule machine (e.g. Keurig/Nespresso), Espresso",,Regular drip coffee,Light,Fruity,Somewhat strong,Full caffeine,5.0,4.0,2.0,3.0,5.0,Coffee D,$20-$40,Female,Bachelor's degree,Unemployed
aBjVYE,45-54 years old,1,"At home, At the office","Espresso, Pod/capsule machine (e.g. Keurig/Nespresso)",,Latte,Medium,Sweet,Medium,Full caffeine,4.0,4.0,3.0,2.0,2.0,Coffee A,$20-$40,Female,Bachelor's degree,Employed full-time
KMPbbz,25-34 years old,2,"On the go, At home, At a cafe, At the office","Pour over, Cold brew, French press, Coffee brewing machine (e.g. Mr. Coffee)","Deli or supermarket, Local cafe, Specialty coffee shop",Pourover,Light,Fruity,Somewhat light,Full caffeine,4.0,3.0,3.0,5.0,3.0,Coffee C,$20-$40,Male,Bachelor's degree,Employed full-time
dYZr5V,45-54 years old,4,"At the office, At home","Pour over, Coffee brewing machine (e.g. Mr. Coffee), Espresso",,Pourover,Light,Fruity,Somewhat strong,Full caffeine,8.0,4.0,2.0,3.0,5.0,Coffee D,$60-$80,Male,Master's degree,Employed full-time
421e7X,25-34 years old,2,"At home, At the office","Other, Pour over",,Latte,Light,Fruity,Somewhat strong,,7.0,,,,,,,,,
yl0L7g,25-34 years old,2,"At home, At the office",Espresso,,Latte,Medium,Sweet,Somewhat strong,Full caffeine,4.0,2.0,4.0,3.0,2.0,Coffee B,$80-$100,Male,Master's degree,Employed full-time
1rbq9p,25-34 years old,1,At home,"Pour over, Other",,Cappuccino,Light,Fruity,Somewhat strong,,7.0,5.0,,3.0,4.0,Coffee A,,,,
eBNkMk,18-24 years old,Less than 1,"At home, On the go","French press, Other, Cold brew","National chain (e.g. Starbucks, Dunkin), Local cafe",Cold brew,Dark,Chocolatey,Somewhat strong,Full caffeine,10.0,3.0,4.0,3.0,4.0,Coffee D,$20-$40,Male,Bachelor's degree,Employed full-time
YZo82z,35-44 years old,3,At home,"Pour over, French press",,Latte,Medium,Bright,Very strong,Full caffeine,4.0,3.0,4.0,3.0,2.0,Coffee A,$60-$80,Female,Bachelor's degree,Employed full-time
YZoN0J,25-34 years old,2,At a cafe,,,Pourover,Light,Juicy,Medium,Full caffeine,4.0,4.0,3.0,3.0,5.0,Coffee D,<$20,Male,Less than high school,Employed full-time
0EbX29,25-34 years old,3,"At the office, At home","Pour over, French press",,Pourover,Medium,Caramalized,Somewhat strong,Full caffeine,3.0,1.0,4.0,3.0,4.0,Coffee B,$20-$40,Male,Bachelor's degree,Employed full-time
24bQXD,25-34 years old,1,"At the office, At home, On the go",Pour over,"National chain (e.g. Starbucks, Dunkin), Specialty coffee shop, Local cafe",Pourover,Light,Fruity,Medium,Full caffeine,5.0,4.0,2.0,3.0,5.0,Coffee D,$40-$60,Non-binary,Bachelor's degree,Employed full-time
bl2bV6,25-34 years old,1,On the go,,"National chain (e.g. Starbucks, Dunkin)",Iced coffee,Blonde,Caramalized,Somewhat light,Full caffeine,3.0,5.0,3.0,3.0,4.0,Coffee A,$80-$100,Male,Bachelor's degree,Employed full-time
7dJ62P,45-54 years old,2,"At the office, At home, On the go",Coffee brewing machine (e.g. Mr. Coffee),"National chain (e.g. Starbucks, Dunkin)",Regular drip coffee,Dark,Chocolatey,Somewhat strong,Full caffeine,4.0,1.0,4.0,3.0,2.0,Coffee B,$40-$60,Female,Master's degree,Employed full-time
RzZE4J,18-24 years old,1,At home,"Pour over, Espresso",,Americano,Light,,Somewhat strong,Full caffeine,7.0,,,,,,,,,
DVXgkZ,25-34 years old,2,At home,French press,,Cappuccino,Medium,Sweet,Somewhat strong,Full caffeine,3.0,5.0,4.0,2.0,3.0,Coffee A,$40-$60,Male,Bachelor's degree,Employed full-time
PA2VO5,45-54 years old,4,At home,"Coffee brewing machine (e.g. Mr. Coffee), Pour over, Cold brew",,Regular drip coffee,Medium,Chocolatey,Somewhat strong,Full caffeine,8.0,1.0,4.0,5.0,1.0,Coffee C,$40-$60,Male,Doctorate or professional degree,Employed full-time
24bQeL,25-34 years old,1,At home,"Pour over, French press, Cold brew, Other",,Pourover,Light,Full Bodied,Very strong,Full caffeine,7.0,3.0,4.0,2.0,5.0,Coffee D,<$20,Male,,
YZo8eB,25-34 years old,2,At home,"Pour over, Coffee brewing machine (e.g. Mr. Coffee), Espresso",,Cappuccino,Medium,Full Bodied,Medium,Full caffeine,4.0,4.0,5.0,5.0,2.0,Coffee B,$40-$60,Female,Bachelor's degree,Homemaker
6d1adB,25-34 years old,3,"At the office, At home","Pour over, Espresso, Cold brew",,Cold brew,Medium,Full Bodied,Very strong,Full caffeine,8.0,4.0,4.0,5.0,2.0,Coffee C,$40-$60,Male,Bachelor's degree,Employed full-time
J2V52d,<18 years old,1,"On the go, At home","Pour over, Pod/capsule machine (e.g. Keurig/Nespresso), Cold brew","National chain (e.g. Starbucks, Dunkin)",Latte,Light,Sweet,Medium,Full caffeine,3.0,4.0,2.0,1.0,5.0,Coffee D,<$20,Female,Less than high school,Student
XeRXyj,25-34 years old,2,"At home, On the go","Pour over, Coffee brewing machine (e.g. Mr. Coffee)","Local cafe, Drive-thru",Mocha,Medium,Nutty,Very strong,Full caffeine,7.0,4.0,5.0,1.0,3.0,Coffee B,$60-$80,Male,High school graduate,Employed full-time
421eNB,45-54 years old,1,At home,French press,,Cortado,Dark,Chocolatey,Medium,Full caffeine,1.0,3.0,4.0,2.0,1.0,Coffee B,$20-$40,Female,Bachelor's degree,Employed full-time
VZ92Pg,45-54 years old,2,At home,"Pod/capsule machine (e.g. Keurig/Nespresso), Pour over, French press",,Cold brew,Medium,Bright,Somewhat strong,Full caffeine,6.0,1.0,3.0,4.0,5.0,Coffee D,$60-$80,Female,Some college or associate's degree,Homemaker
yl0Vvp,35-44 years old,2,"At home, At the office",Pour over,,Pourover,Light,Juicy,Medium,Full caffeine,6.0,5.0,3.0,2.0,4.0,Coffee A,$20-$40,Male,Bachelor's degree,Employed full-time
J2V5bo,25-34 years old,Less than 1,At a cafe,,,Latte,Light,Fruity,Medium,Decaf,3.0,,,,,,,,,
QAxPXX,18-24 years old,1,At the office,,,Latte,Light,Fruity,Medium,Full caffeine,6.0,5.0,4.0,1.0,3.0,Coffee A,<$20,Male,Bachelor's degree,Employed full-time
dYZBzr,25-34 years old,1,At home,Pour over,,Pourover,Medium,Bright,Medium,Full caffeine,7.0,3.0,3.0,4.0,4.0,Coffee D,<$20,Male,,
aBj7lZ,18-24 years old,1,At the office,,,Pourover,Light,Fruity,Very strong,Full caffeine,6.0,4.0,1.0,2.0,5.0,Coffee D,$20-$40,Male,Bachelor's degree,Employed full-time
dYZBeq,18-24 years old,2,"At home, At a cafe","Pour over, Espresso",,Latte,Medium,Full Bodied,,,7.0,2.0,3.0,5.0,3.0,Coffee C,$40-$60,Male,Master's degree,Employed full-time
PA2VP1,35-44 years old,2,At home,Espresso,,Cappuccino,Medium,Fruity,Medium,Full caffeine,9.0,5.0,2.0,3.0,4.0,Coffee A,>$100,Male,Master's degree,Employed full-time
qbY0XG,25-34 years old,1,"At the office, At home","Pour over, French press, Espresso, Coffee brewing machine (e.g. Mr. Coffee), Pod/capsule machine (e.g. Keurig/Nespresso)",,Other,Light,Fruity,Somewhat light,Full caffeine,7.0,4.0,1.0,3.0,5.0,Coffee D,$40-$60,Male,Bachelor's degree,Employed full-time
7dJ6OZ,35-44 years old,Less than 1,At a cafe,,,Latte,Medium,Chocolatey,Somewhat light,Decaf,1.0,1.0,2.0,4.0,3.0,Coffee C,<$20,Female,Doctorate or professional degree,Employed full-time
rl0zbN,25-34 years old,2,"At the office, At home, At a cafe",Pour over,,Pourover,Light,Juicy,Medium,Full caffeine,6.0,3.0,2.0,3.0,4.0,Coffee D,$80-$100,Male,Bachelor's degree,Employed full-time
jB01jR,35-44 years old,2,At home,"Pour over, Coffee brewing machine (e.g. Mr. Coffee), Cold brew",,Cortado,Light,Sweet,Medium,Full caffeine,7.0,5.0,3.0,3.0,3.0,Coffee A,,,,
8dJ7Bx,35-44 years old,2,At home,"Pour over, Other",,Cortado,Light,Fruity,Very strong,Full caffeine,6.0,5.0,2.0,2.0,3.0,Coffee A,$20-$40,Male,Doctorate or professional degree,Employed full-time
bl2bP2,25-34 years old,1,"At a cafe, At home","Espresso, Pour over",,Espresso,Light,Juicy,Very strong,Full caffeine,7.0,5.0,2.0,3.0,4.0,Coffee B,$40-$60,Male,Bachelor's degree,Employed full-time
zK0PpE,35-44 years old,,"At home, At the office","French press, Espresso",,Americano,Medium,,Somewhat strong,Full caffeine,7.0,,,,,,,,,
YZoL0N,25-34 years old,2,,,,,,,,,,,,,,,,,,
xd0erk,18-24 years old,2,At home,"Pour over, Espresso, Instant coffee",,Cortado,Medium,Chocolatey,Very strong,Full caffeine,7.0,5.0,2.0,3.0,4.0,Coffee A,,,,
WAev9L,35-44 years old,1,At home,Espresso,,Americano,Medium,Full Bodied,Somewhat strong,Full caffeine,3.0,3.0,4.0,3.0,5.0,Coffee D,$40-$60,Prefer not to say,,
OAjWlM,35-44 years old,2,At home,"Espresso, Pour over",,Espresso,Light,Bright,Somewhat strong,Full caffeine,8.0,5.0,2.0,2.0,4.0,Coffee A,$80-$100,Male,Bachelor's degree,Employed full-time
yl0W28,25-34 years old,2,"At home, At a cafe, At the office","French press, Cold brew",,Cold brew,Medium,Chocolatey,Somewhat strong,Full caffeine,6.0,1.0,3.0,4.0,2.0,Coffee C,,,,
421gB5,25-34 years old,3,"At the office, At home","Pour over, Espresso",,Cortado,Light,Sweet,Somewhat strong,Full caffeine,7.0,4.0,2.0,3.0,5.0,Coffee D,$20-$40,Male,Bachelor's degree,Employed full-time
XeRKeY,25-34 years old,1,At home,Other,,Iced coffee,Light,Fruity,Somewhat strong,Full caffeine,6.0,,,,,,,,,
6d1XeN,25-34 years old,1,"At home, At a cafe",Other,,Latte,Light,Juicy,Somewhat strong,Full caffeine,4.0,4.0,2.0,3.0,5.0,Coffee D,,,,
NA4epN,35-44 years old,4,"At home, At a cafe","Pour over, Coffee brewing machine (e.g. Mr. Coffee)",,Cortado,Light,Floral,Somewhat strong,Full caffeine,8.0,5.0,3.0,4.0,5.0,Coffee D,$20-$40,Male,Master's degree,Employed full-time
jB0OZ1,>65 years old,3,At home,Espresso,,Cortado,Medium,Bright,Very strong,Full caffeine,2.0,5.0,3.0,3.0,1.0,Coffee A,$80-$100,Male,Doctorate or professional degree,Employed full-time
RzZ70j,35-44 years old,2,At home,"Pour over, Bean-to-cup machine",,Cortado,Light,Fruity,Somewhat strong,Full caffeine,8.0,3.0,1.0,4.0,5.0,Coffee D,$20-$40,Male,Bachelor's degree,Employed full-time
dYZ5bD,35-44 years old,1,At home,French press,,Latte,Light,Nutty,Medium,Full caffeine,4.0,4.0,5.0,1.0,3.0,Coffee B,$40-$60,Female,Bachelor's degree,Employed full-time
LdERNp,45-54 years old,3,At home,"Pod/capsule machine (e.g. Keurig/Nespresso), Espresso, Pour over",,Espresso,Dark,Chocolatey,Somewhat strong,Full caffeine,5.0,4.0,5.0,4.0,4.0,Coffee B,$20-$40,Male,Some college or associate's degree,Employed full-time
aBj8rq,18-24 years old,2,"At a cafe, At home","Espresso, Pour over, Cold brew",,Americano,Medium,Chocolatey,Medium,Full caffeine,7.0,,,,,,,,,
vN0QGX,25-34 years old,2,At home,"Pour over, Espresso",,Pourover,Light,Fruity,Medium,Full caffeine,7.0,4.0,2.0,2.0,5.0,Coffee D,$80-$100,Male,Some college or associate's degree,Employed full-time
PA2VKd,25-34 years old,1,"At home, At a cafe, On the go","Espresso, Pour over, Instant coffee","Specialty coffee shop, Local cafe",Other,Light,Bright,Very strong,Half caff,7.0,4.0,3.0,2.0,5.0,Coffee D,$40-$60,Male,Some college or associate's degree,Employed full-time
421g1O,25-34 years old,2,,"Pour over, French press","Specialty coffee shop, Local cafe",Pourover,,Fruity,Somewhat light,Half caff,,2.0,1.0,,5.0,Coffee D,,,,
VZ9k9a,35-44 years old,2,"At home, At a cafe","Espresso, Pour over",,Cortado,Medium,Nutty,Somewhat strong,Full caffeine,7.0,4.0,3.0,3.0,5.0,Coffee D,$40-$60,Male,Bachelor's degree,Employed full-time
6d1XRP,25-34 years old,2,"At home, On the go, At the office","Espresso, Pour over",Specialty coffee shop,Americano,Light,Sweet,Medium,Full caffeine,8.0,4.0,3.0,1.0,5.0,Coffee D,>$100,Male,Doctorate or professional degree,Employed full-time
ZdGpev,25-34 years old,More than 4,At home,"Pour over, Coffee brewing machine (e.g. Mr. Coffee)",,Americano,Light,Bright,Medium,Half caff,5.0,5.0,4.0,2.0,3.0,Coffee A,$40-$60,Male,Bachelor's degree,Employed full-time
g5QRJ1,25-34 years old,Less than 1,"At home, At a cafe",Espresso,,Latte,Light,Sweet,Medium,Full caffeine,4.0,4.0,3.0,2.0,1.0,Coffee A,$60-$80,Female,Bachelor's degree,Employed full-time
0EbpD0,25-34 years old,2,At home,"Pour over, Espresso",,Espresso,Light,Bright,Very strong,Full caffeine,7.0,5.0,2.0,3.0,4.0,Coffee A,$80-$100,Male,Bachelor's degree,Employed full-time
421ga5,25-34 years old,4,"At home, At the office","Pour over, French press, Espresso, Coffee brewing machine (e.g. Mr. Coffee), Other",,Pourover,Medium,Full Bodied,Medium,Full caffeine,6.0,1.0,3.0,5.0,1.0,Coffee C,<$20,Male,Some college or associate's degree,Employed full-time
0EbpkQ,25-34 years old,2,"At the office, At home, At a cafe",Pour over,,Iced coffee,Light,Sweet,Medium,Full caffeine,6.0,4.0,1.0,3.0,4.0,Coffee D,>$100,Male,Bachelor's degree,Employed full-time
EPB4JX,25-34 years old,2,At home,"Pour over, Cold brew, French press, Espresso",,Cortado,Light,Bright,Very strong,Full caffeine,7.0,5.0,2.0,3.0,5.0,Coffee A,$40-$60,Female,Bachelor's degree,Employed full-time
KMPqxg,18-24 years old,1,At home,"Pour over, French press, Cold brew",,Pourover,Dark,Nutty,Somewhat strong,Full caffeine,5.0,1.0,5.0,4.0,2.0,Coffee B,$20-$40,Male,Bachelor's degree,Unemployed
VZ92pM,25-34 years old,3,"At home, At a cafe, On the go, At the office","Pour over, Espresso, Instant coffee, Coffee extract (e.g. Cometeer), Cold brew, Coffee brewing machine (e.g. Mr. Coffee), Pod/capsule machine (e.g. Keurig/Nespresso)","Specialty coffee shop, National chain (e.g. Starbucks, Dunkin)",Pourover,Light,Fruity,Medium,Full caffeine,8.0,3.0,2.0,1.0,5.0,Coffee D,>$100,Male,Bachelor's degree,Employed full-time
QAx6zA,25-34 years old,2,At home,Espresso,,Pourover,Light,Fruity,Somewhat strong,Full caffeine,8.0,4.0,2.0,3.0,5.0,Coffee D,$40-$60,Non-binary,Bachelor's degree,Employed full-time
ZdGpJo,25-34 years old,1,"At a cafe, At home","French press, Pour over",,Pourover,Light,Bright,Medium,Full caffeine,7.0,3.0,4.0,2.0,5.0,Coffee D,$20-$40,Male,Master's degree,Employed full-time
24bMRg,25-34 years old,1,At home,"French press, Espresso, Pour over",,Regular drip coffee,Light,Fruity,Medium,Full caffeine,6.0,4.0,4.0,3.0,5.0,Coffee D,$20-$40,Male,Bachelor's degree,Employed full-time
EPB4Pr,25-34 years old,2,"At home, At the office","Pour over, Cold brew",,Pourover,Medium,Fruity,Medium,Full caffeine,6.0,4.0,3.0,3.0,5.0,Coffee D,$60-$80,Male,Master's degree,Employed full-time
yl0Wkd,25-34 years old,Less than 1,"At home, At a cafe","Pour over, Instant coffee",,Pourover,Light,Fruity,Somewhat strong,Full caffeine,8.0,4.0,3.0,2.0,5.0,Coffee D,$20-$40,Male,Bachelor's degree,Employed full-time
dYZ5VV,25-34 years old,2,"At home, At the office","Pour over, Espresso",,Pourover,Medium,Juicy,Somewhat strong,Full caffeine,6.0,2.0,3.0,4.0,5.0,Coffee D,$40-$60,Male,Bachelor's degree,Employed full-time
7dJ852,18-24 years old,2,At home,"Pod/capsule machine (e.g. Keurig/Nespresso), French press",,Cappuccino,Dark,Bold,Very strong,Full caffeine,4.0,3.0,5.0,4.0,2.0,Coffee B,$40-$60,Male,Bachelor's degree,Employed full-time
VZ9ky6,45-54 years old,3,"At home, At the office","Espresso, Pour over",,Cortado,Medium,Bold,Somewhat strong,Full caffeine,6.0,1.0,4.0,1.0,1.0,Coffee B,$80-$100,Male,Master's degree,Employed full-time
zK0a8M,18-24 years old,2,"At the office, On the go, At a cafe",,Specialty coffee shop,Pourover,Dark,Full Bodied,Very strong,Full caffeine,5.0,4.0,3.0,3.0,4.0,Coffee A,,,,
0EbpWj,25-34 years old,3,"At home, At a cafe","Espresso, Pour over",,Espresso,Light,Fruity,Medium,Full caffeine,8.0,2.0,4.0,2.0,5.0,Coffee D,$60-$80,Male,Bachelor's degree,Employed full-time
yl0W8X,18-24 years old,2,"At home, At the office, At a cafe",Pour over,,Latte,Light,Floral,Medium,Full caffeine,5.0,3.0,3.0,2.0,4.0,Coffee D,$40-$60,Male,,Student
PA2aJe,25-34 years old,1,At home,Pour over,,Pourover,Light,Nutty,Medium,Full caffeine,6.0,5.0,2.0,3.0,4.0,Coffee A,$60-$80,Female,Bachelor's degree,Employed full-time
5dly0Z,35-44 years old,Less than 1,At home,Instant coffee,,Latte,Light,Sweet,Medium,Full caffeine,2.0,1.0,2.0,3.0,1.0,Coffee C,<$20,Female,Bachelor's degree,Employed full-time
VZ9kRv,18-24 years old,Less than 1,None of these,,,Blended drink (e.g. Frappuccino),Medium,Sweet,Weak,Full caffeine,1.0,1.0,3.0,3.0,1.0,Coffee B,<$20,Female,Bachelor's degree,Employed full-time
ZdGpqy,55-64 years old,2,At home,"French press, Pod/capsule machine (e.g. Keurig/Nespresso), Other",,Other,Medium,Caramalized,Somewhat strong,Full caffeine,5.0,2.0,5.0,4.0,2.0,Coffee B,$60-$80,Female,Some college or associate's degree,Employed full-time
rl0zKv,25-34 years old,2,At home,Pour over,,Latte,Dark,Full Bodied,Very strong,Full caffeine,3.0,3.0,4.0,5.0,2.0,Coffee C,$20-$40,Female,Doctorate or professional degree,Employed full-time
24bM69,25-34 years old,1,At home,"French press, Coffee brewing machine (e.g. Mr. Coffee), Other",,Espresso,Medium,Full Bodied,Somewhat strong,Full caffeine,6.0,3.0,1.0,4.0,4.0,Coffee D,$20-$40,Male,Some college or associate's degree,Employed full-time
24bMXM,55-64 years old,2,"At the office, At home",Pour over,,Pourover,Light,Fruity,Somewhat strong,Full caffeine,7.0,5.0,3.0,3.0,4.0,Coffee A,$40-$60,Male,Bachelor's degree,Employed full-time
ZdGpAe,55-64 years old,1,At home,Coffee brewing machine (e.g. Mr. Coffee),,Regular drip coffee,Medium,Nutty,Medium,Full caffeine,2.0,3.0,4.0,3.0,3.0,Coffee B,,,,
24bMBM,55-64 years old,3,"At home, On the go",Pour over,Other,Pourover,Dark,Nutty,Somewhat strong,Full caffeine,6.0,2.0,3.0,4.0,5.0,Coffee D,$20-$40,Male,Bachelor's degree,Employed full-time
24bMKD,25-34 years old,Less than 1,At home,Coffee brewing machine (e.g. Mr. Coffee),,Other,Medium,Bold,Medium,Full caffeine,1.0,1.0,5.0,4.0,2.0,Coffee C,<$20,Male,Less than high school,Employed full-time
eBNdrx,35-44 years old,2,At a cafe,,,Cappuccino,Light,Fruity,Somewhat strong,Half caff,4.0,3.0,4.0,3.0,5.0,Coffee D,>$100,Non-binary,Some college or associate's degree,Employed part-time
5dlyld,35-44 years old,1,"At home, At a cafe","Espresso, Pour over",,Latte,Medium,Sweet,Medium,Full caffeine,6.0,4.0,1.0,3.0,2.0,Coffee A,$40-$60,Male,Master's degree,Homemaker
6d1XAe,18-24 years old,2,"At home, At a cafe, On the go, At the office","Pour over, Espresso, Cold brew","National chain (e.g. Starbucks, Dunkin), Local cafe, Specialty coffee shop",Latte,Light,Floral,Somewhat strong,Full caffeine,5.0,3.0,5.0,3.0,4.0,Coffee B,,,,
rl0XqM,45-54 years old,3,At home,"French press, Espresso, Pour over",,Americano,Medium,Chocolatey,Very strong,Full caffeine,8.0,2.0,5.0,4.0,1.0,Coffee B,$60-$80,Male,Some college or associate's degree,Employed full-time
Al6V2y,35-44 years old,2,At home,"Pour over, French press, Pod/capsule machine (e.g. Keurig/Nespresso), Other",,Cortado,Medium,Chocolatey,Somewhat strong,Full caffeine,7.0,4.0,4.0,4.0,3.0,Coffee C,$20-$40,Male,Master's degree,Employed full-time
0EbpQP,35-44 years old,4,At home,"Pour over, Espresso, Coffee brewing machine (e.g. Mr. Coffee)",,Americano,Medium,Chocolatey,Somewhat strong,Full caffeine,8.0,3.0,5.0,4.0,3.0,Coffee B,$80-$100,Male,Master's degree,Employed full-time
ZdG06a,25-34 years old,2,At home,Espresso,,Latte,Medium,Nutty,Somewhat strong,Full caffeine,5.0,2.0,4.0,4.0,3.0,Coffee B,$40-$60,Male,Master's degree,Employed full-time
EPB2aL,25-34 years old,2,"At home, At a cafe, On the go",Pour over,"Specialty coffee shop, Local cafe",Latte,Light,Fruity,Medium,Full caffeine,4.0,4.0,3.0,2.0,5.0,Coffee D,$20-$40,Male,High school graduate,Employed full-time
bl2BVe,25-34 years old,2,At the office,,,Regular drip coffee,Light,Full Bodied,Medium,Full caffeine,2.0,1.0,5.0,2.0,3.0,Coffee B,$20-$40,Male,Bachelor's degree,Employed full-time
XeRVlO,35-44 years old,2,At the office,,,Americano,Medium,Full Bodied,Medium,Full caffeine,3.0,2.0,2.0,4.0,1.0,Coffee C,<$20,Male,Some college or associate's degree,Employed full-time
OAjpDK,25-34 years old,1,At home,Espresso,,Cappuccino,,Chocolatey,Medium,Full caffeine,6.0,4.0,2.0,3.0,,Coffee D,$20-$40,,,
KMP7lD,35-44 years old,Less than 1,"On the go, At a cafe",,"Local cafe, National chain (e.g. Starbucks, Dunkin), Specialty coffee shop",Latte,,Bright,Medium,,3.0,,,,,,,,,
RzZXGp,25-34 years old,1,At home,"Pour over, French press, Other",,Latte,Light,Juicy,Medium,Full caffeine,5.0,4.0,5.0,4.0,4.0,Coffee B,$20-$40,Male,Bachelor's degree,Employed full-time
dYZLxV,35-44 years old,2,"At home, At a cafe","Pour over, French press",,Regular drip coffee,Light,Fruity,Somewhat strong,Full caffeine,7.0,3.0,4.0,3.0,5.0,Coffee D,$60-$80,Male,Some college or associate's degree,Employed full-time
NA4KXN,25-34 years old,1,At home,Pour over,,Iced coffee,Medium,Full Bodied,Medium,Full caffeine,5.0,3.0,3.0,4.0,2.0,Coffee C,$40-$60,Male,Bachelor's degree,Employed full-time
5dl6vZ,18-24 years old,3,At home,"Pour over, Espresso",,Pourover,Nordic,Juicy,Somewhat strong,Full caffeine,8.0,4.0,1.0,1.0,4.0,Coffee D,,,,
kY0DK1,18-24 years old,2,"At home, At the office",Other,,Iced coffee,Light,Floral,,Full caffeine,6.0,4.0,,,,,,,,
LdEAbJ,25-34 years old,2,"At the office, At home","Pour over, Espresso",,Cortado,Light,Sweet,Somewhat strong,Full caffeine,7.0,3.0,2.0,1.0,5.0,Coffee D,$40-$60,Male,Bachelor's degree,Employed full-time
jB0dQ1,25-34 years old,2,At home,"Pour over, Espresso",,Latte,Medium,Sweet,Somewhat strong,Full caffeine,7.0,2.0,4.0,1.0,3.0,Coffee B,$60-$80,Male,Some college or associate's degree,Employed full-time
24bqre,55-64 years old,1,At home,"Instant coffee, Espresso",,Latte,Medium,Bold,Somewhat strong,Full caffeine,5.0,2.0,4.0,1.0,1.0,Coffee B,,Male,,
LdEAEv,25-34 years old,1,At home,"Pour over, French press, Cold brew, Other",,Other,Light,Bright,Very strong,Full caffeine,7.0,4.0,2.0,2.0,4.0,Coffee D,$60-$80,Male,Bachelor's degree,Employed full-time
jB0d5a,35-44 years old,3,"At home, On the go, At a cafe","French press, Espresso, Instant coffee, Cold brew","Local cafe, National chain (e.g. Starbucks, Dunkin), Specialty coffee shop, Deli or supermarket, Drive-thru",Cappuccino,Medium,Chocolatey,Medium,Full caffeine,7.0,2.0,4.0,4.0,2.0,Coffee C,,,,
EPBjLB,25-34 years old,Less than 1,At home,"French press, Cold brew",,Cold brew,Medium,Sweet,Medium,Full caffeine,1.0,3.0,3.0,5.0,1.0,Coffee C,$40-$60,Male,Bachelor's degree,Employed full-time
xd0kZv,35-44 years old,2,"At a cafe, At home","Coffee brewing machine (e.g. Mr. Coffee), Pod/capsule machine (e.g. Keurig/Nespresso), Espresso, Cold brew",,Latte,Medium,Caramalized,Somewhat strong,Full caffeine,4.0,5.0,3.0,2.0,4.0,Coffee A,$80-$100,Non-binary,High school graduate,Employed full-time
421WvY,25-34 years old,1,At home,"Pour over, Other",,Pourover,Light,Juicy,Somewhat strong,Full caffeine,8.0,4.0,3.0,3.0,5.0,Coffee D,$20-$40,Male,Bachelor's degree,Employed full-time
J2VaJR,55-64 years old,2,At home,"Espresso, Pour over",,Espresso,Medium,Chocolatey,Medium,Decaf,7.0,3.0,3.0,3.0,4.0,Coffee D,$40-$60,Male,Bachelor's degree,Employed full-time
xd0kly,25-34 years old,2,"At home, At the office, At a cafe","Pour over, French press, Instant coffee, Cold brew",,Regular drip coffee,Dark,Full Bodied,Somewhat strong,Full caffeine,3.0,3.0,5.0,3.0,2.0,Coffee B,$20-$40,Female,Some college or associate's degree,Employed full-time
aBjb9E,18-24 years old,3,"At the office, At home","Pour over, French press, Other, Espresso",,Americano,Light,Full Bodied,Somewhat strong,Full caffeine,8.0,1.0,4.0,3.0,4.0,Coffee B,$40-$60,Male,Bachelor's degree,Employed full-time
24bqRp,25-34 years old,1,"At the office, At a cafe",,,Pourover,Light,Fruity,Somewhat strong,Decaf,7.0,4.0,1.0,3.0,5.0,Coffee D,>$100,Male,Doctorate or professional degree,Employed full-time
RzZXbd,35-44 years old,1,At home,Other,,Regular drip coffee,Medium,Chocolatey,Very strong,Full caffeine,8.0,4.0,3.0,4.0,2.0,Coffee A,$20-$40,Male,Doctorate or professional degree,Employed full-time
dYZLJV,25-34 years old,1,At home,"Pour over, Other",,Pourover,Light,Juicy,Somewhat strong,Full caffeine,7.0,4.0,1.0,2.0,5.0,Coffee D,$40-$60,Male,Doctorate or professional degree,Employed full-time
ZdG4ya,25-34 years old,1,"At home, On the go, At a cafe, At the office","French press, Coffee brewing machine (e.g. Mr. Coffee), Cold brew","Specialty coffee shop, Local cafe",Iced coffee,Medium,Caramalized,Medium,Half caff,1.0,4.0,3.0,2.0,1.0,Coffee B,<$20,Female,Bachelor's degree,Employed part-time
RzZX9K,25-34 years old,2,At the office,,,Espresso,Dark,Caramalized,Very strong,Full caffeine,5.0,3.0,4.0,2.0,1.0,Coffee B,$40-$60,Male,Some college or associate's degree,Employed full-time
24bqlL,55-64 years old,4,At the office,,,Pourover,Medium,Chocolatey,Somewhat strong,Full caffeine,5.0,3.0,3.0,4.0,2.0,Coffee C,<$20,Male,Bachelor's degree,Employed full-time
BGLOW1,25-34 years old,1,None of these,,,Pourover,Light,Fruity,Medium,Full caffeine,7.0,3.0,2.0,1.0,4.0,Coffee D,$20-$40,Prefer not to say,Some college or associate's degree,Employed full-time
421W6r,25-34 years old,1,"At home, At the office",Espresso,,Cappuccino,Medium,Bright,Medium,Full caffeine,6.0,3.0,2.0,3.0,4.0,Coffee C,$20-$40,Male,Doctorate or professional degree,Employed full-time
OA81Q7,25-34 years old,2,At home,Pour over,,,Light,Juicy,,Full caffeine,6.0,5.0,,2.0,4.0,Coffee A,,,,
kY0D2o,25-34 years old,1,At home,"Pour over, French press, Espresso",,Pourover,Light,Chocolatey,Medium,Full caffeine,7.0,3.0,2.0,5.0,4.0,Coffee C,$20-$40,Male,Doctorate or professional degree,Employed part-time
qbYx9g,25-34 years old,1,At home,Coffee brewing machine (e.g. Mr. Coffee),,Regular drip coffee,Light,Nutty,Somewhat strong,Full caffeine,5.0,1.0,2.0,3.0,2.0,Coffee C,$20-$40,Female,Doctorate or professional degree,Employed full-time
WAl9Oj,25-34 years old,1,"At home, At a cafe","Pour over, Instant coffee",,Pourover,Light,Full Bodied,Somewhat strong,Full caffeine,4.0,3.0,2.0,5.0,1.0,Coffee C,,,,
XeOlxj,25-34 years old,1,At home,"French press, Espresso",,Cappuccino,Medium,Full Bodied,Somewhat strong,Full caffeine,7.0,4.0,5.0,3.0,2.0,Coffee B,$20-$40,Male,Some college or associate's degree,Employed full-time
pL0jMZ,25-34 years old,2,At the office,,,Espresso,Medium,Bright,Somewhat strong,Full caffeine,7.0,4.0,4.0,2.0,4.0,Coffee A,$20-$40,Male,Some college or associate's degree,Employed full-time
Rz8KDl,25-34 years old,1,At home,Pour over,,Pourover,Light,Floral,,Full caffeine,5.0,3.0,4.0,5.0,1.0,Coffee C,$20-$40,,,
AlWPBB,18-24 years old,2,"At home, At the office","Espresso, Pour over, Other",,Espresso,Medium,Full Bodied,Somewhat strong,Full caffeine,6.0,1.0,4.0,4.0,5.0,Coffee D,$20-$40,Male,Bachelor's degree,Employed full-time
blNVVL,25-34 years old,3,"At a cafe, At home",Coffee brewing machine (e.g. Mr. Coffee),,Regular drip coffee,Medium,Full Bodied,Somewhat strong,Full caffeine,8.0,1.0,5.0,4.0,2.0,Coffee B,$40-$60,Male,Bachelor's degree,Employed full-time
xd9xaJ,25-34 years old,2,"At the office, At home","Espresso, Pour over",,Cortado,Light,Caramalized,Medium,Full caffeine,8.0,2.0,2.0,3.0,4.0,Coffee D,$20-$40,Male,Doctorate or professional degree,Employed full-time
5dEKdb,25-34 years old,1,"At the office, At home","Pour over, French press, Coffee extract (e.g. Cometeer)",,Regular drip coffee,Light,Bright,Medium,Full caffeine,5.0,3.0,4.0,5.0,3.0,Coffee C,$20-$40,Male,Master's degree,Employed full-time
MA8KaY,35-44 years old,2,At home,"Pour over, Espresso, Cold brew",,Pourover,Light,Juicy,Medium,Full caffeine,6.0,4.0,2.0,3.0,5.0,Coffee D,$40-$60,Male,Bachelor's degree,Employed full-time
WAeGGN,35-44 years old,1,"On the go, At home, At the office, At a cafe","Pour over, French press","Local cafe, Specialty coffee shop",Pourover,Medium,Fruity,Somewhat strong,Full caffeine,6.0,4.0,3.0,1.0,5.0,Coffee A,$40-$60,Male,Bachelor's degree,Employed full-time
9d2GlK,18-24 years old,Less than 1,"At a cafe, At the office, At home","Espresso, Coffee brewing machine (e.g. Mr. Coffee)",,Espresso,Medium,Chocolatey,Somewhat strong,Full caffeine,8.0,3.0,2.0,5.0,4.0,Coffee C,$20-$40,Male,Bachelor's degree,Employed full-time
24O8PA,18-24 years old,3,At home,"Pour over, Other",,Pourover,Light,Fruity,Very strong,Full caffeine,7.0,4.0,2.0,1.0,3.0,Coffee A,$40-$60,Male,Bachelor's degree,Employed full-time
zKWXbR,45-54 years old,4,At home,"Pour over, Other",,Pourover,Nordic,Juicy,Somewhat light,,7.0,5.0,,,,,,,,
jBGDW1,55-64 years old,3,"At home, At a cafe","Coffee brewing machine (e.g. Mr. Coffee), Pour over",,Latte,Medium,Bright,Somewhat strong,Full caffeine,7.0,1.0,5.0,4.0,1.0,Coffee B,$20-$40,Male,Master's degree,Employed full-time
VZoE4y,25-34 years old,3,At home,"Espresso, Pour over",,Americano,Light,Floral,Somewhat strong,Full caffeine,6.0,4.0,2.0,4.0,5.0,Coffee D,$20-$40,Male,Some college or associate's degree,Employed full-time
XeRVRg,35-44 years old,Less than 1,At a cafe,,,Iced coffee,Medium,Caramalized,Somewhat light,Full caffeine,2.0,5.0,2.0,3.0,4.0,Coffee A,<$20,Male,Master's degree,Employed full-time
yleZ08,35-44 years old,1,At home,"Coffee brewing machine (e.g. Mr. Coffee), French press",,Latte,Dark,Bold,Very strong,Full caffeine,1.0,4.0,5.0,3.0,1.0,Coffee B,$20-$40,Female,Some college or associate's degree,Homemaker
VZoEby,25-34 years old,3,"At home, On the go, At a cafe, At the office","Pour over, Bean-to-cup machine","Specialty coffee shop, Drive-thru, Local cafe",Pourover,Light,Juicy,Somewhat strong,Full caffeine,6.0,4.0,2.0,2.0,5.0,Coffee D,$60-$80,Male,Master's degree,Employed full-time
g5WjNP,25-34 years old,Less than 1,At home,"Pod/capsule machine (e.g. Keurig/Nespresso), Coffee brewing machine (e.g. Mr. Coffee)",,Cold brew,Blonde,Chocolatey,Medium,Half caff,6.0,1.0,3.0,2.0,1.0,Coffee B,<$20,Male,Master's degree,Employed full-time
Rz8KZK,35-44 years old,1,At home,"French press, Coffee brewing machine (e.g. Mr. Coffee)",,Cappuccino,Dark,Sweet,Somewhat strong,Full caffeine,6.0,3.0,5.0,2.0,1.0,Coffee B,$20-$40,Male,Bachelor's degree,Employed full-time
Ld51Vj,25-34 years old,2,"At home, At the office",Coffee brewing machine (e.g. Mr. Coffee),,Regular drip coffee,Medium,Chocolatey,Somewhat strong,Full caffeine,4.0,2.0,4.0,3.0,1.0,Coffee B,$40-$60,Male,Bachelor's degree,Employed full-time
QA82OG,35-44 years old,1,At home,Espresso,,Latte,Dark,Full Bodied,Somewhat strong,Decaf,7.0,1.0,3.0,4.0,2.0,Coffee C,$20-$40,Female,Some college or associate's degree,Employed full-time
vNqjz0,25-34 years old,2,"At home, At the office","Pour over, Espresso, Cold brew",,Mocha,Medium,Sweet,Somewhat light,Full caffeine,6.0,2.0,1.0,3.0,4.0,Coffee D,$20-$40,Male,Bachelor's degree,Employed full-time
vNqj6d,25-34 years old,1,At home,Pour over,,Iced coffee,Light,Full Bodied,Medium,Full caffeine,2.0,3.0,4.0,1.0,2.0,Coffee B,,,,
J28KbJ,25-34 years old,2,"At home, At a cafe",Espresso,,Americano,Medium,Caramalized,Somewhat strong,Full caffeine,6.0,5.0,3.0,3.0,4.0,Coffee A,$20-$40,Female,Bachelor's degree,Employed full-time
kYOaKo,25-34 years old,2,"At home, At the office, On the go",Pod/capsule machine (e.g. Keurig/Nespresso),"Specialty coffee shop, National chain (e.g. Starbucks, Dunkin)",Cortado,Medium,Nutty,Somewhat strong,Full caffeine,5.0,2.0,3.0,4.0,1.0,Coffee C,$80-$100,Female,Bachelor's degree,Employed full-time
blNVJE,25-34 years old,2,"At home, At a cafe",Other,,Americano,Medium,Chocolatey,Medium,Full caffeine,6.0,2.0,5.0,4.0,1.0,Coffee B,$40-$60,Male,Bachelor's degree,Employed full-time
1rGP7O,18-24 years old,Less than 1,"At home, On the go","Pour over, Espresso, Other","Local cafe, Specialty coffee shop",Pourover,Light,Juicy,Medium,Full caffeine,6.0,5.0,5.0,5.0,5.0,Coffee D,$40-$60,Male,Some college or associate's degree,Unemployed
OA81vM,35-44 years old,2,"At home, At a cafe, At the office, On the go","Espresso, Bean-to-cup machine, Cold brew","Local cafe, Specialty coffee shop",Cold brew,Dark,Full Bodied,Very strong,Full caffeine,9.0,2.0,4.0,3.0,1.0,Coffee B,$40-$60,Male,Some college or associate's degree,Employed full-time
OA81RM,35-44 years old,2,"At home, At a cafe","French press, Coffee brewing machine (e.g. Mr. Coffee), Cold brew",,Iced coffee,Medium,Chocolatey,Medium,Full caffeine,6.0,2.0,4.0,3.0,4.0,Coffee B,$40-$60,Male,Bachelor's degree,Employed full-time
YZVD76,35-44 years old,2,"At the office, At home",Espresso,,Cappuccino,Medium,Full Bodied,Somewhat strong,Full caffeine,7.0,4.0,1.0,5.0,2.0,Coffee C,$40-$60,Male,Bachelor's degree,Employed full-time
OA81MA,35-44 years old,2,"At home, At the office","Espresso, Bean-to-cup machine",,Cappuccino,Medium,Full Bodied,Somewhat strong,Full caffeine,6.0,4.0,2.0,3.0,5.0,Coffee D,$40-$60,Female,Doctorate or professional degree,Employed full-time
PA8jVx,35-44 years old,Less than 1,"At home, On the go",Other,"National chain (e.g. Starbucks, Dunkin)",Americano,Dark,Chocolatey,Medium,Half caff,5.0,2.0,3.0,4.0,1.0,Coffee C,$20-$40,Female,Master's degree,Employed part-time
zKWXB8,25-34 years old,1,"On the go, At a cafe, At home",,"Specialty coffee shop, Local cafe",Latte,Medium,Nutty,Medium,Full caffeine,6.0,3.0,2.0,4.0,4.0,Coffee C,,,,
MA8K0E,18-24 years old,1,"At a cafe, At the office",,,Iced coffee,Dark,Nutty,Somewhat strong,Full caffeine,6.0,2.0,3.0,5.0,3.0,Coffee C,<$20,Female,Bachelor's degree,Employed full-time
qbjZNG,25-34 years old,2,At home,"Pour over, French press, Espresso",,Latte,Medium,Bold,Somewhat strong,Full caffeine,5.0,5.0,4.0,3.0,4.0,Coffee A,$40-$60,Male,Bachelor's degree,Employed full-time
42PXe5,25-34 years old,2,"At home, On the go","Espresso, Coffee brewing machine (e.g. Mr. Coffee), Cold brew",Local cafe,Cappuccino,Medium,Chocolatey,Medium,Full caffeine,5.0,4.0,1.0,3.0,5.0,Coffee D,$40-$60,Male,Bachelor's degree,Employed full-time
8djo9k,35-44 years old,1,"On the go, At home, At a cafe",Espresso,"National chain (e.g. Starbucks, Dunkin), Specialty coffee shop",Mocha,Medium,Chocolatey,Medium,Full caffeine,2.0,2.0,3.0,4.0,1.0,Coffee C,$40-$60,Female,Master's degree,Employed full-time
xd9x9d,18-24 years old,1,"At home, At a cafe, At the office","Pour over, French press",,Cold brew,Medium,Chocolatey,Medium,Full caffeine,8.0,4.0,5.0,3.0,1.0,Coffee B,$20-$40,Female,Bachelor's degree,Employed full-time
zKWXVZ,25-34 years old,1,At home,Pour over,,Regular drip coffee,Light,Bright,Somewhat strong,Full caffeine,7.0,4.0,3.0,2.0,1.0,Coffee D,$20-$40,Male,Bachelor's degree,Employed full-time
6dr82B,25-34 years old,,"At home, At a cafe",Pour over,,Latte,Light,Fruity,Medium,Full caffeine,4.0,4.0,,3.0,5.0,Coffee D,$40-$60,,,
OA8Dag,25-34 years old,Less than 1,"At home, On the go, At a cafe","Pour over, Espresso","Local cafe, National chain (e.g. Starbucks, Dunkin), Specialty coffee shop",Latte,Dark,Sweet,Somewhat light,Full caffeine,4.0,3.0,5.0,4.0,2.0,Coffee B,<$20,Female,Doctorate or professional degree,Employed full-time
5dEBbE,25-34 years old,3,"At the office, At home","Espresso, Instant coffee, Pour over, Coffee brewing machine (e.g. Mr. Coffee)",,Espresso,Dark,Full Bodied,Somewhat strong,Full caffeine,1.0,2.0,3.0,4.0,1.0,Coffee B,<$20,Male,Bachelor's degree,Employed full-time
QA8KBk,18-24 years old,1,"At a cafe, At home, On the go","Coffee extract (e.g. Cometeer), Pod/capsule machine (e.g. Keurig/Nespresso)","Specialty coffee shop, National chain (e.g. Starbucks, Dunkin), Local cafe",Latte,,Caramalized,Somewhat strong,Full caffeine,7.0,,,,,,,,,
oAlbEx,18-24 years old,2,,"Pour over, French press, Espresso",,Pourover,Light,Bright,Very strong,Full caffeine,7.0,4.0,3.0,,,,,,,
42PXVo,18-24 years old,1,At home,"Other, Espresso",,Latte,Light,Fruity,Somewhat strong,Full caffeine,5.0,4.0,3.0,2.0,5.0,Coffee D,<$20,Male,Bachelor's degree,Employed full-time
eB9qre,35-44 years old,2,"At a cafe, At home","Pour over, Espresso",,Latte,Light,Bright,Somewhat strong,Full caffeine,4.0,5.0,2.0,1.0,4.0,Coffee A,$40-$60,Male,Bachelor's degree,Employed full-time
eB9qxo,35-44 years old,,At home,Pour over,Specialty coffee shop,Pourover,Light,Fruity,Somewhat strong,Full caffeine,7.0,,,,,,,,,
dYQWYA,25-34 years old,2,"At home, At a cafe, At the office","French press, Pod/capsule machine (e.g. Keurig/Nespresso), Cold brew, Espresso",,Cold brew,Medium,Chocolatey,Medium,Full caffeine,6.0,1.0,3.0,5.0,4.0,Coffee D,$60-$80,,Master's degree,Employed part-time
g5WD9l,35-44 years old,2,"At the office, At home","Espresso, Pour over",,Latte,Light,Chocolatey,Somewhat strong,Full caffeine,7.0,4.0,4.0,4.0,2.0,Coffee C,>$100,Male,Some college or associate's degree,Employed full-time
Ld51Zj,18-24 years old,1,At home,Other,,Espresso,Medium,Caramalized,Somewhat strong,Full caffeine,8.0,5.0,3.0,1.0,3.0,Coffee A,$40-$60,Male,Some college or associate's degree,Student
NA8pBb,25-34 years old,1,"At the office, At home","Pour over, Coffee brewing machine (e.g. Mr. Coffee), Espresso, Instant coffee",,Regular drip coffee,Medium,Full Bodied,,Full caffeine,2.0,1.0,5.0,5.0,1.0,Coffee B,,,,
42P41o,25-34 years old,1,At home,Other,,Latte,Medium,Full Bodied,Medium,Full caffeine,3.0,4.0,4.0,2.0,4.0,Coffee A,$20-$40,Male,Bachelor's degree,Employed full-time
AlW7Qe,45-54 years old,3,At home,"Pour over, Coffee brewing machine (e.g. Mr. Coffee)",Specialty coffee shop,Espresso,Light,Fruity,Somewhat strong,Full caffeine,,,,,,,,,,
OA8DVY,25-34 years old,2,At home,"Pour over, Espresso, Coffee brewing machine (e.g. Mr. Coffee), Instant coffee",,Cappuccino,Medium,Full Bodied,,,1.0,3.0,5.0,4.0,2.0,Coffee B,,,,
PA8dEQ,25-34 years old,2,"At home, On the go","French press, Cold brew",Deli or supermarket,Cold brew,Medium,Caramalized,Medium,Full caffeine,7.0,3.0,2.0,5.0,4.0,Coffee C,$80-$100,Male,Master's degree,Employed full-time
VZoLb6,25-34 years old,Less than 1,None of these,,,Blended drink (e.g. Frappuccino),Light,Bright,Somewhat light,Half caff,1.0,3.0,4.0,1.0,2.0,Coffee B,<$20,Female,Bachelor's degree,Employed full-time
aBZQA2,25-34 years old,2,"At the office, At home","Pour over, Espresso",,Cortado,Light,Fruity,Medium,Full caffeine,8.0,4.0,2.0,2.0,5.0,Coffee D,$40-$60,Male,Bachelor's degree,Employed full-time
OA8Dka,25-34 years old,2,At home,Coffee brewing machine (e.g. Mr. Coffee),,Regular drip coffee,Light,Nutty,Medium,Full caffeine,2.0,5.0,2.0,3.0,4.0,Coffee B,<$20,Male,Doctorate or professional degree,Employed full-time
g5WDkJ,25-34 years old,1,"At home, At the office","Coffee brewing machine (e.g. Mr. Coffee), Espresso",,Latte,Dark,Full Bodied,Somewhat strong,Full caffeine,4.0,1.0,3.0,4.0,2.0,Coffee C,<$20,Female,Master's degree,Employed full-time
oAlb5N,25-34 years old,2,"At home, At the office","Espresso, Pour over",,Pourover,Medium,Sweet,Somewhat strong,Full caffeine,7.0,5.0,3.0,1.0,4.0,Coffee A,$40-$60,Male,Doctorate or professional degree,Employed full-time
8dj16r,25-34 years old,1,"At home, At a cafe","Pour over, Espresso",,Cappuccino,Medium,Chocolatey,Somewhat strong,Decaf,5.0,3.0,4.0,3.0,5.0,Coffee D,$40-$60,Female,Doctorate or professional degree,Employed full-time
QA8KkY,35-44 years old,1,"At home, At a cafe","Pour over, Cold brew",,Pourover,Light,Fruity,Medium,Full caffeine,7.0,4.0,1.0,4.0,4.0,Coffee D,$40-$60,Female,Bachelor's degree,Employed full-time
rl2jYo,35-44 years old,1,"At the office, At home","Pour over, Espresso",,Americano,Dark,Bold,Somewhat strong,Decaf,5.0,4.0,5.0,2.0,1.0,Coffee B,<$20,Female,Some college or associate's degree,Employed full-time
EP8kYr,35-44 years old,2,At home,Pour over,,Americano,Medium,Nutty,Somewhat light,Full caffeine,3.0,2.0,3.0,4.0,1.0,Coffee C,$20-$40,Male,Master's degree,Employed full-time
ylePpg,18-24 years old,2,"At home, At the office","Pour over, Pod/capsule machine (e.g. Keurig/Nespresso)",,Latte,Medium,Caramalized,Medium,Full caffeine,6.0,2.0,3.0,5.0,4.0,Coffee C,$20-$40,Male,Bachelor's degree,Unemployed
GrYx7e,25-34 years old,,"At the office, At a cafe",,,Cold brew,Medium,Chocolatey,Medium,Full caffeine,5.0,5.0,3.0,4.0,5.0,Coffee D,<$20,,,
8dj1jk,35-44 years old,2,"At home, At the office, On the go","Pour over, French press, Coffee brewing machine (e.g. Mr. Coffee), Cold brew","Specialty coffee shop, National chain (e.g. Starbucks, Dunkin)",Cappuccino,Light,Fruity,Somewhat strong,Full caffeine,6.0,4.0,2.0,2.0,5.0,Coffee D,$20-$40,Male,Master's degree,Employed full-time
6dr8pN,25-34 years old,1,At home,"Pour over, Espresso",,Latte,Medium,Caramalized,Very strong,Full caffeine,6.0,4.0,4.0,2.0,2.0,Coffee A,$40-$60,Male,Bachelor's degree,Employed full-time
PA8dLV,25-34 years old,2,"At home, At a cafe, At the office",Pour over,,Regular drip coffee,Light,Fruity,Medium,Full caffeine,7.0,5.0,4.0,3.0,2.0,Coffee A,$40-$60,Male,Bachelor's degree,Employed full-time
DV04PZ,18-24 years old,Less than 1,"On the go, At the office",,"National chain (e.g. Starbucks, Dunkin)",Latte,Medium,Sweet,Somewhat strong,Full caffeine,3.0,2.0,3.0,4.0,3.0,Coffee C,<$20,Male,Bachelor's degree,Employed full-time
9d2qaV,18-24 years old,1,At home,Other,,Mocha,Medium,Chocolatey,Medium,Full caffeine,2.0,2.0,5.0,5.0,1.0,Coffee B,<$20,Male,Bachelor's degree,Student
PA8jy5,35-44 years old,2,"On the go, At home, At the office","Pod/capsule machine (e.g. Keurig/Nespresso), Pour over",Local cafe,Latte,Light,Sweet,Medium,Full caffeine,3.0,3.0,2.0,4.0,5.0,Coffee D,$20-$40,Female,Bachelor's degree,Employed part-time
XeOxkY,25-34 years old,1,"At home, At the office, At a cafe","Pour over, Coffee brewing machine (e.g. Mr. Coffee)",,Pourover,Light,Fruity,Medium,Full caffeine,8.0,4.0,3.0,3.0,4.0,Coffee D,$40-$60,Male,Bachelor's degree,Employed full-time
AlW7kW,25-34 years old,3,"At home, At a cafe, At the office, On the go",Espresso,Local cafe,Iced coffee,Light,Bright,Somewhat strong,Full caffeine,9.0,4.0,2.0,2.0,5.0,Coffee D,$60-$80,Non-binary,Master's degree,Employed full-time
g5WDB1,25-34 years old,2,At home,Coffee brewing machine (e.g. Mr. Coffee),,Pourover,Light,Fruity,Somewhat strong,Full caffeine,6.0,3.0,4.0,2.0,4.0,Coffee D,$40-$60,Male,Bachelor's degree,Employed full-time
VZoLrE,25-34 years old,1,At home,Pour over,,Regular drip coffee,Light,Fruity,Medium,Full caffeine,3.0,4.0,2.0,3.0,5.0,Coffee D,$80-$100,Female,Master's degree,Employed full-time
QA8Kgl,25-34 years old,1,"At home, At the office","Pod/capsule machine (e.g. Keurig/Nespresso), Coffee brewing machine (e.g. Mr. Coffee)",,Cortado,Light,Bright,Somewhat strong,Full caffeine,7.0,2.0,3.0,4.0,1.0,Coffee C,$40-$60,Male,Bachelor's degree,Employed full-time
YZVjaW,25-34 years old,2,At home,Pour over,,Pourover,Nordic,Juicy,Somewhat light,Full caffeine,8.0,5.0,2.0,1.0,4.0,Coffee A,$40-$60,Male,Bachelor's degree,Homemaker
24OEMb,25-34 years old,Less than 1,At home,Other,,Cappuccino,Medium,Bold,Somewhat strong,Full caffeine,6.0,2.0,3.0,4.0,1.0,Coffee C,<$20,Male,Bachelor's degree,Employed full-time
Rz8GXv,25-34 years old,Less than 1,"On the go, At a cafe",,"Specialty coffee shop, Local cafe",Cold brew,Medium,Full Bodied,Medium,Full caffeine,5.0,3.0,4.0,2.0,1.0,Coffee B,<$20,Female,Bachelor's degree,Employed full-time
vNqjL4,18-24 years old,1,"At a cafe, At home","Instant coffee, Espresso",,Latte,Medium,Nutty,Medium,Full caffeine,3.0,2.0,4.0,5.0,2.0,Coffee C,$20-$40,Female,,
zKWxaE,55-64 years old,1,At home,"Pour over, Espresso",,Other,Dark,Full Bodied,Somewhat strong,Full caffeine,8.0,3.0,4.0,4.0,2.0,Coffee B,$40-$60,Male,Bachelor's degree,Employed part-time
aBZQ8y,55-64 years old,Less than 1,At home,Pour over,,Mocha,Medium,Chocolatey,Somewhat strong,Decaf,1.0,2.0,5.0,2.0,1.0,Coffee B,<$20,Female,Some college or associate's degree,Homemaker
NA8q7O,25-34 years old,1,"At home, On the go",Pour over,"Specialty coffee shop, Local cafe",Americano,Light,Fruity,Somewhat strong,Full caffeine,5.0,4.0,3.0,2.0,5.0,Coffee D,$80-$100,Female,Bachelor's degree,Employed full-time
eB955Q,>65 years old,3,"At home, At the office",Coffee brewing machine (e.g. Mr. Coffee),,Regular drip coffee,Medium,Full Bodied,Somewhat strong,Half caff,4.0,3.0,4.0,5.0,2.0,Coffee C,$20-$40,Male,Master's degree,Employed full-time
dYQb6K,25-34 years old,1,At the office,,,Pourover,Light,Fruity,Medium,Full caffeine,7.0,4.0,2.0,2.0,5.0,Coffee D,$40-$60,Male,Bachelor's degree,Employed full-time
aBZNLW,35-44 years old,2,"At the office, At a cafe, On the go, At home","French press, Espresso, Coffee brewing machine (e.g. Mr. Coffee), Pod/capsule machine (e.g. Keurig/Nespresso), Coffee extract (e.g. Cometeer), Cold brew","Specialty coffee shop, National chain (e.g. Starbucks, Dunkin), Local cafe, Deli or supermarket",Other,Light,Bright,Medium,Full caffeine,5.0,5.0,5.0,4.0,2.0,Coffee B,$80-$100,Female,Some college or associate's degree,Employed full-time
jBGe9E,25-34 years old,2,"At home, On the go","Pour over, Cold brew","Local cafe, Specialty coffee shop",Cold brew,Light,Fruity,Very strong,Full caffeine,9.0,4.0,2.0,3.0,4.0,Coffee D,$80-$100,Male,Bachelor's degree,Employed full-time
rl2y5l,25-34 years old,Less than 1,"At home, At a cafe, On the go","Pour over, Cold brew","National chain (e.g. Starbucks, Dunkin), Specialty coffee shop, Local cafe",Latte,Dark,Caramalized,Somewhat strong,Full caffeine,2.0,3.0,4.0,3.0,3.0,Coffee B,$20-$40,Female,Bachelor's degree,Employed full-time
KM8plV,25-34 years old,1,At home,Pour over,,Pourover,Medium,Chocolatey,Medium,Full caffeine,7.0,3.0,3.0,5.0,3.0,Coffee C,$20-$40,Male,Master's degree,Employed full-time
ZdP9R0,25-34 years old,1,At home,Pod/capsule machine (e.g. Keurig/Nespresso),,Regular drip coffee,Dark,Bold,Very strong,Full caffeine,1.0,1.0,2.0,3.0,4.0,Coffee D,<$20,Male,Bachelor's degree,Employed full-time
rl2DLl,55-64 years old,Less than 1,"At home, At a cafe","Espresso, Pour over",,Latte,Medium,Chocolatey,Medium,Full caffeine,5.0,4.0,4.0,3.0,1.0,Coffee B,$20-$40,Female,Bachelor's degree,Employed part-time
aBZOZ9,35-44 years old,2,"At the office, At home",Pour over,,Pourover,Light,Fruity,Medium,Full caffeine,7.0,1.0,4.0,4.0,2.0,Coffee C,$20-$40,Male,Bachelor's degree,Employed full-time
pL4eJZ,35-44 years old,1,At home,"Espresso, Coffee brewing machine (e.g. Mr. Coffee), Pour over",,Americano,Medium,Full Bodied,Medium,Full caffeine,6.0,2.0,4.0,3.0,1.0,Coffee B,$60-$80,Male,Master's degree,Employed full-time
42Pazo,35-44 years old,2,At the office,,,Pourover,Light,Fruity,Medium,Full caffeine,8.0,4.0,2.0,3.0,3.0,Coffee A,<$20,Male,Bachelor's degree,Employed full-time
9d2N4K,25-34 years old,2,"At home, At a cafe","Espresso, Pour over",,Latte,Medium,Sweet,Medium,Full caffeine,6.0,2.0,3.0,4.0,1.0,Coffee C,$40-$60,Non-binary,Bachelor's degree,Employed full-time
XeO52V,25-34 years old,2,"At home, At a cafe","Pour over, Espresso, Other",,Pourover,Light,Fruity,Medium,Full caffeine,7.0,3.0,2.0,4.0,5.0,Coffee D,$40-$60,Male,Bachelor's degree,Employed full-time
EP8qA2,45-54 years old,1,At home,Coffee extract (e.g. Cometeer),,Pourover,Dark,Full Bodied,Very strong,Full caffeine,7.0,3.0,5.0,4.0,2.0,Coffee B,$60-$80,Male,High school graduate,
EP8zro,25-34 years old,Less than 1,At home,"Pour over, Espresso, Cold brew",,Latte,Medium,Nutty,Very strong,Full caffeine,7.0,3.0,5.0,4.0,3.0,Coffee B,<$20,Male,Bachelor's degree,Employed part-time
AlWPgo,35-44 years old,2,"At the office, At home, On the go","Pour over, French press, Coffee brewing machine (e.g. Mr. Coffee), Pod/capsule machine (e.g. Keurig/Nespresso), Cold brew, Other","Local cafe, National chain (e.g. Starbucks, Dunkin)",Cold brew,Medium,Nutty,Somewhat strong,Full caffeine,7.0,3.0,4.0,3.0,2.0,Coffee B,$20-$40,Female,Bachelor's degree,Employed full-time
AlWrjN,35-44 years old,3,"At the office, At home","Espresso, Pod/capsule machine (e.g. Keurig/Nespresso), Other",,Mocha,Medium,Sweet,Very strong,Decaf,7.0,5.0,2.0,4.0,3.0,Coffee A,>$100,Male,Master's degree,Employed full-time
aBZOvy,25-34 years old,2,"At home, At a cafe","Espresso, Pour over, Cold brew",,Latte,Light,Bright,Medium,Full caffeine,8.0,5.0,3.0,3.0,4.0,Coffee A,$20-$40,Non-binary,Bachelor's degree,Employed full-time
xd9xzr,25-34 years old,1,At home,Pour over,,Pourover,Medium,Nutty,Medium,Half caff,8.0,3.0,4.0,5.0,4.0,Coffee C,$20-$40,Non-binary,Bachelor's degree,Employed full-time
VZopvE,35-44 years old,1,At home,"Espresso, Pour over, Coffee extract (e.g. Cometeer)",,Cortado,Medium,Chocolatey,Somewhat strong,Full caffeine,7.0,5.0,2.0,3.0,4.0,Coffee D,$20-$40,Male,Master's degree,Employed full-time
eB9ZWo,35-44 years old,Less than 1,None of these,,,Blended drink (e.g. Frappuccino),French,Chocolatey,Weak,Decaf,1.0,1.0,1.0,2.0,2.0,Coffee C,<$20,Male,Bachelor's degree,Employed full-time
24Ojye,55-64 years old,Less than 1,At home,"Pour over, Espresso",,Latte,Light,Nutty,Medium,Full caffeine,5.0,3.0,3.0,3.0,1.0,Coffee B,$20-$40,Male,Doctorate or professional degree,Employed full-time
8djNDz,25-34 years old,1,"At home, On the go",Pod/capsule machine (e.g. Keurig/Nespresso),"National chain (e.g. Starbucks, Dunkin)",Iced coffee,Medium,Sweet,Medium,Full caffeine,4.0,1.0,5.0,4.0,3.0,Coffee A,$20-$40,Female,Doctorate or professional degree,Employed full-time
eB95oJ,25-34 years old,2,On the go,,"Deli or supermarket, Specialty coffee shop",Latte,Medium,Full Bodied,Medium,Full caffeine,3.0,2.0,3.0,5.0,2.0,Coffee C,$20-$40,Female,High school graduate,Employed full-time
J281Po,35-44 years old,1,At home,"Pour over, French press",,Pourover,Light,Bright,Somewhat strong,Full caffeine,7.0,4.0,4.0,,,,,,,
Rz8Wyj,25-34 years old,3,"At a cafe, At the office, At home","Espresso, Pour over, Other",,Mocha,Medium,Fruity,Somewhat strong,Full caffeine,7.0,4.0,2.0,3.0,4.0,Coffee D,$40-$60,Male,Master's degree,Employed full-time
PA8RQB,35-44 years old,2,At home,Pour over,,Pourover,Light,Fruity,Somewhat strong,Full caffeine,6.0,4.0,2.0,3.0,5.0,Coffee D,$60-$80,Male,Bachelor's degree,Employed full-time
blN5jL,18-24 years old,2,"On the go, At a cafe, At home, At the office","Pour over, French press, Coffee brewing machine (e.g. Mr. Coffee)","Specialty coffee shop, National chain (e.g. Starbucks, Dunkin), Local cafe",Iced coffee,Medium,Full Bodied,Somewhat strong,Full caffeine,8.0,4.0,5.0,4.0,4.0,Coffee B,$20-$40,Male,Some college or associate's degree,Employed full-time
5dEXJ6,18-24 years old,2,"At home, At a cafe","Pour over, French press",,Mocha,Light,Chocolatey,Medium,Full caffeine,4.0,2.0,3.0,1.0,4.0,Coffee D,$20-$40,Male,Bachelor's degree,Employed full-time
xd9x8J,25-34 years old,2,"On the go, At home","French press, Pod/capsule machine (e.g. Keurig/Nespresso)","Drive-thru, National chain (e.g. Starbucks, Dunkin)",Mocha,Dark,Chocolatey,Very strong,Full caffeine,5.0,3.0,4.0,2.0,4.0,Coffee B,$20-$40,Male,Some college or associate's degree,Employed full-time
vNqX5D,35-44 years old,2,"At a cafe, At home",Coffee brewing machine (e.g. Mr. Coffee),,Cappuccino,Light,Full Bodied,Somewhat strong,Full caffeine,6.0,3.0,3.0,4.0,1.0,Coffee C,$80-$100,Male,Bachelor's degree,Employed full-time
XeO56Y,25-34 years old,1,At home,Espresso,,Latte,Dark,Nutty,Very strong,Full caffeine,5.0,1.0,4.0,2.0,5.0,Coffee D,$40-$60,Female,Bachelor's degree,Employed full-time
xd9Vbv,45-54 years old,Less than 1,At home,Coffee extract (e.g. Cometeer),,Other,Medium,Full Bodied,Medium,Full caffeine,2.0,1.0,4.0,4.0,3.0,Coffee B,<$20,Female,,
pL4eYB,25-34 years old,1,"At the office, At home",Pour over,,Regular drip coffee,Medium,Nutty,Medium,Decaf,3.0,1.0,3.0,5.0,1.0,Coffee C,$20-$40,Female,Bachelor's degree,Employed full-time
NA8qGQ,35-44 years old,3,At home,"Pour over, Espresso",,Pourover,Light,Bright,Somewhat strong,Full caffeine,8.0,2.0,4.0,1.0,4.0,Coffee D,$60-$80,Male,Doctorate or professional degree,Employed full-time
0EoV9y,35-44 years old,Less than 1,"On the go, At home, At a cafe","Pour over, Other","Local cafe, Specialty coffee shop",Cappuccino,Light,Nutty,Medium,Decaf,4.0,3.0,5.0,2.0,4.0,Coffee C,<$20,Female,Master's degree,Employed full-time
J281Nd,35-44 years old,Less than 1,At home,"Pour over, Espresso",,Pourover,Medium,Full Bodied,Somewhat strong,Full caffeine,2.0,2.0,2.0,3.0,1.0,Coffee C,<$20,Male,,
DV0q8R,25-34 years old,1,"At home, On the go",Coffee brewing machine (e.g. Mr. Coffee),"National chain (e.g. Starbucks, Dunkin), Other",Regular drip coffee,Medium,Bright,Somewhat strong,Full caffeine,3.0,3.0,4.0,4.0,1.0,Coffee C,<$20,Non-binary,Some college or associate's degree,Employed full-time
QA8oy1,35-44 years old,2,At home,Coffee brewing machine (e.g. Mr. Coffee),,Pourover,Light,Juicy,Medium,Full caffeine,7.0,4.0,2.0,1.0,4.0,Coffee A,$40-$60,Female,Bachelor's degree,Homemaker
6drDoB,25-34 years old,1,At home,"Pour over, Other",,Cortado,Light,Juicy,Somewhat strong,Full caffeine,6.0,4.0,3.0,3.0,5.0,Coffee D,$20-$40,Male,Some college or associate's degree,Employed full-time
VZopRa,>65 years old,More than 4,At home,"Pour over, French press, Espresso, Pod/capsule machine (e.g. Keurig/Nespresso)",,Espresso,Dark,Full Bodied,Very strong,Full caffeine,7.0,4.0,3.0,5.0,4.0,Coffee C,$40-$60,Male,Master's degree,Retired
aBZ95W,25-34 years old,Less than 1,At a cafe,,,Latte,Medium,Full Bodied,Somewhat strong,Half caff,3.0,4.0,3.0,3.0,2.0,Coffee A,$20-$40,Male,Bachelor's degree,Unemployed
9d2GA1,25-34 years old,3,At the office,,,Pourover,Light,Juicy,Somewhat strong,Full caffeine,7.0,4.0,3.0,2.0,5.0,Coffee D,$40-$60,Male,Bachelor's degree,Employed full-time
GrY6x2,18-24 years old,2,At home,Pour over,,Pourover,Light,Floral,Medium,Full caffeine,9.0,5.0,3.0,1.0,4.0,Coffee A,$20-$40,Male,Bachelor's degree,Employed full-time
g5WaaK,35-44 years old,3,"At the office, At home",Coffee brewing machine (e.g. Mr. Coffee),,Pourover,Dark,Bold,Somewhat strong,Full caffeine,6.0,1.0,4.0,2.0,3.0,Coffee B,$20-$40,Male,Bachelor's degree,Employed full-time
BG8EjA,25-34 years old,4,"At home, At a cafe","Pour over, Instant coffee, Cold brew",,Americano,Dark,Chocolatey,Somewhat strong,Full caffeine,6.0,1.0,4.0,4.0,3.0,Coffee B,$40-$60,Male,Some college or associate's degree,Employed full-time
aBZ9GX,18-24 years old,1,"At home, At a cafe","Pour over, Espresso",,Espresso,Medium,Fruity,Somewhat strong,Full caffeine,6.0,4.0,4.0,3.0,5.0,Coffee D,$20-$40,Female,Bachelor's degree,
aBZOMB,35-44 years old,1,"On the go, At home, At a cafe","Pod/capsule machine (e.g. Keurig/Nespresso), Pour over, French press, Instant coffee","Specialty coffee shop, National chain (e.g. Starbucks, Dunkin), Deli or supermarket, Local cafe",Cappuccino,Dark,Nutty,Somewhat strong,Full caffeine,7.0,1.0,4.0,3.0,2.0,Coffee B,$40-$60,Female,Bachelor's degree,Employed full-time
AlWzdy,45-54 years old,3,"At home, At the office, At a cafe, On the go","Pour over, Coffee brewing machine (e.g. Mr. Coffee), Espresso","Local cafe, Specialty coffee shop",Pourover,Light,Fruity,Medium,Full caffeine,6.0,4.0,3.0,4.0,4.0,Coffee A,,,,
jBGZ74,18-24 years old,2,At home,Pour over,,Regular drip coffee,Light,Bold,Medium,Full caffeine,8.0,4.0,3.0,2.0,3.0,Coffee A,$20-$40,Male,Bachelor's degree,Student
rl2Djp,35-44 years old,More than 4,"At home, On the go","Pour over, Espresso, Pod/capsule machine (e.g. Keurig/Nespresso), Coffee brewing machine (e.g. Mr. Coffee), French press, Instant coffee, Cold brew","Local cafe, Specialty coffee shop, National chain (e.g. Starbucks, Dunkin), Drive-thru",Cortado,Light,Sweet,Somewhat strong,Full caffeine,8.0,2.0,4.0,4.0,1.0,Coffee C,$60-$80,Male,Doctorate or professional degree,Employed full-time
zKWjyE,25-34 years old,1,"At home, At a cafe, At the office",Pour over,,Pourover,Light,Juicy,Somewhat strong,Full caffeine,8.0,4.0,2.0,1.0,5.0,Coffee D,$40-$60,Male,Bachelor's degree,Employed full-time
9d2BvV,35-44 years old,3,At the office,,,Other,Medium,Chocolatey,Somewhat strong,Full caffeine,7.0,5.0,4.0,2.0,3.0,Coffee A,$80-$100,Male,Bachelor's degree,Employed full-time
KM8za7,25-34 years old,1,At home,Espresso,,Latte,Light,Nutty,Medium,Full caffeine,2.0,2.0,4.0,3.0,1.0,Coffee B,,,,
GrY6re,35-44 years old,2,At home,"Pour over, Espresso",,Cortado,Medium,Fruity,Medium,Full caffeine,6.0,2.0,4.0,2.0,5.0,Coffee D,$20-$40,Male,Doctorate or professional degree,Employed full-time
OA8aLg,25-34 years old,2,"At a cafe, At home, On the go","Pour over, Espresso","Local cafe, Specialty coffee shop",Pourover,Light,Juicy,Medium,Full caffeine,8.0,3.0,4.0,2.0,5.0,Coffee D,>$100,Female,Bachelor's degree,Employed full-time
NA8rA0,25-34 years old,Less than 1,At home,"Instant coffee, Other",,Iced coffee,Medium,Sweet,Somewhat light,Decaf,1.0,2.0,2.0,4.0,1.0,Coffee C,<$20,Male,Bachelor's degree,Employed part-time
5dEbDb,25-34 years old,3,At home,Espresso,,Latte,Light,Chocolatey,Somewhat strong,Full caffeine,5.0,3.0,4.0,3.0,1.0,Coffee B,$40-$60,Male,Bachelor's degree,Employed full-time
jBGZBQ,25-34 years old,Less than 1,"At home, At a cafe","French press, Pour over",,Latte,Medium,Chocolatey,Medium,Full caffeine,2.0,5.0,3.0,3.0,2.0,Coffee A,<$20,Female,Master's degree,Employed full-time
GrY6JZ,25-34 years old,3,At home,"Pour over, Other",,Pourover,Nordic,Bright,Somewhat strong,Full caffeine,9.0,4.0,1.0,1.0,4.0,Coffee D,$80-$100,Non-binary,Some college or associate's degree,Employed full-time
yleXOB,25-34 years old,2,"On the go, At home",French press,Specialty coffee shop,Cortado,Light,Fruity,Somewhat strong,Full caffeine,7.0,4.0,5.0,3.0,5.0,Coffee D,$40-$60,Male,Master's degree,Employed part-time
OA8akK,35-44 years old,2,"At home, At a cafe","Pour over, Espresso",,Cappuccino,Light,Fruity,Somewhat strong,Full caffeine,5.0,4.0,4.0,3.0,4.0,Coffee D,$20-$40,Female,Doctorate or professional degree,Employed full-time
jBGZvR,18-24 years old,1,At home,"Espresso, Pour over",,Espresso,Medium,Bright,Somewhat strong,Full caffeine,5.0,4.0,4.0,5.0,2.0,Coffee C,$40-$60,Male,,
GrY6Xp,25-34 years old,3,At home,"Pour over, Espresso",,Pourover,Nordic,Juicy,Medium,Full caffeine,8.0,4.0,3.0,2.0,3.0,Coffee A,$40-$60,Male,Master's degree,Employed part-time
zKWjd1,35-44 years old,1,At home,"Instant coffee, Espresso",,Latte,Medium,Caramalized,Medium,Full caffeine,4.0,4.0,2.0,3.0,1.0,Coffee A,<$20,Female,Doctorate or professional degree,Employed full-time
Ld59k1,35-44 years old,3,"At home, At the office","Coffee brewing machine (e.g. Mr. Coffee), Coffee extract (e.g. Cometeer)",,Regular drip coffee,Medium,Caramalized,Medium,Full caffeine,7.0,1.0,2.0,5.0,4.0,Coffee C,$60-$80,Female,Bachelor's degree,Employed full-time
MA81dX,25-34 years old,More than 4,At home,"Pour over, French press, Espresso, Cold brew, Other",,Pourover,Light,Fruity,Medium,Full caffeine,6.0,4.0,1.0,3.0,5.0,Coffee D,$80-$100,Male,Bachelor's degree,Employed full-time
J28qao,25-34 years old,2,"At a cafe, On the go, At home, At the office","Espresso, Pour over, Other","Specialty coffee shop, Local cafe",Cortado,,,,,,,,,,,,,,
5dEbNZ,25-34 years old,2,At home,Espresso,,Pourover,Medium,Full Bodied,Medium,Full caffeine,9.0,1.0,2.0,4.0,5.0,Coffee A,$40-$60,Male,Master's degree,Employed full-time
VZoGry,25-34 years old,2,"At a cafe, At home","Pour over, French press, Instant coffee, Cold brew","Local cafe, Specialty coffee shop, Other",Pourover,Light,Juicy,Very strong,Full caffeine,7.0,,,4.0,5.0,,,,,
6drDqP,25-34 years old,1,"At home, At a cafe","Pour over, Espresso, French press, Coffee extract (e.g. Cometeer), Cold brew",,Other,Medium,Full Bodied,Somewhat strong,Full caffeine,5.0,4.0,4.0,3.0,5.0,Coffee D,<$20,Male,Some college or associate's degree,Employed full-time
1rGXe1,35-44 years old,2,"At home, At the office","Pour over, Coffee extract (e.g. Cometeer), Espresso",,Pourover,Medium,Caramalized,Somewhat strong,Full caffeine,5.0,4.0,3.0,4.0,5.0,Coffee D,$80-$100,Male,Master's degree,Employed full-time
PA8pVV,25-34 years old,4,"At the office, At home","Pour over, French press, Espresso, Pod/capsule machine (e.g. Keurig/Nespresso), Cold brew",,Pourover,Light,Fruity,Medium,Full caffeine,7.0,5.0,2.0,3.0,5.0,Coffee D,<$20,Male,Bachelor's degree,Employed full-time
AlWKzk,35-44 years old,2,At home,"Espresso, Pour over",,Cappuccino,Medium,Full Bodied,Very strong,Full caffeine,7.0,4.0,5.0,3.0,3.0,Coffee B,,,,
lNVBok,45-54 years old,2,"At home, At a cafe","Pour over, Other",,Pourover,Blonde,Bright,Somewhat strong,Full caffeine,6.0,5.0,2.0,4.0,5.0,Coffee D,$60-$80,Male,Master's degree,Employed full-time
PA8pVe,>65 years old,2,At home,French press,,Regular drip coffee,Dark,Caramalized,Very strong,Full caffeine,3.0,3.0,2.0,2.0,4.0,Coffee D,<$20,Male,Some college or associate's degree,Retired
zKWNxa,18-24 years old,3,"At a cafe, On the go, At home, At the office","Pour over, Espresso","Specialty coffee shop, Local cafe",Pourover,Light,Juicy,Somewhat strong,Full caffeine,7.0,5.0,2.0,1.0,5.0,Coffee D,$40-$60,Male,Bachelor's degree,Employed full-time
0Eo7O0,25-34 years old,1,"At home, At a cafe",Pour over,,Pourover,Light,Fruity,Somewhat light,Full caffeine,8.0,4.0,4.0,4.0,5.0,Coffee D,$40-$60,Male,Bachelor's degree,Employed full-time
9d2XD4,35-44 years old,2,At home,Pour over,,Cappuccino,Medium,Chocolatey,Somewhat strong,Full caffeine,6.0,4.0,5.0,2.0,4.0,Coffee B,,,,
VZojZl,18-24 years old,2,"At home, At a cafe, On the go",Cold brew,"National chain (e.g. Starbucks, Dunkin), Local cafe, Drive-thru",Cold brew,Medium,Caramalized,Somewhat strong,Full caffeine,5.0,4.0,3.0,3.0,3.0,Coffee A,$40-$60,Female,Some college or associate's degree,Student
NA8DVN,18-24 years old,2,At home,Cold brew,,Iced coffee,Nordic,Juicy,Medium,Full caffeine,4.0,1.0,2.0,4.0,3.0,Coffee C,$20-$40,Male,Bachelor's degree,Employed full-time
7d4bx9,18-24 years old,2,At home,Pour over,,Cappuccino,Medium,Bold,Medium,Full caffeine,6.0,2.0,3.0,4.0,5.0,Coffee D,$20-$40,Male,Bachelor's degree,Employed full-time
qbjab8,25-34 years old,1,At home,"Pour over, Other",,Espresso,Light,Fruity,Somewhat strong,Full caffeine,5.0,4.0,1.0,2.0,5.0,Coffee D,$20-$40,Female,Master's degree,Employed full-time
jBGby9,18-24 years old,Less than 1,"At home, At a cafe","Pour over, Espresso",,Espresso,Light,Juicy,Somewhat strong,Full caffeine,7.0,4.0,2.0,2.0,4.0,Coffee A,$20-$40,Male,Some college or associate's degree,Employed part-time
zKWNKE,18-24 years old,1,On the go,,Local cafe,Latte,Medium,Nutty,Medium,Full caffeine,5.0,3.0,2.0,1.0,4.0,Coffee D,$20-$40,Male,Bachelor's degree,Unemployed
Ld5zz1,25-34 years old,4,"At a cafe, At home","Pour over, Espresso, Coffee extract (e.g. Cometeer), Other",,Pourover,Light,Fruity,Medium,Full caffeine,8.0,4.0,2.0,5.0,4.0,Coffee C,$60-$80,Male,Bachelor's degree,Employed full-time
XeOrQg,25-34 years old,Less than 1,At a cafe,,,Latte,,Caramalized,Somewhat strong,,,,,,,,,,,
dYQN8K,25-34 years old,2,At the office,,,Cappuccino,Light,Fruity,Somewhat strong,Full caffeine,6.0,5.0,2.0,3.0,4.0,Coffee A,$80-$100,Male,Doctorate or professional degree,Student
rl2Bgl,25-34 years old,2,"At the office, At a cafe, At home","Espresso, Pour over, Cold brew",,Espresso,Medium,Chocolatey,Very strong,Full caffeine,6.0,3.0,2.0,4.0,4.0,Coffee B,$20-$40,Male,Bachelor's degree,Employed full-time
5dE4eE,18-24 years old,2,"At the office, On the go, At home, At a cafe","French press, Espresso, Other, Pour over","National chain (e.g. Starbucks, Dunkin), Local cafe, Specialty coffee shop",Latte,Medium,Bold,Very strong,Full caffeine,6.0,3.0,5.0,3.0,2.0,Coffee B,$40-$60,Male,High school graduate,Employed part-time
QA8Mk7,55-64 years old,2,"At home, At the office","Pour over, Espresso",,Pourover,Light,Fruity,Somewhat strong,Full caffeine,7.0,5.0,3.0,4.0,4.0,Coffee A,$40-$60,Male,Bachelor's degree,Employed full-time
g5WD6d,25-34 years old,1,"At home, At the office",Coffee brewing machine (e.g. Mr. Coffee),,Regular drip coffee,Medium,Fruity,Somewhat strong,Full caffeine,6.0,3.0,2.0,4.0,5.0,Coffee D,$20-$40,Male,Bachelor's degree,Employed full-time
jBGaVR,25-34 years old,2,"At home, On the go","Coffee extract (e.g. Cometeer), Pour over, Other","National chain (e.g. Starbucks, Dunkin), Specialty coffee shop",Regular drip coffee,Medium,Juicy,Somewhat strong,Full caffeine,9.0,2.0,3.0,4.0,3.0,Coffee C,$80-$100,Female,Master's degree,Student
Rz8dZK,35-44 years old,Less than 1,At a cafe,,,Cappuccino,Blonde,Chocolatey,Medium,Full caffeine,2.0,4.0,2.0,2.0,3.0,Coffee A,<$20,Female,Bachelor's degree,Employed full-time
42PBdO,18-24 years old,1,At home,"Pour over, French press, Espresso",,Pourover,Dark,Chocolatey,Very strong,Full caffeine,5.0,4.0,3.0,5.0,2.0,Coffee C,$20-$40,Female,Bachelor's degree,Unemployed
GrYxZ2,25-34 years old,1,At home,Coffee brewing machine (e.g. Mr. Coffee),,Regular drip coffee,Light,Chocolatey,Medium,Full caffeine,4.0,3.0,2.0,1.0,5.0,Coffee D,$20-$40,Female,Some college or associate's degree,Homemaker
GrYKgp,25-34 years old,1,"At home, At a cafe",Espresso,,Espresso,Dark,Chocolatey,Very strong,Full caffeine,3.0,1.0,2.0,4.0,4.0,Coffee D,$20-$40,Male,Bachelor's degree,Employed full-time
NA8Ddl,25-34 years old,1,At home,Other,,Americano,Medium,Chocolatey,Somewhat strong,Full caffeine,3.0,2.0,4.0,3.0,2.0,Coffee B,$40-$60,Female,Bachelor's degree,Employed full-time
DV0Kbq,35-44 years old,3,"At home, On the go","Pour over, Espresso",Specialty coffee shop,Pourover,Nordic,Fruity,Medium,Full caffeine,9.0,4.0,2.0,1.0,5.0,Coffee C,>$100,Male,Bachelor's degree,Employed full-time
oAlDkx,>65 years old,2,At home,"Pour over, Espresso",,Espresso,Medium,Sweet,Somewhat strong,Full caffeine,8.0,4.0,3.0,2.0,5.0,Coffee D,$40-$60,Male,Some college or associate's degree,Retired
kYOb9r,25-34 years old,1,On the go,,"Specialty coffee shop, Drive-thru, National chain (e.g. Starbucks, Dunkin)",Latte,Blonde,Chocolatey,Medium,Full caffeine,4.0,4.0,5.0,3.0,1.0,Coffee B,$80-$100,Female,Bachelor's degree,Homemaker
OA8lg7,18-24 years old,1,At home,"Pour over, Espresso",,Americano,Medium,Nutty,Somewhat strong,Full caffeine,4.0,2.0,3.0,4.0,2.0,Coffee C,$20-$40,Male,Bachelor's degree,Employed full-time
VZoGJ6,18-24 years old,Less than 1,At a cafe,,,Latte,Light,Bright,Somewhat light,Half caff,6.0,5.0,2.0,4.0,1.0,Coffee A,$60-$80,Female,Bachelor's degree,Employed full-time
VZojqJ,25-34 years old,1,At home,Other,,Americano,Medium,Floral,Somewhat strong,Full caffeine,5.0,4.0,3.0,2.0,3.0,Coffee A,$40-$60,Female,Bachelor's degree,Homemaker
42PQRd,55-64 years old,1,At home,"Pour over, French press, Espresso",,Cappuccino,Dark,Full Bodied,Somewhat strong,Decaf,7.0,1.0,3.0,4.0,2.0,Coffee C,<$20,Male,Master's degree,Employed full-time
qbja4Y,35-44 years old,2,"At home, At a cafe","Pour over, French press, Cold brew",,Pourover,Medium,Floral,Somewhat strong,Full caffeine,5.0,2.0,4.0,3.0,5.0,Coffee D,$40-$60,Male,Bachelor's degree,Employed full-time
Rz8KWd,35-44 years old,1,"At home, At a cafe",Espresso,,Mocha,Medium,Chocolatey,Medium,Decaf,3.0,1.0,2.0,3.0,4.0,Coffee D,$40-$60,Female,Bachelor's degree,Employed full-time
VZoL46,25-34 years old,More than 4,"At home, At the office",Pour over,,Pourover,Nordic,Fruity,Medium,Full caffeine,8.0,5.0,3.0,2.0,4.0,Coffee A,$60-$80,Male,Doctorate or professional degree,Employed full-time
WAl9ee,25-34 years old,2,"At home, At a cafe","Espresso, Pour over",,Cappuccino,Light,Floral,Somewhat strong,Full caffeine,8.0,4.0,3.0,1.0,5.0,Coffee D,$20-$40,Male,Bachelor's degree,Employed full-time
PA8Dq0,18-24 years old,1,At the office,,,Latte,Dark,Nutty,Somewhat strong,Full caffeine,3.0,2.0,4.0,3.0,3.0,Coffee B,<$20,Female,Bachelor's degree,Employed full-time
YZVR8v,55-64 years old,,At home,Pod/capsule machine (e.g. Keurig/Nespresso),,Cappuccino,Dark,Chocolatey,Somewhat strong,Full caffeine,7.0,,,,,Coffee B,,,,
5dE4Ab,25-34 years old,3,"At home, At the office, At a cafe","Pour over, French press, Other",,Pourover,Light,Fruity,Somewhat strong,Full caffeine,8.0,4.0,2.0,3.0,5.0,Coffee D,$20-$40,Male,Bachelor's degree,Employed full-time
oAlD8M,25-34 years old,Less than 1,None of these,,,Mocha,Light,Sweet,Somewhat light,Full caffeine,1.0,4.0,1.0,3.0,2.0,Coffee A,<$20,Male,Master's degree,Employed full-time
1rGk8b,35-44 years old,3,At home,Pour over,,Espresso,Light,Floral,Medium,Full caffeine,5.0,5.0,2.0,2.0,4.0,Coffee A,$60-$80,Male,,
rl2BZL,18-24 years old,1,"At the office, At home, At a cafe","Pour over, Espresso",,Americano,Light,Floral,Somewhat strong,Full caffeine,8.0,3.0,3.0,2.0,4.0,Coffee D,$20-$40,Male,Bachelor's degree,Employed full-time
vNqer0,<18 years old,1,At home,Cold brew,,Latte,Medium,Full Bodied,Medium,Full caffeine,4.0,3.0,3.0,1.0,5.0,Coffee D,,,,
PA815b,35-44 years old,4,"At home, At the office",Coffee brewing machine (e.g. Mr. Coffee),,Regular drip coffee,Medium,Chocolatey,Medium,Full caffeine,5.0,4.0,1.0,5.0,4.0,Coffee C,$20-$40,Male,Some college or associate's degree,Employed full-time
WAlEEN,45-54 years old,2,"At home, At the office, On the go",Pod/capsule machine (e.g. Keurig/Nespresso),"National chain (e.g. Starbucks, Dunkin)",Regular drip coffee,Medium,Bold,Somewhat strong,Full caffeine,7.0,3.0,4.0,5.0,2.0,Coffee C,$40-$60,Male,Bachelor's degree,Employed full-time
kYOe7j,25-34 years old,2,"At home, At the office","Pour over, French press, Pod/capsule machine (e.g. Keurig/Nespresso)",,Espresso,Light,Bright,Very strong,Full caffeine,6.0,,,,,Coffee D,,,,
pL4y0y,25-34 years old,,,Espresso,,Mocha,Medium,Chocolatey,Medium,Full caffeine,6.0,,2.0,4.0,3.0,Coffee C,,,,
NA8lDl,25-34 years old,2,At home,"Pour over, French press, Espresso",,Cappuccino,Light,Sweet,Somewhat strong,Full caffeine,9.0,4.0,3.0,1.0,5.0,Coffee D,$20-$40,Male,Bachelor's degree,Employed full-time
qbjDWk,35-44 years old,1,At home,Espresso,,Espresso,Light,Bright,Somewhat strong,Full caffeine,7.0,4.0,2.0,3.0,5.0,Coffee D,$20-$40,Male,Doctorate or professional degree,Employed full-time
XeOJMV,25-34 years old,2,At home,"Coffee brewing machine (e.g. Mr. Coffee), Cold brew",,Regular drip coffee,Light,Caramalized,Medium,Full caffeine,4.0,3.0,4.0,5.0,1.0,Coffee C,$20-$40,Male,Bachelor's degree,Employed full-time
1rGdKM,35-44 years old,1,"At home, At a cafe",Cold brew,,Iced coffee,Medium,Chocolatey,Medium,Full caffeine,5.0,5.0,4.0,1.0,3.0,Coffee A,$40-$60,Female,Bachelor's degree,Homemaker
WAlrbP,25-34 years old,2,"At home, At a cafe","Pour over, French press, Instant coffee, Cold brew, Other",,Pourover,Light,Juicy,Very strong,Full caffeine,7.0,3.0,2.0,4.0,5.0,Coffee D,$40-$60,Male,Bachelor's degree,Employed full-time
7d4L12,25-34 years old,1,"At home, On the go, At the office","Espresso, French press","Specialty coffee shop, Local cafe, Drive-thru, National chain (e.g. Starbucks, Dunkin)",Latte,Medium,Chocolatey,Medium,Full caffeine,6.0,1.0,4.0,3.0,2.0,Coffee B,$20-$40,Non-binary,Master's degree,Employed full-time
J28p8z,45-54 years old,More than 4,"At home, At the office",Bean-to-cup machine,,Americano,French,Chocolatey,Somewhat strong,Full caffeine,6.0,3.0,4.0,5.0,2.0,Coffee C,$20-$40,Male,Master's degree,Employed full-time
pL4y4y,25-34 years old,3,"At home, At a cafe","Pour over, French press",,Pourover,Medium,Caramalized,Somewhat strong,Full caffeine,7.0,4.0,3.0,4.0,2.0,Coffee C,$20-$40,Male,Master's degree,Employed full-time
oAle1P,35-44 years old,Less than 1,At a cafe,,,Latte,Blonde,Floral,Somewhat light,Decaf,3.0,4.0,2.0,3.0,4.0,Coffee A,,,,
DV0kER,25-34 years old,2,"At the office, At home, At a cafe","Coffee brewing machine (e.g. Mr. Coffee), Cold brew",,Latte,Light,Full Bodied,Medium,Full caffeine,3.0,4.0,3.0,5.0,2.0,Coffee C,$40-$60,Female,Doctorate or professional degree,Employed full-time
AlW2vk,55-64 years old,2,"At home, At the office, On the go","Other, Pour over","National chain (e.g. Starbucks, Dunkin)",Other,Blonde,Sweet,Somewhat light,Full caffeine,2.0,1.0,3.0,5.0,4.0,Coffee C,$80-$100,Male,Master's degree,Employed full-time
MA8N0g,35-44 years old,2,At home,Pour over,,,,,,,,,,,,,,,,
EP8dVX,18-24 years old,1,At home,Pour over,,Iced coffee,Light,Bright,Somewhat light,Full caffeine,4.0,4.0,1.0,3.0,5.0,Coffee D,$20-$40,Male,Some college or associate's degree,Student
oAleL1,55-64 years old,3,"At home, At the office","Bean-to-cup machine, Cold brew",,Americano,Light,Nutty,Somewhat strong,Full caffeine,7.0,5.0,3.0,3.0,1.0,Coffee A,$60-$80,Female,Master's degree,Retired
9d2ZNX,25-34 years old,,At the office,,,Pourover,Light,Nutty,Medium,Full caffeine,4.0,2.0,4.0,2.0,1.0,Coffee B,,,,
NA8l2Q,45-54 years old,4,"At the office, At home",Pour over,,Regular drip coffee,Light,Bright,Somewhat strong,Full caffeine,7.0,5.0,3.0,1.0,4.0,Coffee A,$40-$60,Male,Master's degree,Employed full-time
8djaYO,25-34 years old,1,At home,"Pour over, Espresso",,Pourover,Nordic,Juicy,Somewhat strong,Full caffeine,9.0,5.0,3.0,3.0,4.0,Coffee A,$40-$60,Male,Bachelor's degree,Employed full-time
6drjXo,55-64 years old,3,"At the office, At home, At a cafe","Pour over, Other",,Pourover,Medium,Full Bodied,Somewhat strong,Full caffeine,7.0,2.0,4.0,5.0,4.0,Coffee C,$20-$40,Male,Bachelor's degree,Employed full-time
PA81MP,35-44 years old,2,At home,"Coffee brewing machine (e.g. Mr. Coffee), Pour over",,Regular drip coffee,Dark,Bold,Very strong,Full caffeine,8.0,3.0,4.0,5.0,2.0,Coffee C,$80-$100,Female,Bachelor's degree,Employed full-time
EP8d7o,18-24 years old,1,"On the go, At home",Bean-to-cup machine,"Local cafe, National chain (e.g. Starbucks, Dunkin)",Latte,Medium,Full Bodied,Somewhat light,Full caffeine,3.0,5.0,2.0,3.0,4.0,Coffee A,$60-$80,Other (please specify),High school graduate,Student
1rGdqL,35-44 years old,2,At home,"Pour over, Espresso",,Espresso,Light,Full Bodied,Somewhat strong,Full caffeine,6.0,5.0,2.0,3.0,4.0,Coffee A,$40-$60,Male,Bachelor's degree,Employed full-time
xd9Dxk,<18 years old,2,At home,"Coffee brewing machine (e.g. Mr. Coffee), Pod/capsule machine (e.g. Keurig/Nespresso)",,Latte,Light,Fruity,Medium,Full caffeine,1.0,5.0,3.0,2.0,4.0,Coffee A,$20-$40,Male,Less than high school,Student
BG8pae,55-64 years old,3,At home,Bean-to-cup machine,,Espresso,Medium,Full Bodied,Very strong,Full caffeine,7.0,4.0,4.0,5.0,1.0,Coffee C,$60-$80,Male,Bachelor's degree,Retired
pL4y8E,45-54 years old,2,"At home, On the go, At a cafe","Coffee brewing machine (e.g. Mr. Coffee), Pour over","National chain (e.g. Starbucks, Dunkin), Local cafe, Specialty coffee shop",Latte,Medium,Caramalized,Somewhat strong,Full caffeine,7.0,2.0,4.0,4.0,1.0,Coffee B,$80-$100,Male,Some college or associate's degree,Employed full-time
24OABe,35-44 years old,1,"At home, At the office, On the go, At a cafe","Coffee extract (e.g. Cometeer), Cold brew",Local cafe,Latte,Medium,Caramalized,Medium,Half caff,5.0,3.0,3.0,4.0,3.0,Coffee C,>$100,Female,Doctorate or professional degree,Employed full-time
rl2Bzo,35-44 years old,3,"At home, On the go, At the office","French press, Espresso","National chain (e.g. Starbucks, Dunkin), Local cafe",,Medium,Nutty,Medium,Full caffeine,8.0,,,,,,,,,
ZdPO2B,35-44 years old,2,"At home, At the office, At a cafe","French press, Other",,Latte,Medium,Full Bodied,Very strong,Full caffeine,6.0,3.0,5.0,3.0,2.0,Coffee B,$20-$40,Non-binary,,
kYOGdZ,25-34 years old,2,"At home, At the office",Pour over,,Pourover,Medium,Bright,Somewhat strong,Full caffeine,8.0,5.0,4.0,4.0,1.0,Coffee A,$40-$60,Male,Doctorate or professional degree,Employed full-time
zKWy91,25-34 years old,2,"At the office, At home","Pour over, Other",,Pourover,Medium,Caramalized,Somewhat strong,Full caffeine,7.0,4.0,3.0,5.0,4.0,Coffee C,,,,
eB9rLO,25-34 years old,2,At home,"Pour over, Espresso",,Pourover,Light,Floral,Somewhat strong,Full caffeine,10.0,1.0,3.0,3.0,4.0,Coffee D,$20-$40,Male,Bachelor's degree,Employed full-time
9d2Z6G,>65 years old,2,At home,Pod/capsule machine (e.g. Keurig/Nespresso),,Regular drip coffee,Dark,Full Bodied,Very strong,Full caffeine,2.0,5.0,4.0,3.0,1.0,Coffee A,,,,
pL4or1,55-64 years old,2,At home,Other,,Regular drip coffee,Medium,Caramalized,Somewhat strong,Half caff,6.0,5.0,3.0,5.0,1.0,Coffee C,$40-$60,Female,Bachelor's degree,Employed part-time
dYQ0DA,35-44 years old,1,At home,Coffee brewing machine (e.g. Mr. Coffee),,Blended drink (e.g. Frappuccino),French,Fruity,Medium,Half caff,6.0,2.0,4.0,3.0,1.0,Coffee B,<$20,Female,Bachelor's degree,Employed part-time
1rG4xb,>65 years old,2,At home,Other,,Regular drip coffee,Medium,Chocolatey,Somewhat strong,Full caffeine,4.0,,,,,,,,,
5dE9EP,>65 years old,4,At home,"Bean-to-cup machine, Coffee extract (e.g. Cometeer), Espresso, Other, Coffee brewing machine (e.g. Mr. Coffee)",,Mocha,Medium,Chocolatey,Very strong,Half caff,5.0,5.0,2.0,4.0,2.0,Coffee A,$20-$40,Male,Bachelor's degree,Retired
9d2ZjQ,45-54 years old,,,,,,,,,,,,,,,,,,,
24OALV,35-44 years old,2,At home,Espresso,,Espresso,Medium,Nutty,Somewhat strong,Full caffeine,8.0,,,,,,,,,
pL4o2J,,,,,,Other,Light,Fruity,Medium,Full caffeine,,,,,,,,,,
8djLyl,45-54 years old,4,At home,"Espresso, Pour over",,Cappuccino,Dark,Chocolatey,Very strong,Decaf,6.0,3.0,5.0,4.0,1.0,Coffee B,$40-$60,Female,Doctorate or professional degree,Employed full-time
0Eo859,25-34 years old,2,"At home, At the office",Pour over,,Pourover,Light,Fruity,Medium,Full caffeine,7.0,4.0,2.0,2.0,5.0,Coffee D,$60-$80,Male,High school graduate,Employed full-time
9d2Zp1,35-44 years old,1,"At home, At a cafe",Pour over,,Pourover,Light,Bright,Medium,Full caffeine,8.0,4.0,3.0,3.0,4.0,Coffee D,$20-$40,Male,Bachelor's degree,Employed full-time
oAlRqe,25-34 years old,2,"At the office, At home",Espresso,,Latte,Medium,Full Bodied,Somewhat strong,Full caffeine,6.0,2.0,3.0,4.0,1.0,Coffee C,$20-$40,Male,,
6drK0J,25-34 years old,1,"At a cafe, At home, On the go",Espresso,"Specialty coffee shop, Local cafe, National chain (e.g. Starbucks, Dunkin)",Latte,Medium,Full Bodied,Medium,Full caffeine,5.0,3.0,2.0,4.0,3.0,Coffee C,$60-$80,Male,Bachelor's degree,Employed full-time
lNVO4V,25-34 years old,2,"At a cafe, At home","Pour over, Espresso",,Mocha,Dark,Chocolatey,Somewhat strong,Full caffeine,7.0,2.0,4.0,4.0,1.0,Coffee B,$20-$40,Male,Bachelor's degree,Employed part-time
AlWp9o,55-64 years old,4,At home,Coffee brewing machine (e.g. Mr. Coffee),,Regular drip coffee,Medium,Bright,Somewhat light,Full caffeine,5.0,3.0,3.0,4.0,2.0,Coffee C,$20-$40,Male,Bachelor's degree,Employed full-time
EP8lO4,25-34 years old,1,At home,Pour over,,Regular drip coffee,Light,Floral,Medium,Full caffeine,6.0,3.0,5.0,4.0,3.0,Coffee B,$40-$60,Male,Bachelor's degree,Employed full-time
g5Wqll,25-34 years old,2,"At home, At the office, On the go, At a cafe","Espresso, Coffee extract (e.g. Cometeer)","Specialty coffee shop, Local cafe",Americano,Medium,Chocolatey,Medium,Full caffeine,7.0,3.0,3.0,4.0,3.0,Coffee C,$20-$40,Male,Doctorate or professional degree,Employed full-time
8djL45,25-34 years old,1,"At home, On the go, At the office","French press, Other","National chain (e.g. Starbucks, Dunkin)",Cappuccino,Medium,Chocolatey,Somewhat strong,Full caffeine,4.0,1.0,2.0,4.0,2.0,Coffee D,$20-$40,Male,Bachelor's degree,Employed full-time
VZoPrv,25-34 years old,2,"At home, At the office","Pour over, Espresso",,Americano,Medium,Caramalized,Somewhat strong,Full caffeine,8.0,2.0,2.0,3.0,4.0,Coffee D,,Male,Bachelor's degree,Employed full-time
rl2oD5,18-24 years old,1,"At home, On the go, At the office","French press, Espresso, Coffee brewing machine (e.g. Mr. Coffee), Pod/capsule machine (e.g. Keurig/Nespresso), Cold brew","Drive-thru, Local cafe, National chain (e.g. Starbucks, Dunkin)",Latte,Medium,Chocolatey,Somewhat strong,Full caffeine,7.0,1.0,3.0,4.0,3.0,Coffee C,$40-$60,Female,Some college or associate's degree,Employed full-time
XeO40z,25-34 years old,4,"At the office, At home","Espresso, Cold brew",,Cortado,Dark,Chocolatey,Somewhat strong,Half caff,7.0,2.0,5.0,2.0,4.0,Coffee B,>$100,Female,Doctorate or professional degree,Employed full-time
oAl26X,25-34 years old,Less than 1,"At a cafe, At home, On the go",Espresso,"National chain (e.g. Starbucks, Dunkin), Local cafe",Latte,Medium,Nutty,Medium,Full caffeine,7.0,1.0,2.0,4.0,3.0,Coffee C,$60-$80,Female,Master's degree,Employed full-time
DV07Bp,<18 years old,Less than 1,At home,Pour over,,Pourover,Light,Chocolatey,Medium,Half caff,3.0,3.0,2.0,1.0,4.0,Coffee D,,,,
NA87DN,25-34 years old,2,At home,French press,,Americano,Dark,Chocolatey,Somewhat strong,Full caffeine,4.0,3.0,4.0,2.0,5.0,Coffee D,$80-$100,Female,Some college or associate's degree,Employed part-time
MA8Ezl,35-44 years old,1,"At home, At a cafe","Espresso, Pour over, Other",,Pourover,Light,Bright,Medium,Full caffeine,7.0,5.0,4.0,3.0,1.0,Coffee A,$40-$60,Male,Master's degree,Employed part-time
5dE9DN,55-64 years old,1,At home,Pod/capsule machine (e.g. Keurig/Nespresso),,Regular drip coffee,Dark,Full Bodied,Somewhat strong,Full caffeine,5.0,1.0,1.0,5.0,1.0,Coffee C,$20-$40,Female,,Retired
jBGlx4,35-44 years old,2,At home,"Pour over, Cold brew, Pod/capsule machine (e.g. Keurig/Nespresso)",,Cortado,Medium,Caramalized,Somewhat strong,Full caffeine,6.0,5.0,3.0,3.0,4.0,Coffee A,$20-$40,Male,Bachelor's degree,Employed full-time
blNWNg,25-34 years old,3,At home,"Pour over, Cold brew",,Pourover,Light,Bright,Medium,Full caffeine,5.0,,,,,Coffee C,,,,
GrYRLk,>65 years old,2,At home,Coffee brewing machine (e.g. Mr. Coffee),,Regular drip coffee,Light,Chocolatey,Somewhat light,Full caffeine,1.0,5.0,3.0,2.0,5.0,Coffee D,$40-$60,Female,Master's degree,Retired
GrYR0k,25-34 years old,1,"At a cafe, At home","Pour over, Espresso",,Cortado,Medium,Fruity,Medium,Full caffeine,5.0,4.0,4.0,2.0,4.0,Coffee D,$40-$60,Female,Bachelor's degree,Employed full-time
MA8EAk,25-34 years old,2,"At home, On the go, At the office","Pour over, Espresso, Coffee extract (e.g. Cometeer)","National chain (e.g. Starbucks, Dunkin), Drive-thru",Pourover,Blonde,Chocolatey,Medium,Full caffeine,7.0,2.0,3.0,4.0,3.0,Coffee C,,,,
OA8787,35-44 years old,2,"At home, At a cafe, On the go",Other,"Local cafe, Specialty coffee shop",Regular drip coffee,Light,Full Bodied,Somewhat strong,Full caffeine,4.0,4.0,2.0,1.0,3.0,Coffee A,$40-$60,Female,Doctorate or professional degree,Employed full-time
24OKL9,25-34 years old,2,"At home, On the go, At the office","Pour over, Cold brew, Instant coffee","Local cafe, Specialty coffee shop",Latte,Light,Nutty,Medium,Full caffeine,8.0,4.0,4.0,3.0,3.0,Coffee A,$20-$40,Prefer not to say,Bachelor's degree,Employed full-time
pL4D9E,25-34 years old,2,"At home, On the go","Pour over, Cold brew, Instant coffee","Local cafe, Specialty coffee shop",Pourover,,,,,,,,,,,,,,
VZozlM,25-34 years old,1,"On the go, At home",Espresso,Other,Latte,Dark,Chocolatey,Medium,Full caffeine,4.0,1.0,4.0,3.0,1.0,Coffee B,<$20,Female,Bachelor's degree,Employed full-time
vNqPqv,35-44 years old,1,At home,"Pour over, Other",,Pourover,Medium,Full Bodied,Somewhat strong,Full caffeine,6.0,3.0,4.0,3.0,2.0,Coffee B,$20-$40,Male,Bachelor's degree,Employed full-time
kYONrJ,25-34 years old,2,"At home, On the go","Pour over, Espresso, Cold brew","Specialty coffee shop, Local cafe, Other",Other,Light,Floral,Somewhat strong,Full caffeine,7.0,5.0,3.0,4.0,2.0,Coffee C,$40-$60,Male,Bachelor's degree,Employed full-time
aBZ2lE,35-44 years old,2,At home,"Pour over, Espresso, French press",,Cortado,Medium,Full Bodied,Somewhat strong,Full caffeine,6.0,3.0,2.0,4.0,5.0,Coffee D,$60-$80,Male,Master's degree,Employed full-time
BG8xbQ,25-34 years old,Less than 1,At home,Espresso,,Other,Dark,Chocolatey,Somewhat strong,Full caffeine,8.0,5.0,2.0,4.0,1.0,Coffee A,$20-$40,Male,Some college or associate's degree,Employed part-time
AlWB5N,35-44 years old,4,At home,"Pour over, Espresso",,Pourover,Light,Sweet,Medium,Full caffeine,7.0,5.0,3.0,2.0,4.0,Coffee A,$40-$60,Male,Master's degree,Employed full-time
DV076l,35-44 years old,2,"At home, At the office",Pour over,,Pourover,Medium,Full Bodied,Somewhat strong,Full caffeine,4.0,1.0,3.0,5.0,1.0,Coffee C,,,,
Rz8D9K,55-64 years old,2,At home,"Pour over, French press, Coffee brewing machine (e.g. Mr. Coffee)",,Pourover,Medium,Full Bodied,Somewhat strong,Full caffeine,7.0,3.0,2.0,4.0,1.0,Coffee D,$20-$40,Male,Bachelor's degree,Employed full-time
jBGl1a,35-44 years old,2,"At home, On the go",Pour over,"National chain (e.g. Starbucks, Dunkin), Drive-thru",Pourover,Light,Bright,Somewhat strong,Full caffeine,7.0,4.0,2.0,2.0,5.0,Coffee D,$40-$60,Male,Master's degree,Employed full-time
AlWB1D,25-34 years old,2,At home,"Pour over, Espresso, Coffee brewing machine (e.g. Mr. Coffee)",,Cortado,Light,Fruity,Somewhat strong,Full caffeine,8.0,4.0,2.0,1.0,5.0,Coffee D,$60-$80,Male,Master's degree,Employed full-time
24OK29,18-24 years old,2,"At home, At the office","Bean-to-cup machine, Other",,Americano,Dark,Full Bodied,Somewhat strong,Full caffeine,7.0,4.0,3.0,4.0,4.0,Coffee A,$20-$40,Male,Bachelor's degree,Employed full-time
24OPPA,25-34 years old,1,"At home, At a cafe",Pour over,,Pourover,Nordic,Juicy,Medium,Full caffeine,4.0,4.0,2.0,3.0,4.0,Coffee A,,,,
g5WGdN,25-34 years old,Less than 1,"At the office, At home",Espresso,,Cold brew,Dark,Chocolatey,Somewhat strong,Full caffeine,2.0,2.0,4.0,5.0,3.0,Coffee C,<$20,Male,Bachelor's degree,Employed full-time
7d4xXA,45-54 years old,2,"At home, At a cafe",Pour over,,Pourover,Nordic,Fruity,Somewhat strong,Full caffeine,5.0,5.0,3.0,2.0,5.0,Coffee A,$20-$40,Male,Bachelor's degree,Employed full-time
ZdPaNA,25-34 years old,Less than 1,"At home, At a cafe","Pour over, Other",,Cappuccino,Medium,Nutty,Medium,Full caffeine,5.0,5.0,5.0,2.0,4.0,Coffee A,$20-$40,Prefer not to say,Some college or associate's degree,Employed full-time
ZdPadA,25-34 years old,3,At home,"Cold brew, Coffee brewing machine (e.g. Mr. Coffee), Espresso, Instant coffee, Bean-to-cup machine",,Mocha,Dark,Chocolatey,Somewhat strong,Full caffeine,6.0,3.0,5.0,5.0,3.0,Coffee C,<$20,Female,Bachelor's degree,Employed full-time
eB9R6J,25-34 years old,2,At home,Pour over,,Pourover,Light,Fruity,Medium,Full caffeine,7.0,4.0,2.0,2.0,4.0,Coffee D,$60-$80,Male,,
VZoJ4g,25-34 years old,2,At home,Espresso,,Americano,Medium,Caramalized,Somewhat strong,Full caffeine,8.0,3.0,3.0,4.0,2.0,Coffee C,$80-$100,Male,Master's degree,Employed full-time
ZdPaGe,18-24 years old,1,At home,Other,,Espresso,Light,Fruity,Somewhat strong,Full caffeine,7.0,4.0,3.0,3.0,5.0,Coffee D,<$20,Male,,
zKWYR1,25-34 years old,3,"At home, At a cafe",Pour over,,Pourover,Light,Fruity,Somewhat strong,Full caffeine,6.0,3.0,3.0,1.0,5.0,Coffee D,$40-$60,Male,Bachelor's degree,Employed full-time
1rGV6p,35-44 years old,1,"At home, At the office","Espresso, Coffee extract (e.g. Cometeer), Instant coffee, Other",,Espresso,Medium,Full Bodied,Somewhat strong,Full caffeine,8.0,2.0,3.0,2.0,5.0,Coffee D,$20-$40,Male,Master's degree,Employed full-time
BG87r1,25-34 years old,1,At home,Coffee brewing machine (e.g. Mr. Coffee),,Latte,Medium,Caramalized,Medium,Full caffeine,1.0,4.0,2.0,2.0,2.0,Coffee A,<$20,Female,Doctorate or professional degree,Employed full-time
PA8OJ0,18-24 years old,2,"At home, At a cafe","Espresso, Pour over, French press",,Cortado,Dark,Full Bodied,Somewhat strong,Full caffeine,6.0,2.0,5.0,3.0,1.0,Coffee D,$20-$40,Male,Bachelor's degree,Employed part-time
QA8V6X,45-54 years old,More than 4,At home,"Pour over, Espresso",,Pourover,Light,Fruity,Medium,Full caffeine,8.0,5.0,3.0,2.0,4.0,Coffee A,$60-$80,Male,Some college or associate's degree,Employed full-time
WAlzbQ,25-34 years old,2,"At the office, At home, At a cafe","Pour over, Espresso",,Iced coffee,Light,Fruity,Very strong,Full caffeine,8.0,4.0,3.0,1.0,5.0,Coffee D,$40-$60,Male,Bachelor's degree,
vNqyev,25-34 years old,1,"At the office, On the go",,"National chain (e.g. Starbucks, Dunkin)",Latte,Medium,Caramalized,,Full caffeine,2.0,3.0,5.0,4.0,2.0,Coffee B,$40-$60,Female,Doctorate or professional degree,Employed full-time
aBZY5v,25-34 years old,2,At home,"French press, Espresso, Other, Pour over",,Other,Medium,Caramalized,Somewhat strong,Full caffeine,5.0,4.0,2.0,3.0,3.0,Coffee C,$40-$60,Male,Bachelor's degree,Unemployed
8djQeY,35-44 years old,2,At home,Pour over,,Regular drip coffee,Medium,Fruity,Medium,Full caffeine,6.0,4.0,3.0,4.0,3.0,Coffee A,$40-$60,Male,Some college or associate's degree,Employed full-time
9d2D11,25-34 years old,1,At the office,,,Pourover,Light,Juicy,Somewhat strong,Full caffeine,6.0,3.0,3.0,4.0,5.0,Coffee D,<$20,Male,Bachelor's degree,Employed full-time
PA8595,25-34 years old,2,"At home, At the office","Espresso, Other",,Espresso,Light,Fruity,Medium,Full caffeine,7.0,3.0,3.0,4.0,4.0,Coffee D,$20-$40,Male,Bachelor's degree,Employed full-time
XeOWRe,25-34 years old,2,"At the office, At home","Pour over, Cold brew",,Iced coffee,Light,Sweet,Somewhat strong,Full caffeine,7.0,4.0,2.0,3.0,5.0,Coffee D,$60-$80,Male,Bachelor's degree,Employed full-time
qbjAN9,35-44 years old,1,,,,,,,,,,,,,,,,,,
42PxP5,25-34 years old,2,"At the office, At home, On the go, At a cafe","Espresso, French press, Pod/capsule machine (e.g. Keurig/Nespresso)","National chain (e.g. Starbucks, Dunkin), Specialty coffee shop, Local cafe",Cortado,Medium,Chocolatey,Somewhat strong,Full caffeine,7.0,5.0,2.0,3.0,4.0,Coffee A,$40-$60,Male,Master's degree,Employed full-time
oAlMgx,25-34 years old,1,"At home, At a cafe","Espresso, Pour over",,Pourover,Light,Fruity,Very strong,Full caffeine,8.0,5.0,1.0,2.0,5.0,Coffee D,$20-$40,Male,Bachelor's degree,Employed full-time
lNVdxp,25-34 years old,Less than 1,"At home, At a cafe",Pour over,,Cappuccino,Medium,Chocolatey,Somewhat strong,Full caffeine,,,,,,,,,,
6dr2Be,18-24 years old,Less than 1,"At a cafe, At home",Pour over,,Latte,Light,Fruity,Somewhat light,Decaf,4.0,4.0,5.0,3.0,1.0,Coffee B,$20-$40,Male,Bachelor's degree,Employed full-time
42PxMB,25-34 years old,2,"At home, At the office","Pour over, Espresso",,Pourover,Medium,Chocolatey,Very strong,Full caffeine,7.0,3.0,4.0,5.0,3.0,Coffee C,$20-$40,,,
0Eo6NQ,35-44 years old,1,,Other,,,,,,,,,,,,,,,,
zKWDg0,25-34 years old,1,At home,Other,,Regular drip coffee,Light,Sweet,Somewhat strong,Full caffeine,8.0,4.0,3.0,3.0,5.0,Coffee D,$20-$40,Male,Bachelor's degree,Employed full-time
6dr2lO,45-54 years old,Less than 1,"At home, At a cafe",Pour over,,Cappuccino,Medium,Sweet,Medium,Half caff,1.0,3.0,4.0,3.0,1.0,Coffee B,<$20,Female,Bachelor's degree,Employed full-time
EP8WgN,25-34 years old,2,"At the office, At home, At a cafe","Espresso, Pour over",,Cappuccino,Medium,Chocolatey,Somewhat strong,Full caffeine,6.0,4.0,3.0,5.0,2.0,Coffee C,$20-$40,Male,Some college or associate's degree,Employed full-time
Ld5WAz,25-34 years old,Less than 1,At a cafe,,,Mocha,Medium,Sweet,Medium,Decaf,1.0,3.0,4.0,2.0,2.0,Coffee B,<$20,Female,Bachelor's degree,Employed full-time
MA8bXl,18-24 years old,Less than 1,"At home, At a cafe","Pour over, Cold brew",,Pourover,Light,Fruity,Somewhat strong,Full caffeine,6.0,,,,,,,,,
jBGQK9,25-34 years old,1,At home,"Espresso, Pour over",,Cappuccino,Light,Juicy,Somewhat strong,Full caffeine,6.0,3.0,3.0,2.0,5.0,Coffee D,$20-$40,Female,Doctorate or professional degree,Employed full-time
7d4Ng6,35-44 years old,Less than 1,At a cafe,,,Cappuccino,Light,Juicy,Somewhat strong,Full caffeine,2.0,4.0,2.0,3.0,5.0,Coffee D,<$20,Male,Master's degree,Employed full-time
NA86q0,25-34 years old,1,At home,Pour over,,Mocha,Light,Full Bodied,Medium,Full caffeine,6.0,3.0,5.0,4.0,2.0,Coffee B,$40-$60,Male,Some college or associate's degree,Employed full-time
Rz80oj,>65 years old,More than 4,"At home, At the office","Pour over, Espresso",,Latte,Dark,Sweet,Medium,Full caffeine,7.0,,,,,,,,,
GrYz6e,45-54 years old,1,"At home, At the office","Pour over, Coffee brewing machine (e.g. Mr. Coffee)",,Pourover,Light,Sweet,Somewhat light,Half caff,1.0,2.0,4.0,2.0,1.0,Coffee B,,Female,Master's degree,Employed part-time
rl2AgR,25-34 years old,1,"At the office, At a cafe, On the go",,Local cafe,Other,Medium,Nutty,Medium,Half caff,6.0,5.0,3.0,3.0,4.0,Coffee A,$20-$40,Male,Master's degree,Employed full-time
NA86AB,25-34 years old,3,"At the office, At a cafe, On the go",,"Drive-thru, National chain (e.g. Starbucks, Dunkin), Specialty coffee shop",Mocha,Dark,Nutty,,Half caff,7.0,4.0,2.0,1.0,3.0,Coffee A,$40-$60,Female,Bachelor's degree,Employed part-time
24Oeej,25-34 years old,2,"At home, At the office",Pour over,,Pourover,Light,Fruity,Medium,Full caffeine,6.0,4.0,2.0,2.0,4.0,Coffee A,$20-$40,Male,Doctorate or professional degree,Employed full-time
DV0Nvb,25-34 years old,2,"At home, At a cafe","Espresso, Pour over",,Latte,Medium,Fruity,Somewhat strong,Full caffeine,7.0,4.0,2.0,3.0,5.0,Coffee D,,,,
zKWD61,25-34 years old,3,At home,Coffee brewing machine (e.g. Mr. Coffee),,Regular drip coffee,Medium,Chocolatey,Somewhat strong,Full caffeine,6.0,4.0,4.0,5.0,1.0,Coffee C,$20-$40,Female,Bachelor's degree,Employed full-time
Ld5b5O,35-44 years old,2,"At home, At the office, At a cafe","Pour over, French press",,Pourover,Light,Floral,Somewhat strong,Full caffeine,6.0,4.0,2.0,3.0,5.0,Coffee D,$60-$80,Male,Master's degree,Employed full-time
24OerL,25-34 years old,1,"At the office, At home","Bean-to-cup machine, Pod/capsule machine (e.g. Keurig/Nespresso)",,Cappuccino,Medium,Bright,Somewhat strong,Full caffeine,4.0,3.0,5.0,3.0,2.0,Coffee B,$40-$60,Female,Bachelor's degree,Employed full-time
QA8DA8,55-64 years old,3,"At home, At the office",Pour over,,Regular drip coffee,Light,Bright,Somewhat strong,Full caffeine,8.0,4.0,3.0,1.0,5.0,Coffee D,$60-$80,Male,Master's degree,Employed full-time
Rz80VP,35-44 years old,1,At home,Pour over,,Regular drip coffee,Medium,Chocolatey,Somewhat strong,Full caffeine,7.0,4.0,5.0,5.0,3.0,Coffee C,$20-$40,Male,Doctorate or professional degree,Employed full-time
AlWd4N,18-24 years old,1,At home,"Pour over, Espresso",,Americano,Light,Sweet,Somewhat strong,Full caffeine,7.0,5.0,3.0,3.0,4.0,Coffee A,$20-$40,Male,Some college or associate's degree,Student
8djKEr,35-44 years old,2,"At the office, At home","Pour over, Coffee extract (e.g. Cometeer), Other, Espresso",,Americano,Light,Fruity,Very strong,Full caffeine,8.0,4.0,2.0,1.0,5.0,Coffee D,$60-$80,Male,Bachelor's degree,Employed full-time
24OeoM,35-44 years old,Less than 1,"At the office, At home",Instant coffee,,Blended drink (e.g. Frappuccino),Light,Sweet,Medium,Full caffeine,1.0,4.0,4.0,3.0,3.0,Coffee A,<$20,Male,Master's degree,Homemaker
yle6oW,25-34 years old,1,"On the go, At a cafe",,"National chain (e.g. Starbucks, Dunkin), Drive-thru",Iced coffee,Medium,Chocolatey,Somewhat strong,Full caffeine,7.0,5.0,4.0,2.0,3.0,Coffee A,$60-$80,Female,Bachelor's degree,Employed full-time
NA8oKO,45-54 years old,2,"At home, At a cafe","Pour over, French press",,Espresso,Light,Bright,Somewhat strong,Full caffeine,6.0,3.0,1.0,4.0,3.0,Coffee D,$80-$100,Male,Some college or associate's degree,Employed full-time
5dEzOQ,35-44 years old,3,At home,"Pour over, Espresso, French press, Other",,Espresso,Medium,Juicy,Very strong,Full caffeine,10.0,4.0,2.0,4.0,5.0,Coffee D,$80-$100,Male,Some college or associate's degree,Employed full-time
0Eox59,25-34 years old,2,"At home, At the office","Bean-to-cup machine, Pod/capsule machine (e.g. Keurig/Nespresso)",,Latte,Medium,Full Bodied,Somewhat strong,Full caffeine,7.0,3.0,4.0,4.0,2.0,Coffee B,$60-$80,Male,Bachelor's degree,Employed full-time
Rz80kv,25-34 years old,2,"At home, At a cafe",Pour over,,Pourover,Light,Bright,Medium,Full caffeine,7.0,4.0,5.0,3.0,3.0,Coffee B,$40-$60,Male,Bachelor's degree,Unemployed
7d4WYR,35-44 years old,1,"At home, On the go",French press,"Drive-thru, Local cafe",Latte,Dark,Chocolatey,Very strong,Full caffeine,8.0,1.0,2.0,5.0,1.0,Coffee C,$40-$60,Female,Some college or associate's degree,Homemaker
oAlyxN,>65 years old,2,"At home, At a cafe","Pour over, Espresso",,Cappuccino,Light,Chocolatey,Somewhat strong,Full caffeine,8.0,3.0,3.0,4.0,1.0,Coffee C,$40-$60,Male,Bachelor's degree,Retired
OA8zZg,35-44 years old,3,"At home, On the go, At the office","French press, Espresso","Specialty coffee shop, National chain (e.g. Starbucks, Dunkin), Drive-thru",Latte,Medium,Nutty,Medium,Full caffeine,8.0,3.0,4.0,5.0,2.0,Coffee C,$60-$80,Female,,Employed full-time
1rGlOb,35-44 years old,2,At home,Espresso,,Latte,Medium,Chocolatey,Medium,Full caffeine,6.0,3.0,4.0,1.0,1.0,Coffee C,$20-$40,Male,Bachelor's degree,Employed full-time
OA8zpp,35-44 years old,,At home,"Pour over, Espresso",,Latte,Medium,Chocolatey,Medium,,6.0,3.0,4.0,2.0,2.0,Coffee B,,,,
GrYz2j,35-44 years old,2,"At home, At a cafe","Pour over, Espresso",,Espresso,Light,Bright,Very strong,Full caffeine,7.0,5.0,4.0,3.0,5.0,Coffee D,$60-$80,Male,Master's degree,Employed full-time
PA8Add,25-34 years old,2,"At home, At a cafe",Pour over,,Cortado,Light,Fruity,Medium,Full caffeine,5.0,4.0,3.0,3.0,5.0,Coffee D,$40-$60,Male,Bachelor's degree,Employed full-time
dYQ6Jo,18-24 years old,1,"At home, At a cafe","Pour over, Espresso",,Espresso,Light,Fruity,Somewhat light,Half caff,6.0,5.0,3.0,4.0,4.0,Coffee A,$20-$40,Male,Some college or associate's degree,Student
aBZBNE,25-34 years old,2,At the office,,,Latte,Medium,Chocolatey,Medium,Full caffeine,1.0,1.0,5.0,2.0,1.0,Coffee B,$60-$80,Male,Bachelor's degree,Employed full-time
jBGB6Y,25-34 years old,1,"At the office, At home","Pour over, Espresso, Pod/capsule machine (e.g. Keurig/Nespresso), Coffee extract (e.g. Cometeer), Cold brew",,Pourover,Light,Floral,Somewhat strong,Full caffeine,7.0,4.0,3.0,3.0,4.0,Coffee A,$40-$60,Male,Bachelor's degree,Employed full-time
ylelXW,35-44 years old,2,On the go,,"National chain (e.g. Starbucks, Dunkin)",Pourover,Medium,Full Bodied,Medium,Full caffeine,4.0,2.0,4.0,3.0,1.0,Coffee B,$40-$60,Male,Bachelor's degree,Employed full-time
AlWdeD,35-44 years old,Less than 1,At the office,,,Blended drink (e.g. Frappuccino),Light,Sweet,Medium,Full caffeine,1.0,3.0,4.0,5.0,3.0,Coffee C,<$20,Female,Bachelor's degree,Employed full-time
VZoZYg,25-34 years old,2,"At the office, At home","Espresso, Pour over",,Pourover,Light,Fruity,Somewhat strong,Full caffeine,6.0,4.0,3.0,4.0,5.0,Coffee A,,,,
ylelvg,35-44 years old,3,"At a cafe, At home, On the go, At the office","French press, Cold brew, Coffee brewing machine (e.g. Mr. Coffee)",Specialty coffee shop,Regular drip coffee,Light,Caramalized,Somewhat strong,Full caffeine,6.0,4.0,2.0,2.0,5.0,Coffee B,$80-$100,Male,Master's degree,Employed full-time
VZoZvv,25-34 years old,Less than 1,At a cafe,,,Cappuccino,Medium,Fruity,Somewhat strong,Half caff,3.0,4.0,1.0,3.0,5.0,Coffee D,<$20,Male,Bachelor's degree,Employed full-time
qbjbj7,18-24 years old,1,At home,Other,,Latte,Dark,Caramalized,Very strong,Decaf,8.0,1.0,5.0,4.0,2.0,Coffee B,<$20,Male,Bachelor's degree,Employed full-time
Rz8zrp,35-44 years old,Less than 1,At a cafe,,,Latte,Light,Sweet,Somewhat light,Decaf,2.0,3.0,3.0,4.0,5.0,Coffee D,<$20,Female,Master's degree,Employed full-time
oAlALb,35-44 years old,2,At home,Espresso,,Latte,Medium,Sweet,Somewhat strong,Full caffeine,6.0,3.0,5.0,4.0,1.0,Coffee B,$20-$40,Male,Bachelor's degree,Student
ylelyX,18-24 years old,1,"On the go, At home, At a cafe",Espresso,Local cafe,Latte,Medium,Sweet,Medium,Full caffeine,4.0,4.0,3.0,4.0,5.0,Coffee D,$60-$80,Male,Some college or associate's degree,Employed full-time
42P20r,25-34 years old,3,"At the office, At home","Espresso, Pour over, Coffee brewing machine (e.g. Mr. Coffee)",,Cortado,Medium,Fruity,Somewhat strong,Full caffeine,8.0,4.0,2.0,5.0,3.0,Coffee C,$40-$60,Male,Doctorate or professional degree,Student
1rGVNl,25-34 years old,2,"At home, At a cafe",Pour over,,Pourover,Nordic,Sweet,Somewhat strong,Full caffeine,5.0,1.0,2.0,2.0,5.0,Coffee D,$20-$40,Female,Master's degree,Employed full-time
ylelbd,45-54 years old,1,At home,Pod/capsule machine (e.g. Keurig/Nespresso),,Regular drip coffee,Light,Nutty,Weak,Full caffeine,3.0,2.0,5.0,3.0,1.0,Coffee B,$20-$40,Female,Bachelor's degree,Employed full-time
YZVORq,35-44 years old,4,"At home, At a cafe","Espresso, Bean-to-cup machine, Cold brew, Pour over",,Espresso,Light,Fruity,Somewhat strong,Full caffeine,9.0,5.0,1.0,2.0,5.0,Coffee A,$40-$60,Male,Bachelor's degree,Employed full-time
24OkKb,25-34 years old,2,"On the go, At home, At a cafe","Pour over, French press, Espresso, Cold brew","Local cafe, Specialty coffee shop",Espresso,Dark,Full Bodied,Somewhat strong,Half caff,6.0,4.0,2.0,3.0,5.0,Coffee B,>$100,Male,Bachelor's degree,Employed full-time
ZdPV6A,55-64 years old,4,At home,Coffee brewing machine (e.g. Mr. Coffee),,Mocha,Medium,Full Bodied,Medium,Full caffeine,6.0,3.0,2.0,5.0,1.0,Coffee C,,Male,Some college or associate's degree,Employed full-time
jBGM04,18-24 years old,2,At home,"Pour over, Espresso, Pod/capsule machine (e.g. Keurig/Nespresso)",,Pourover,Medium,Juicy,Medium,Half caff,7.0,,,,,Coffee D,,,,
0EoMMA,>65 years old,2,At home,Pour over,,Pourover,Medium,Chocolatey,Medium,Full caffeine,5.0,2.0,3.0,2.0,1.0,Coffee B,,Female,Doctorate or professional degree,
dYQAjr,25-34 years old,3,At home,"Pour over, Espresso",,Cortado,Light,Sweet,Somewhat strong,Full caffeine,8.0,3.0,2.0,4.0,5.0,Coffee D,$40-$60,Male,Master's degree,Employed full-time
YZVOYN,25-34 years old,1,At home,Pour over,,Pourover,Medium,Fruity,Medium,Full caffeine,6.0,3.0,1.0,2.0,4.0,Coffee D,$80-$100,Male,Doctorate or professional degree,Employed full-time
rl2Kql,55-64 years old,Less than 1,At home,Pour over,,Regular drip coffee,Medium,Full Bodied,Medium,Full caffeine,4.0,2.0,4.0,1.0,1.0,Coffee A,,Female,,
DV010Z,35-44 years old,1,"At home, At a cafe","Espresso, Coffee extract (e.g. Cometeer), Other",,Cappuccino,Medium,Chocolatey,Somewhat strong,Full caffeine,6.0,4.0,5.0,2.0,2.0,Coffee B,$60-$80,Male,Master's degree,Employed full-time
KM8oBX,55-64 years old,4,"At the office, At home","Espresso, French press",,Americano,Medium,Fruity,Somewhat strong,Full caffeine,5.0,1.0,2.0,4.0,3.0,Coffee C,$80-$100,Male,,
g5WA1N,18-24 years old,4,"At the office, At home","Pour over, Coffee brewing machine (e.g. Mr. Coffee)",,Pourover,Light,Juicy,Medium,Full caffeine,7.0,3.0,4.0,2.0,5.0,Coffee D,$20-$40,Male,Bachelor's degree,Employed full-time
8djkWx,25-34 years old,1,"At the office, At a cafe, On the go, At home",Espresso,"Local cafe, Specialty coffee shop",Americano,Medium,Chocolatey,Somewhat strong,Full caffeine,7.0,3.0,1.0,4.0,2.0,Coffee C,$40-$60,Male,Bachelor's degree,Employed full-time
GrY142,25-34 years old,Less than 1,At home,Pour over,,Other,Light,Chocolatey,Medium,Full caffeine,6.0,4.0,5.0,4.0,3.0,Coffee B,$20-$40,Female,Master's degree,Employed full-time
Ld5GRl,25-34 years old,2,"At home, On the go","Espresso, Pod/capsule machine (e.g. Keurig/Nespresso)",Local cafe,Latte,Italian,Full Bodied,Somewhat strong,Full caffeine,7.0,4.0,3.0,2.0,3.0,Coffee B,$80-$100,Female,Some college or associate's degree,Homemaker
PA8Exx,45-54 years old,3,"At home, At the office","Espresso, Pour over, Other",,Espresso,Medium,Fruity,Very strong,Full caffeine,8.0,4.0,2.0,3.0,5.0,Coffee D,$40-$60,Male,Bachelor's degree,Employed full-time
7d4ZRR,18-24 years old,2,"At home, At a cafe",Other,,Pourover,Light,Fruity,Medium,Full caffeine,6.0,4.0,4.0,3.0,5.0,Coffee D,$20-$40,Male,Bachelor's degree,Unemployed
xd9ZYo,35-44 years old,Less than 1,"At home, At a cafe",Espresso,,Latte,Italian,Fruity,Medium,Full caffeine,6.0,,,,,,,,,
GrY1GO,45-54 years old,,At home,"Pour over, Espresso, Other",,Other,Light,Floral,Somewhat strong,Full caffeine,7.0,,3.0,2.0,5.0,Coffee D,,,,
0EoPBN,25-34 years old,2,"At home, At the office","French press, Espresso, Cold brew",,Cappuccino,Light,Bright,Somewhat strong,Decaf,6.0,3.0,4.0,3.0,5.0,Coffee D,$20-$40,Female,Master's degree,Employed full-time
eB9EEo,25-34 years old,1,On the go,,Specialty coffee shop,Espresso,Light,Fruity,Somewhat light,Full caffeine,8.0,3.0,2.0,4.0,3.0,Coffee C,$40-$60,Male,Bachelor's degree,Employed full-time
24OrLb,25-34 years old,Less than 1,At home,Pour over,,Blended drink (e.g. Frappuccino),Dark,Sweet,Weak,Decaf,1.0,2.0,3.0,4.0,1.0,Coffee C,<$20,Female,Some college or associate's degree,Homemaker
YZVdVv,25-34 years old,Less than 1,At a cafe,,,Mocha,Medium,Chocolatey,Somewhat light,Full caffeine,2.0,3.0,2.0,2.0,5.0,Coffee D,<$20,Female,Master's degree,Employed full-time
PA80Pe,25-34 years old,3,"At the office, At home, On the go","Pour over, Other","Specialty coffee shop, Local cafe",Pourover,Light,Fruity,Somewhat strong,Full caffeine,7.0,3.0,3.0,3.0,3.0,,,,,
J280BR,25-34 years old,2,"At home, At the office, On the go, At a cafe","Pour over, French press, Espresso, Cold brew","Local cafe, Specialty coffee shop",Americano,Light,Juicy,Somewhat strong,Full caffeine,7.0,3.0,1.0,3.0,4.0,Coffee D,$40-$60,Male,Bachelor's degree,Employed full-time
oAlO1e,18-24 years old,2,At home,"Pour over, French press, Espresso",,Cortado,Light,Fruity,Medium,Full caffeine,7.0,3.0,3.0,2.0,5.0,Coffee D,$40-$60,Male,Master's degree,Employed full-time
zKWe98,18-24 years old,1,At home,Pour over,,Pourover,,Fruity,Somewhat strong,Full caffeine,7.0,,,,,,,,,
xd9Z7o,35-44 years old,3,"At a cafe, At home","Pour over, Espresso, Coffee brewing machine (e.g. Mr. Coffee)",,Espresso,Light,Floral,Medium,Full caffeine,6.0,2.0,3.0,4.0,4.0,Coffee C,>$100,Male,Master's degree,Employed full-time
yleDb4,35-44 years old,1,At home,"Espresso, Pour over, Other",,Espresso,Light,Caramalized,Very strong,Full caffeine,8.0,5.0,2.0,1.0,4.0,Coffee A,$40-$60,Male,Master's degree,Employed full-time
7d4NML,25-34 years old,2,"At a cafe, At home, At the office","French press, Cold brew, Espresso",,Cortado,Light,Fruity,Very strong,Full caffeine,7.0,5.0,4.0,3.0,5.0,Coffee D,$40-$60,Female,Bachelor's degree,Employed full-time
24Or0b,25-34 years old,1,At home,Coffee brewing machine (e.g. Mr. Coffee),,Latte,Medium,Caramalized,Medium,Full caffeine,4.0,2.0,2.0,4.0,4.0,Coffee C,,,,
QA80QA,25-34 years old,1,"At home, At a cafe",Pour over,,Pourover,Light,Fruity,Somewhat strong,Full caffeine,7.0,3.0,2.0,1.0,4.0,Coffee D,$40-$60,Female,Some college or associate's degree,Employed full-time
KM80XK,35-44 years old,1,"At the office, At a cafe, On the go, At home","Pour over, Other","Specialty coffee shop, Local cafe",Pourover,Light,Fruity,Somewhat strong,Full caffeine,7.0,5.0,2.0,3.0,3.0,Coffee A,$40-$60,Male,Bachelor's degree,Employed full-time
8djGNl,25-34 years old,2,At home,"Coffee brewing machine (e.g. Mr. Coffee), Pour over",,Cortado,Light,Bold,Very strong,Half caff,2.0,3.0,2.0,4.0,5.0,Coffee D,$20-$40,Male,Bachelor's degree,Employed full-time
oAlOxx,25-34 years old,More than 4,"At the office, At home, On the go",Pour over,"Local cafe, Specialty coffee shop",Regular drip coffee,Medium,Caramalized,Somewhat strong,Full caffeine,4.0,4.0,3.0,3.0,5.0,Coffee D,$20-$40,Female,Master's degree,Student
oAloDO,25-34 years old,Less than 1,At a cafe,,,Latte,Light,Sweet,Weak,Full caffeine,1.0,3.0,2.0,2.0,2.0,Coffee A,<$20,Female,Some college or associate's degree,Employed full-time
OA80vA,45-54 years old,2,At home,Other,,Regular drip coffee,Medium,Chocolatey,Medium,Full caffeine,5.0,1.0,2.0,3.0,1.0,Coffee C,$20-$40,Male,High school graduate,Employed full-time
Rz8L7Q,25-34 years old,3,"At the office, At home, At a cafe",Pour over,,Cortado,Light,Bright,Medium,Full caffeine,6.0,5.0,4.0,3.0,4.0,Coffee A,$60-$80,Male,Master's degree,Student
0EoLb0,35-44 years old,3,"On the go, At the office, At home","Pour over, French press",Specialty coffee shop,Pourover,Light,Fruity,Medium,Full caffeine,7.0,4.0,4.0,4.0,5.0,Coffee D,$60-$80,Male,Master's degree,Employed full-time
GrYLqQ,45-54 years old,2,At home,Other,,Mocha,Medium,Chocolatey,Medium,Full caffeine,5.0,1.0,2.0,3.0,1.0,Coffee C,$20-$40,Female,High school graduate,Homemaker
KM8Lgg,25-34 years old,2,"On the go, At the office, At a cafe, At home","Pour over, French press, Espresso, Coffee brewing machine (e.g. Mr. Coffee), Cold brew","Specialty coffee shop, Local cafe, Deli or supermarket, Drive-thru, National chain (e.g. Starbucks, Dunkin)",Pourover,Light,Juicy,Somewhat strong,Full caffeine,7.0,4.0,2.0,3.0,5.0,Coffee D,,,,
zKWJ7k,35-44 years old,2,"At home, At a cafe, On the go, At the office","Pour over, Cold brew, French press","Specialty coffee shop, Local cafe",Pourover,Light,Sweet,Medium,Full caffeine,4.0,3.0,4.0,5.0,1.0,Coffee C,$40-$60,Male,Bachelor's degree,Employed full-time
dYQjYd,35-44 years old,2,"At home, At the office","Pour over, French press, Espresso",,Pourover,Light,Floral,Medium,Full caffeine,8.0,4.0,4.0,3.0,5.0,Coffee D,$60-$80,Male,Bachelor's degree,Employed full-time
AlWDde,25-34 years old,1,At home,"Espresso, Pour over",,Cortado,Light,Fruity,Weak,Full caffeine,6.0,2.0,3.0,1.0,5.0,Coffee D,$20-$40,Male,Bachelor's degree,Employed full-time
WAlYYN,25-34 years old,Less than 1,None of these,,,Latte,Medium,Chocolatey,Medium,Half caff,3.0,2.0,4.0,3.0,2.0,Coffee B,<$20,Male,Bachelor's degree,Employed full-time
5dEvMP,25-34 years old,2,"At the office, At a cafe, At home, On the go","Pour over, French press, Espresso","Local cafe, Other",Americano,Medium,Fruity,Medium,Half caff,6.0,4.0,3.0,2.0,5.0,Coffee D,$40-$60,Male,Bachelor's degree,Employed full-time
YZVYvz,55-64 years old,2,At home,Pour over,,Regular drip coffee,Medium,Full Bodied,Medium,Full caffeine,6.0,2.0,2.0,3.0,3.0,Coffee C,,Male,Bachelor's degree,Employed full-time
dYQjpN,35-44 years old,4,"At home, At the office, On the go","Espresso, Coffee brewing machine (e.g. Mr. Coffee)",Other,Regular drip coffee,Italian,Nutty,Very strong,Full caffeine,8.0,2.0,5.0,4.0,3.0,Coffee B,$40-$60,Male,Master's degree,Employed full-time
EP8Dr2,25-34 years old,1,At home,"Pour over, French press, Pod/capsule machine (e.g. Keurig/Nespresso)",,Pourover,Dark,Chocolatey,Somewhat strong,Full caffeine,10.0,3.0,3.0,1.0,5.0,Coffee D,<$20,Male,Bachelor's degree,Employed full-time
NA8Y1O,18-24 years old,Less than 1,At home,Coffee brewing machine (e.g. Mr. Coffee),,Cold brew,Medium,Full Bodied,Medium,Full caffeine,3.0,4.0,3.0,2.0,1.0,Coffee A,,Male,,Employed part-time
OA8Yxa,35-44 years old,1,At home,"Pour over, Espresso, Cold brew",,Pourover,Light,Caramalized,Medium,Full caffeine,6.0,5.0,2.0,3.0,4.0,Coffee A,<$20,Male,Bachelor's degree,Employed full-time
42PveX,18-24 years old,2,"At the office, At home","Espresso, Other",,Americano,,Fruity,,Full caffeine,6.0,,,,,,,,,
eB92Gx,18-24 years old,2,"At home, At the office, At a cafe, On the go","Pour over, Espresso",Other,Pourover,Medium,Juicy,Medium,Full caffeine,7.0,3.0,5.0,3.0,5.0,Coffee D,$40-$60,Male,Bachelor's degree,Employed full-time
GrYDNp,25-34 years old,1,At home,Pour over,,Regular drip coffee,Light,Chocolatey,Somewhat strong,Full caffeine,2.0,4.0,5.0,3.0,1.0,Coffee B,$40-$60,Female,Some college or associate's degree,Employed part-time
oAldrV,55-64 years old,2,"At home, At the office, On the go, At a cafe",Coffee brewing machine (e.g. Mr. Coffee),Specialty coffee shop,Regular drip coffee,Medium,Full Bodied,Medium,Full caffeine,5.0,3.0,3.0,4.0,1.0,Coffee C,,Female,Bachelor's degree,Employed full-time
NA8Yvp,25-34 years old,1,"At home, On the go","Pour over, Espresso, Pod/capsule machine (e.g. Keurig/Nespresso), Other, French press","National chain (e.g. Starbucks, Dunkin), Specialty coffee shop",Pourover,Blonde,Full Bodied,Somewhat strong,Half caff,6.0,1.0,4.0,5.0,3.0,Coffee C,$40-$60,Male,Some college or associate's degree,Employed full-time
kYOWV1,55-64 years old,3,"At home, At a cafe","Pour over, Other",,Pourover,Medium,Sweet,Somewhat strong,Full caffeine,6.0,3.0,3.0,2.0,4.0,Coffee D,$40-$60,Male,Bachelor's degree,Unemployed
qbjKvY,25-34 years old,Less than 1,"At home, At a cafe","Pour over, French press",,Americano,Medium,Full Bodied,Somewhat strong,Full caffeine,6.0,3.0,5.0,4.0,2.0,Coffee B,$20-$40,Male,Bachelor's degree,Employed full-time
DV0JEj,25-34 years old,3,At the office,,,Regular drip coffee,Light,Bright,Somewhat strong,Full caffeine,6.0,4.0,3.0,3.0,4.0,Coffee A,>$100,Male,Master's degree,Employed full-time
pL472P,18-24 years old,3,"At the office, At home, At a cafe","Espresso, French press, Pour over",,Pourover,Light,Bright,Somewhat strong,Full caffeine,7.0,5.0,2.0,3.0,4.0,Coffee A,$20-$40,Male,Bachelor's degree,Employed full-time
yleEB8,25-34 years old,1,"At the office, At home",Espresso,,Other,Medium,Sweet,Somewhat strong,Decaf,5.0,3.0,1.0,2.0,4.0,Coffee D,$20-$40,Non-binary,Bachelor's degree,Employed full-time
42PoWY,25-34 years old,1,"At the office, On the go, At home, At a cafe","Espresso, Other",Specialty coffee shop,Cappuccino,Light,Nutty,Medium,Full caffeine,3.0,2.0,3.0,3.0,2.0,Coffee C,$20-$40,Female,Bachelor's degree,Employed full-time
0Eo8pZ,25-34 years old,2,On the go,,Deli or supermarket,Pourover,Light,Sweet,Medium,Full caffeine,8.0,5.0,1.0,2.0,4.0,Coffee A,$40-$60,Male,Bachelor's degree,Employed full-time
NA805j,45-54 years old,1,At home,"Espresso, Pour over",,Cappuccino,Light,Fruity,Somewhat strong,Full caffeine,8.0,4.0,2.0,1.0,4.0,Coffee A,$20-$40,Male,Some college or associate's degree,Employed part-time
jBG96E,25-34 years old,2,"At home, At the office",Pour over,,,,,,,,,,,,,,,,
zKWQja,35-44 years old,2,At home,"Pour over, Pod/capsule machine (e.g. Keurig/Nespresso)",,Regular drip coffee,Medium,Floral,Medium,Full caffeine,7.0,2.0,5.0,4.0,1.0,Coffee B,$20-$40,Male,Bachelor's degree,Employed full-time
42PN8B,25-34 years old,3,At home,"Pour over, Espresso",,Espresso,Light,Fruity,Somewhat strong,Full caffeine,7.0,4.0,2.0,1.0,5.0,Coffee D,$40-$60,Male,Doctorate or professional degree,Employed full-time
42PN2B,25-34 years old,2,At home,Espresso,,Latte,Light,Chocolatey,Somewhat strong,Full caffeine,4.0,3.0,2.0,1.0,4.0,Coffee D,$20-$40,Female,Bachelor's degree,Employed full-time
GrYBJQ,25-34 years old,1,"At home, At a cafe",Coffee brewing machine (e.g. Mr. Coffee),,Regular drip coffee,Medium,Full Bodied,Somewhat strong,Full caffeine,2.0,2.0,2.0,2.0,1.0,Coffee B,$20-$40,Female,Bachelor's degree,Employed full-time
WAlpBj,55-64 years old,,,,,,,,,,,,,,,,,,,
VZo1bM,35-44 years old,1,At home,"French press, Other",,Iced coffee,Medium,Chocolatey,Somewhat strong,Full caffeine,6.0,1.0,4.0,4.0,2.0,Coffee B,>$100,Male,Bachelor's degree,Employed full-time
EP8bar,25-34 years old,2,"At home, At the office, On the go",Pour over,"Specialty coffee shop, National chain (e.g. Starbucks, Dunkin)",Cappuccino,Light,Fruity,Somewhat strong,Full caffeine,6.0,5.0,2.0,3.0,4.0,Coffee B,$20-$40,Prefer not to say,,
8djpW5,25-34 years old,2,"At home, At the office",Pour over,,Regular drip coffee,Dark,Bold,Somewhat strong,Full caffeine,4.0,2.0,4.0,5.0,1.0,Coffee C,$20-$40,Male,Master's degree,Employed full-time
kYORko,25-34 years old,2,"At the office, At home, On the go, At a cafe",Other,"Local cafe, National chain (e.g. Starbucks, Dunkin)",Mocha,Medium,Caramalized,Medium,Full caffeine,6.0,5.0,4.0,1.0,2.0,Coffee A,$40-$60,Male,Bachelor's degree,Employed full-time
VZo1BJ,35-44 years old,2,"On the go, At home, At the office","French press, Other","National chain (e.g. Starbucks, Dunkin), Specialty coffee shop, Local cafe",Latte,Light,Floral,Medium,Full caffeine,6.0,1.0,4.0,3.0,2.0,Coffee B,$80-$100,Female,Doctorate or professional degree,Employed full-time
J28kGo,18-24 years old,1,"At home, On the go",Pour over,"Specialty coffee shop, Local cafe",Pourover,Medium,Bright,Medium,Full caffeine,7.0,5.0,3.0,4.0,5.0,Coffee B,$20-$40,Male,Some college or associate's degree,Student
vNqxbv,25-34 years old,2,At home,"Espresso, Pour over, Other",,Cortado,Light,Bright,Somewhat strong,Full caffeine,8.0,4.0,2.0,3.0,5.0,Coffee D,$40-$60,Male,Bachelor's degree,Employed full-time
vNqxp0,25-34 years old,1,"At the office, At home",Pour over,,Pourover,Light,Bold,Very strong,Full caffeine,8.0,5.0,3.0,2.0,4.0,Coffee A,$20-$40,Male,Bachelor's degree,Employed full-time
AlWbko,35-44 years old,4,At the office,,,Iced coffee,Dark,Nutty,Somewhat strong,Full caffeine,7.0,4.0,4.0,5.0,5.0,Coffee D,$80-$100,Female,Some college or associate's degree,Employed full-time
0EojW0,45-54 years old,2,At home,Pour over,,Regular drip coffee,Light,Juicy,Somewhat light,Full caffeine,8.0,5.0,4.0,3.0,5.0,Coffee A,>$100,Prefer not to say,Master's degree,Employed full-time
VZo1el,55-64 years old,1,At home,"Pour over, Espresso, Coffee brewing machine (e.g. Mr. Coffee)",,Pourover,Light,Juicy,Medium,Full caffeine,7.0,4.0,3.0,5.0,5.0,Coffee D,$80-$100,Female,Master's degree,Employed full-time
lNVlPX,25-34 years old,2,"At home, At a cafe",Coffee brewing machine (e.g. Mr. Coffee),,Iced coffee,Dark,Chocolatey,Somewhat strong,Full caffeine,6.0,2.0,3.0,4.0,1.0,Coffee C,$40-$60,Male,Bachelor's degree,Employed full-time
Ld5MLO,18-24 years old,Less than 1,"At home, At the office, At a cafe, On the go","Instant coffee, Other","National chain (e.g. Starbucks, Dunkin), Local cafe",Iced coffee,Medium,Chocolatey,Medium,Full caffeine,1.0,3.0,4.0,2.0,1.0,Coffee B,$20-$40,Prefer not to say,,
aBZjQZ,25-34 years old,3,"At home, At a cafe","Pour over, Espresso, Cold brew",,Americano,Light,Floral,Very strong,Full caffeine,8.0,3.0,3.0,4.0,5.0,Coffee D,,Male,Doctorate or professional degree,Employed full-time
XeOBKz,18-24 years old,3,At home,"Pour over, Other",,Pourover,Blonde,Bright,Somewhat light,Full caffeine,7.0,5.0,3.0,2.0,4.0,Coffee A,$40-$60,Female,Bachelor's degree,
xd90dy,35-44 years old,1,At the office,,,Latte,Light,Floral,Medium,Full caffeine,5.0,3.0,3.0,2.0,5.0,Coffee D,$40-$60,Female,Doctorate or professional degree,Employed full-time
jBG0la,25-34 years old,2,"At home, At a cafe",Coffee brewing machine (e.g. Mr. Coffee),,Iced coffee,Medium,Nutty,Somewhat strong,Full caffeine,5.0,2.0,2.0,5.0,1.0,Coffee C,$40-$60,Female,Bachelor's degree,Employed full-time
vNq0Xl,25-34 years old,Less than 1,At home,Other,,Pourover,Medium,Chocolatey,Medium,Full caffeine,5.0,4.0,3.0,4.0,5.0,Coffee D,<$20,Male,Doctorate or professional degree,Employed part-time
XeORJY,35-44 years old,2,At home,"Pour over, Espresso, Coffee brewing machine (e.g. Mr. Coffee)",,Pourover,Light,Floral,Somewhat strong,Full caffeine,6.0,5.0,4.0,3.0,4.0,Coffee A,$40-$60,Male,Bachelor's degree,Employed full-time
6dr1OO,35-44 years old,2,At the office,,,Iced coffee,Dark,Bold,Somewhat strong,Full caffeine,2.0,5.0,4.0,2.0,1.0,Coffee D,$80-$100,Male,Doctorate or professional degree,Employed full-time
GrYoqQ,25-34 years old,3,"At home, On the go, At the office","Pour over, Coffee brewing machine (e.g. Mr. Coffee)",Local cafe,Pourover,Blonde,Caramalized,Medium,Full caffeine,5.0,4.0,4.0,3.0,5.0,Coffee D,$40-$60,Female,Master's degree,Employed part-time
VZo946,35-44 years old,1,At the office,,,Latte,Medium,Sweet,Somewhat strong,Full caffeine,4.0,1.0,3.0,4.0,2.0,Coffee C,$20-$40,Female,Doctorate or professional degree,Employed full-time
1rGbOg,25-34 years old,1,"On the go, At home",Pour over,Specialty coffee shop,Pourover,Light,Sweet,Medium,Full caffeine,7.0,5.0,3.0,2.0,1.0,Coffee A,$20-$40,Male,Master's degree,Employed full-time
AlW6Nz,35-44 years old,1,At home,"Pour over, Other",,Pourover,Light,Fruity,Somewhat strong,Full caffeine,4.0,4.0,2.0,1.0,4.0,Coffee D,$60-$80,Male,Bachelor's degree,Employed full-time
eB9Nlk,35-44 years old,2,"At the office, At home, At a cafe","French press, Espresso, Coffee brewing machine (e.g. Mr. Coffee), Bean-to-cup machine",,Latte,Medium,Fruity,Somewhat strong,Full caffeine,8.0,3.0,5.0,2.0,4.0,Coffee B,$40-$60,Female,Doctorate or professional degree,Employed full-time
Rz8Z7p,35-44 years old,2,At the office,,,Regular drip coffee,Medium,Full Bodied,Weak,Half caff,4.0,2.0,4.0,3.0,3.0,Coffee B,,,,
PA82QV,25-34 years old,1,"At home, At the office, On the go, At a cafe","Other, Pod/capsule machine (e.g. Keurig/Nespresso), Coffee brewing machine (e.g. Mr. Coffee)","National chain (e.g. Starbucks, Dunkin)",Latte,Light,Bold,Somewhat strong,Full caffeine,5.0,2.0,3.0,4.0,1.0,Coffee B,$40-$60,Female,Doctorate or professional degree,Employed full-time
VZo91E,35-44 years old,2,At home,"Coffee brewing machine (e.g. Mr. Coffee), Pod/capsule machine (e.g. Keurig/Nespresso), French press, Espresso",,Regular drip coffee,Medium,Full Bodied,Somewhat strong,Full caffeine,6.0,5.0,4.0,4.0,2.0,Coffee A,$20-$40,Male,Some college or associate's degree,Employed full-time
J288qz,25-34 years old,1,"At home, At a cafe, On the go, At the office","Pour over, Coffee brewing machine (e.g. Mr. Coffee)","Specialty coffee shop, Deli or supermarket, Local cafe",Regular drip coffee,Light,Bright,Medium,Decaf,8.0,5.0,2.0,2.0,1.0,Coffee A,$40-$60,Male,Master's degree,Employed full-time
Rz88xv,25-34 years old,Less than 1,At a cafe,,,Latte,Medium,Sweet,Medium,Decaf,1.0,5.0,1.0,2.0,1.0,Coffee A,$20-$40,Non-binary,Bachelor's degree,Employed full-time
24OOAe,35-44 years old,Less than 1,"At home, At a cafe","Other, Cold brew, Pour over",,Cold brew,Medium,Bright,Somewhat strong,Full caffeine,6.0,5.0,4.0,3.0,2.0,Coffee A,$20-$40,Male,Master's degree,Unemployed
6drrRk,35-44 years old,1,At home,"Pour over, Cold brew",,Pourover,Dark,Bold,Somewhat strong,Full caffeine,7.0,,,,5.0,,,,,
xd99Ny,35-44 years old,3,At home,Pour over,,Pourover,Light,Floral,Somewhat strong,Full caffeine,5.0,4.0,4.0,4.0,5.0,Coffee D,$40-$60,Male,Master's degree,Employed full-time
J288B7,35-44 years old,3,At home,"Pour over, Pod/capsule machine (e.g. Keurig/Nespresso)",,Pourover,Medium,Floral,Somewhat strong,Half caff,9.0,,,,,,,,,
DV00VZ,35-44 years old,1,"At home, At the office",Other,,Pourover,Light,Bright,Medium,Full caffeine,6.0,4.0,3.0,1.0,2.0,Coffee A,$40-$60,Male,Master's degree,Employed full-time
MA88WM,18-24 years old,1,"At home, At the office","Pour over, French press, Cold brew, Pod/capsule machine (e.g. Keurig/Nespresso)",,Regular drip coffee,Light,Bright,Somewhat strong,Full caffeine,7.0,,,,,,,,,
vNqq14,25-34 years old,2,At home,"Pour over, Espresso, Other, Instant coffee",,Latte,Light,Juicy,Somewhat strong,Half caff,7.0,2.0,3.0,4.0,5.0,Coffee D,$40-$60,Male,Bachelor's degree,Employed full-time
xd99Gr,25-34 years old,2,"At home, At the office","Pour over, Coffee extract (e.g. Cometeer), Other",,Latte,Light,Fruity,Somewhat strong,,7.0,3.0,2.0,2.0,4.0,Coffee D,$40-$60,Male,Master's degree,Employed full-time
7d4JOR,25-34 years old,1,At home,"Pour over, French press, Espresso",,Americano,Light,Fruity,Somewhat strong,Full caffeine,7.0,4.0,1.0,3.0,5.0,Coffee D,$20-$40,Male,Bachelor's degree,Employed full-time
5dE89b,25-34 years old,2,At home,"Pour over, Espresso",,Espresso,Light,Fruity,Medium,Full caffeine,6.0,5.0,2.0,3.0,4.0,Coffee A,$40-$60,Male,Bachelor's degree,Employed full-time
VZovVj,25-34 years old,Less than 1,At home,Other,,Iced coffee,Medium,Bright,Medium,,2.0,5.0,4.0,3.0,2.0,Coffee A,<$20,Female,Master's degree,
oAlKke,35-44 years old,2,"At home, At a cafe",Pour over,,Regular drip coffee,Light,Fruity,Somewhat light,Full caffeine,7.0,2.0,4.0,3.0,5.0,Coffee D,,,,
42PAoA,25-34 years old,1,"At a cafe, At home, On the go","Pour over, Espresso, Instant coffee","Specialty coffee shop, Local cafe",Cortado,Light,Fruity,Somewhat strong,Full caffeine,6.0,4.0,1.0,2.0,3.0,Coffee A,$40-$60,Female,Master's degree,Employed full-time
YZVpBz,35-44 years old,1,At home,Other,,Mocha,Dark,Nutty,Somewhat strong,Full caffeine,6.0,4.0,4.0,5.0,1.0,Coffee C,<$20,Female,Master's degree,Unemployed
WAlD0e,25-34 years old,1,At home,"Pour over, French press, Espresso, Pod/capsule machine (e.g. Keurig/Nespresso)",,Pourover,Dark,Nutty,Medium,Full caffeine,3.0,1.0,4.0,5.0,2.0,Coffee C,$20-$40,Female,Master's degree,Employed full-time
aBZAYE,35-44 years old,2,"At the office, At home","French press, Pour over, Coffee brewing machine (e.g. Mr. Coffee), Pod/capsule machine (e.g. Keurig/Nespresso), Cold brew",,Regular drip coffee,Blonde,Chocolatey,Somewhat light,Full caffeine,3.0,1.0,2.0,4.0,5.0,Coffee D,$40-$60,Male,Bachelor's degree,Employed full-time
5dEeb6,25-34 years old,2,"At home, At a cafe, On the go, At the office","Pour over, Coffee brewing machine (e.g. Mr. Coffee), Cold brew","Local cafe, Drive-thru, Specialty coffee shop, National chain (e.g. Starbucks, Dunkin)",Pourover,Medium,Floral,Medium,Full caffeine,7.0,4.0,3.0,2.0,1.0,Coffee A,$80-$100,Male,Bachelor's degree,Employed full-time
aBZK8b,25-34 years old,1,"At the office, At home, On the go, At a cafe",Coffee brewing machine (e.g. Mr. Coffee),"Local cafe, National chain (e.g. Starbucks, Dunkin)",Latte,Medium,Full Bodied,Medium,Full caffeine,4.0,4.0,5.0,3.0,1.0,Coffee B,$80-$100,Female,Master's degree,Employed full-time
7d4aDz,25-34 years old,2,"At home, At a cafe, At the office","Pour over, Espresso",,Latte,Light,Full Bodied,Medium,Full caffeine,6.0,2.0,5.0,4.0,3.0,Coffee B,$20-$40,Male,Doctorate or professional degree,Employed full-time
xd9R4v,25-34 years old,1,At home,"Pour over, Other",,Latte,Light,Juicy,Somewhat strong,Half caff,8.0,,,,,,,,,
zKWGyq,>65 years old,2,At a cafe,,,Latte,Dark,Full Bodied,Medium,Full caffeine,1.0,2.0,4.0,4.0,1.0,Coffee B,<$20,Male,Bachelor's degree,Retired
aBZAD2,25-34 years old,3,"At home, At the office","Pour over, Pod/capsule machine (e.g. Keurig/Nespresso), Cold brew",,Cold brew,Dark,Bold,Somewhat strong,Full caffeine,5.0,3.0,4.0,5.0,1.0,Coffee C,>$100,Male,Bachelor's degree,Employed full-time
BG8jLe,25-34 years old,1,"At home, At the office, On the go, At a cafe","Pour over, Espresso","Specialty coffee shop, Local cafe",Cortado,Light,Fruity,Somewhat strong,Full caffeine,5.0,5.0,2.0,1.0,4.0,Coffee A,$40-$60,Male,Bachelor's degree,Employed full-time
6drWyB,45-54 years old,Less than 1,On the go,,Local cafe,Cappuccino,Medium,Nutty,Somewhat strong,Half caff,6.0,4.0,5.0,3.0,1.0,Coffee B,$20-$40,Female,Master's degree,Employed full-time
NA8Mj0,55-64 years old,More than 4,At home,Other,,Other,Dark,Chocolatey,Somewhat strong,Full caffeine,6.0,2.0,5.0,4.0,1.0,Coffee B,$20-$40,Prefer not to say,,
GrYq4p,35-44 years old,1,At home,Other,,Latte,Medium,Fruity,Very strong,Full caffeine,8.0,1.0,4.0,3.0,5.0,Coffee D,$20-$40,Male,Some college or associate's degree,Employed full-time
aBZAWW,35-44 years old,3,"At home, At a cafe","Coffee brewing machine (e.g. Mr. Coffee), Pod/capsule machine (e.g. Keurig/Nespresso)",,Espresso,Blonde,Fruity,Medium,Full caffeine,4.0,4.0,2.0,3.0,5.0,Coffee D,$60-$80,Female,Bachelor's degree,Employed part-time
jBGkaJ,25-34 years old,Less than 1,None of these,,,Other,Light,Sweet,Somewhat light,Full caffeine,6.0,4.0,2.0,3.0,5.0,Coffee D,<$20,Female,Master's degree,Employed full-time
8djRol,35-44 years old,Less than 1,"At home, At a cafe",Pour over,,Other,Medium,Caramalized,Medium,Decaf,6.0,2.0,4.0,4.0,5.0,Coffee D,$20-$40,Female,Some college or associate's degree,Homemaker
g5WkQK,18-24 years old,2,"At home, At a cafe","Pour over, Espresso",,Pourover,Light,Fruity,Medium,Full caffeine,9.0,3.0,3.0,4.0,5.0,Coffee D,$60-$80,Male,Bachelor's degree,Employed full-time
vNqdzg,25-34 years old,1,"At home, At a cafe","Espresso, Instant coffee",,Latte,Medium,Full Bodied,Somewhat strong,Full caffeine,5.0,3.0,3.0,2.0,5.0,Coffee D,$20-$40,Male,Master's degree,Employed full-time
PA8GWe,25-34 years old,2,"At home, At a cafe","Pour over, Other",,Pourover,Light,Bright,Somewhat strong,Full caffeine,5.0,4.0,1.0,2.0,4.0,Coffee A,$40-$60,Female,Master's degree,Employed full-time
zKWLyk,35-44 years old,2,"At home, At a cafe, At the office","Pour over, Other",,Cappuccino,Light,Juicy,Somewhat strong,Full caffeine,7.0,4.0,3.0,2.0,1.0,Coffee B,$60-$80,Male,Master's degree,Employed full-time
eB9v7O,25-34 years old,2,At home,"French press, Pour over, Other",,Pourover,Medium,Chocolatey,Somewhat light,Full caffeine,7.0,4.0,2.0,5.0,5.0,Coffee B,$20-$40,Male,Some college or associate's degree,Employed full-time
YZVkOB,25-34 years old,2,"On the go, At home, At the office, At a cafe",Pod/capsule machine (e.g. Keurig/Nespresso),"Specialty coffee shop, Local cafe",Latte,Medium,Full Bodied,Somewhat strong,Full caffeine,6.0,3.0,4.0,5.0,2.0,Coffee C,$20-$40,Male,Bachelor's degree,Employed full-time
blNvR1,25-34 years old,2,"At home, At a cafe, At the office","Pour over, Espresso",,Espresso,Light,Juicy,Somewhat strong,Full caffeine,9.0,5.0,3.0,2.0,4.0,Coffee A,$20-$40,Prefer not to say,Bachelor's degree,Employed full-time
lNVvz6,25-34 years old,2,"At home, At a cafe","Pour over, French press, Other",,Pourover,Medium,Bright,Very strong,Full caffeine,6.0,2.0,4.0,3.0,1.0,Coffee B,$20-$40,Female,Master's degree,Homemaker
QA8kPp,25-34 years old,1,At home,"Pour over, Espresso, Other",,Other,Light,Fruity,Medium,Full caffeine,8.0,4.0,2.0,3.0,5.0,Coffee D,$20-$40,Male,Master's degree,Employed full-time
0EoaXN,35-44 years old,2,"At home, On the go, At the office","Other, Pour over","National chain (e.g. Starbucks, Dunkin), Specialty coffee shop, Drive-thru",Americano,Medium,Full Bodied,Medium,Full caffeine,6.0,1.0,4.0,2.0,5.0,Coffee D,$60-$80,Male,Bachelor's degree,Employed full-time
9d24ZK,25-34 years old,1,At the office,,,Other,Medium,Full Bodied,Somewhat strong,Full caffeine,6.0,4.0,4.0,1.0,4.0,Coffee B,$20-$40,Male,Bachelor's degree,Employed full-time
24O70L,25-34 years old,Less than 1,At a cafe,,,Blended drink (e.g. Frappuccino),Medium,Sweet,Weak,Full caffeine,1.0,3.0,4.0,4.0,3.0,Coffee C,<$20,Female,Bachelor's degree,Employed full-time
lNVv5V,55-64 years old,1,At home,"Pour over, Espresso, Coffee extract (e.g. Cometeer), French press",,Pourover,Light,Fruity,Somewhat strong,Full caffeine,8.0,4.0,4.0,3.0,4.0,Coffee D,<$20,Prefer not to say,,Employed full-time
BG8eRe,25-34 years old,2,"At home, At the office",Pour over,,Pourover,Light,Bright,Medium,Full caffeine,4.0,4.0,2.0,3.0,5.0,Coffee D,$20-$40,Male,Bachelor's degree,Employed full-time
Ld5oZj,18-24 years old,3,"At a cafe, At home","Pour over, French press, Espresso, Pod/capsule machine (e.g. Keurig/Nespresso), Bean-to-cup machine","Deli or supermarket, Specialty coffee shop",Americano,Light,Floral,Somewhat strong,Full caffeine,8.0,5.0,2.0,3.0,5.0,Coffee A,,,,
KM8R9z,25-34 years old,1,At home,"French press, Espresso",,Pourover,Light,Fruity,Very strong,Full caffeine,8.0,4.0,2.0,3.0,5.0,Coffee B,$40-$60,Male,Master's degree,Employed full-time
ylegqW,25-34 years old,1,"At home, At a cafe","Espresso, Pod/capsule machine (e.g. Keurig/Nespresso), Other",,Latte,Medium,Chocolatey,Somewhat strong,Full caffeine,7.0,,,,,,,,,
jBGgEQ,25-34 years old,1,"At home, On the go","French press, Pod/capsule machine (e.g. Keurig/Nespresso)","National chain (e.g. Starbucks, Dunkin)",Latte,Medium,Full Bodied,Somewhat strong,Full caffeine,4.0,3.0,5.0,4.0,2.0,Coffee B,$60-$80,Male,Bachelor's degree,Employed full-time
7d4jzR,18-24 years old,2,"On the go, At the office, At home","Coffee brewing machine (e.g. Mr. Coffee), Instant coffee","Deli or supermarket, National chain (e.g. Starbucks, Dunkin)",Americano,Dark,Bold,Very strong,Full caffeine,1.0,3.0,4.0,5.0,1.0,Coffee C,$80-$100,Male,Master's degree,Employed part-time
NA8gMW,18-24 years old,2,"At the office, On the go, At home","Pod/capsule machine (e.g. Keurig/Nespresso), Coffee extract (e.g. Cometeer), Cold brew","Local cafe, Drive-thru, Specialty coffee shop",Cold brew,,,,,,,,,,,,,,
0EolEy,25-34 years old,2,"At home, At the office, At a cafe, On the go","Espresso, Cold brew, Other","Local cafe, Drive-thru",Cortado,Light,Fruity,Very strong,Full caffeine,6.0,4.0,3.0,2.0,3.0,Coffee A,$40-$60,Male,Bachelor's degree,Employed full-time
vNqpVl,18-24 years old,,,,,Espresso,Medium,Sweet,Medium,Full caffeine,5.0,,,,,,,,,
rl2pWX,25-34 years old,2,"At home, At a cafe, At the office, On the go","Espresso, Other","Local cafe, Drive-thru",Cortado,Light,Bright,Very strong,Full caffeine,6.0,4.0,4.0,3.0,2.0,Coffee B,,,,
24OZrj,25-34 years old,2,"At home, At the office","Coffee brewing machine (e.g. Mr. Coffee), Other",,Mocha,Medium,Full Bodied,Medium,Full caffeine,8.0,1.0,3.0,5.0,4.0,Coffee C,$20-$40,Male,Bachelor's degree,Employed full-time
24OZ99,25-34 years old,2,At home,"Pour over, French press, Espresso, Coffee brewing machine (e.g. Mr. Coffee)",,Regular drip coffee,Light,Bright,Somewhat strong,Full caffeine,8.0,4.0,3.0,2.0,2.0,Coffee A,,,,
GrYyvj,25-34 years old,1,At home,Coffee brewing machine (e.g. Mr. Coffee),,Regular drip coffee,Medium,Bold,Somewhat strong,Full caffeine,3.0,2.0,4.0,3.0,4.0,Coffee B,,,,
aBZo4W,35-44 years old,4,"At home, At a cafe",Coffee brewing machine (e.g. Mr. Coffee),,Latte,Dark,Nutty,Weak,Half caff,5.0,3.0,4.0,3.0,2.0,Coffee B,,,,
GrYyv2,45-54 years old,1,At home,Coffee brewing machine (e.g. Mr. Coffee),,Other,Light,Bright,Medium,Full caffeine,8.0,2.0,3.0,4.0,1.0,Coffee C,$40-$60,Male,Bachelor's degree,Employed full-time
oAlpr1,35-44 years old,1,At home,"Pour over, Espresso",,Cappuccino,Dark,Full Bodied,Somewhat strong,Full caffeine,8.0,3.0,5.0,4.0,2.0,Coffee B,$40-$60,Male,Master's degree,Employed full-time
blNyVg,45-54 years old,2,At home,"Pour over, Cold brew",,Pourover,Medium,Nutty,Somewhat strong,Full caffeine,7.0,4.0,4.0,4.0,2.0,Coffee B,$20-$40,Male,High school graduate,Retired
kYOQN1,25-34 years old,1,At home,Espresso,,Latte,Light,Floral,Medium,Full caffeine,8.0,,,,,,,,,
DV0Py5,25-34 years old,1,At home,"Pour over, Espresso",,Cortado,Light,Fruity,Medium,Full caffeine,7.0,3.0,4.0,2.0,4.0,Coffee D,>$100,Female,Bachelor's degree,Employed part-time
KM8Nkg,45-54 years old,Less than 1,None of these,,,Iced coffee,Medium,Sweet,Somewhat light,Full caffeine,1.0,,,,,,,,,
MA82rp,25-34 years old,2,"On the go, At the office, At home","Pour over, Espresso, Cold brew","Specialty coffee shop, Local cafe, Drive-thru, National chain (e.g. Starbucks, Dunkin)",Pourover,Light,Bright,Somewhat strong,Full caffeine,5.0,1.0,2.0,3.0,4.0,Coffee D,$40-$60,Male,Bachelor's degree,Employed full-time
KM8718,25-34 years old,2,At home,"Pour over, Espresso",,Pourover,Light,Fruity,Medium,Full caffeine,7.0,3.0,1.0,4.0,5.0,Coffee C,$60-$80,Male,Bachelor's degree,Employed full-time
DVABNq,45-54 years old,2,"At home, At the office",Pod/capsule machine (e.g. Keurig/Nespresso),,Regular drip coffee,Medium,Chocolatey,Medium,Decaf,8.0,3.0,4.0,5.0,1.0,Coffee C,$40-$60,Female,Master's degree,Employed full-time
PAvpP1,,2,"At home, At a cafe, On the go","Espresso, Pour over","Local cafe, Specialty coffee shop",,,,,,,,,,,,,,,
aBK9lZ,45-54 years old,3,At home,Espresso,,Cappuccino,Medium,Chocolatey,Medium,Full caffeine,9.0,4.0,4.0,5.0,2.0,Coffee A,$80-$100,Male,Bachelor's degree,Employed full-time
7d1qYZ,25-34 years old,2,"At the office, At home, On the go","Other, Pour over","Specialty coffee shop, National chain (e.g. Starbucks, Dunkin), Local cafe",Pourover,Light,Fruity,Very strong,Full caffeine,8.0,3.0,1.0,1.0,5.0,Coffee D,>$100,Male,Bachelor's degree,Employed full-time
aBK5GX,18-24 years old,1,"At home, At the office, At a cafe","Pour over, French press",,Latte,Light,Fruity,Medium,Full caffeine,6.0,4.0,2.0,3.0,4.0,Coffee A,$40-$60,Male,Bachelor's degree,Employed full-time
241AGA,35-44 years old,1,At home,Coffee brewing machine (e.g. Mr. Coffee),,Regular drip coffee,Medium,Nutty,Medium,Full caffeine,6.0,2.0,3.0,5.0,1.0,Coffee C,$20-$40,Male,Bachelor's degree,Employed full-time
oAK2l5,25-34 years old,,"At home, At the office, At a cafe","Pour over, Espresso",,Espresso,Light,Fruity,Very strong,Full caffeine,8.0,,,,,,,,,
eBKaMk,35-44 years old,2,"At the office, At home",Coffee brewing machine (e.g. Mr. Coffee),,Regular drip coffee,Medium,Nutty,Medium,Full caffeine,4.0,3.0,2.0,4.0,1.0,Coffee C,$20-$40,Female,Bachelor's degree,Employed full-time
g5Y9XO,25-34 years old,3,"At home, At the office, At a cafe, On the go",French press,"Specialty coffee shop, National chain (e.g. Starbucks, Dunkin), Local cafe",Cortado,Medium,Full Bodied,,Full caffeine,5.0,2.0,4.0,2.0,3.0,Coffee B,,,,
AlAB5z,35-44 years old,2,"At home, At the office","Espresso, Pour over, French press, Coffee brewing machine (e.g. Mr. Coffee)",,Pourover,Light,Fruity,Medium,Full caffeine,9.0,5.0,3.0,4.0,5.0,Coffee D,$40-$60,Male,Bachelor's degree,Employed full-time
oAKGpN,18-24 years old,Less than 1,"At the office, At home",French press,,Latte,Light,Fruity,Very strong,Full caffeine,6.0,,,,,Coffee D,,,,
zK2YQq,25-34 years old,1,"At home, At the office, At a cafe","Pour over, French press, Bean-to-cup machine",,Latte,Blonde,Chocolatey,Somewhat strong,Half caff,6.0,2.0,5.0,4.0,1.0,Coffee B,<$20,Female,Master's degree,Employed full-time
dYKdod,45-54 years old,2,"At home, At the office, On the go, At a cafe","Pour over, French press, Espresso, Cold brew","Local cafe, Specialty coffee shop",Pourover,Medium,Full Bodied,Somewhat strong,Full caffeine,5.0,3.0,5.0,4.0,3.0,Coffee D,$20-$40,Male,Bachelor's degree,Employed full-time
7d1xrR,25-34 years old,2,"At home, On the go","Pour over, Other","Specialty coffee shop, Local cafe",Pourover,Light,Fruity,Somewhat strong,Full caffeine,5.0,4.0,3.0,3.0,2.0,Coffee A,$40-$60,Male,Master's degree,Employed full-time
aBKYRX,25-34 years old,2,At home,"Coffee brewing machine (e.g. Mr. Coffee), Espresso",,Regular drip coffee,Medium,Full Bodied,Somewhat strong,Full caffeine,6.0,4.0,3.0,4.0,1.0,Coffee C,$40-$60,Male,Bachelor's degree,Employed full-time
oAKMjb,25-34 years old,2,"At home, At the office","Pour over, Espresso",,Pourover,Medium,Fruity,Somewhat strong,Full caffeine,6.0,4.0,2.0,4.0,4.0,Coffee D,$40-$60,Female,Master's degree,Employed full-time
kYKybM,25-34 years old,3,"At the office, At home","Pour over, Coffee brewing machine (e.g. Mr. Coffee)",,Cortado,Light,Juicy,Medium,Full caffeine,7.0,3.0,,,,,,,,
WADNek,25-34 years old,,,,,,,,,,,,,,,,,,,
NAM6Yp,18-24 years old,More than 4,"At home, On the go, At the office, At a cafe","Pour over, Coffee brewing machine (e.g. Mr. Coffee)","Specialty coffee shop, Local cafe",Pourover,Light,Chocolatey,Medium,Full caffeine,5.0,,,,,,,,,
jB5yQ9,35-44 years old,2,"At home, At the office",French press,,Pourover,Light,Juicy,Very strong,Full caffeine,5.0,4.0,3.0,2.0,5.0,Coffee D,$20-$40,Male,Bachelor's degree,Employed full-time
yljly0,45-54 years old,More than 4,"At a cafe, At home, At the office","Pour over, Espresso",,Pourover,Light,Fruity,Somewhat strong,Full caffeine,7.0,,,,,,,,,
oAKBJe,45-54 years old,3,At home,"Pour over, Pod/capsule machine (e.g. Keurig/Nespresso), Other",,Pourover,Light,Bright,Medium,Full caffeine,6.0,5.0,4.0,4.0,5.0,Coffee D,$20-$40,Male,Some college or associate's degree,Employed full-time
eBKAGk,25-34 years old,3,"At the office, At home, At a cafe",Pour over,,Pourover,Light,Fruity,Somewhat strong,Full caffeine,5.0,5.0,3.0,2.0,4.0,Coffee A,$60-$80,Male,Master's degree,Employed full-time
KMv6KK,25-34 years old,3,"On the go, At the office, At home",Cold brew,"National chain (e.g. Starbucks, Dunkin)",Cold brew,Medium,Chocolatey,Medium,Full caffeine,6.0,3.0,5.0,2.0,1.0,Coffee B,$40-$60,Male,Bachelor's degree,Student
vNE2Zl,25-34 years old,2,"At home, At the office","Pour over, Coffee extract (e.g. Cometeer), Other, Espresso",,Pourover,Light,Fruity,Medium,Half caff,5.0,5.0,,,,,,,,
KMvLNM,35-44 years old,2,"At the office, At home, At a cafe","Pour over, Espresso, Cold brew",,Cortado,Light,Chocolatey,Medium,Full caffeine,7.0,2.0,4.0,5.0,4.0,Coffee C,$60-$80,Male,Doctorate or professional degree,Employed full-time
lNKWjB,25-34 years old,2,"On the go, At home, At the office","Espresso, Other","Specialty coffee shop, Local cafe",Espresso,Light,Juicy,Somewhat strong,Full caffeine,6.0,5.0,3.0,3.0,5.0,Coffee D,$40-$60,Male,Bachelor's degree,Employed full-time
PAvXE5,18-24 years old,2,At home,Pour over,,Cortado,Light,Full Bodied,Somewhat strong,Full caffeine,6.0,,,,,,,,,
9dpvKG,45-54 years old,1,At home,Espresso,,Espresso,Light,Fruity,Medium,Full caffeine,6.0,4.0,2.0,2.0,4.0,Coffee D,$20-$40,Male,Doctorate or professional degree,Employed full-time
0E1vgN,45-54 years old,2,"At home, On the go, At the office, At a cafe",Pod/capsule machine (e.g. Keurig/Nespresso),"National chain (e.g. Starbucks, Dunkin)",Latte,Blonde,Bright,Somewhat light,Full caffeine,4.0,4.0,3.0,4.0,2.0,Coffee C,$60-$80,Male,Bachelor's degree,Employed full-time
OAdJzR,25-34 years old,1,"At the office, At home, On the go","Pod/capsule machine (e.g. Keurig/Nespresso), Espresso","Specialty coffee shop, National chain (e.g. Starbucks, Dunkin), Local cafe",Latte,Medium,Nutty,Medium,Half caff,2.0,3.0,5.0,3.0,4.0,Coffee B,$20-$40,Female,Master's degree,Employed full-time
pLRWYb,25-34 years old,1,"At the office, At home, At a cafe","Pour over, Other, Cold brew",,Other,Light,Floral,Medium,Full caffeine,7.0,1.0,4.0,4.0,5.0,Coffee D,$20-$40,Female,Bachelor's degree,Employed full-time
5d8GLd,25-34 years old,1,At home,Espresso,,Cortado,Medium,Fruity,Very strong,Full caffeine,5.0,5.0,4.0,3.0,5.0,Coffee A,<$20,Male,Bachelor's degree,Employed full-time
1rDJYl,45-54 years old,2,At home,Espresso,,Espresso,Medium,Chocolatey,Somewhat strong,,5.0,2.0,2.0,3.0,4.0,,,,,
241vE9,25-34 years old,3,"At home, At the office","Espresso, Pour over",,Espresso,Light,Floral,Somewhat strong,Full caffeine,10.0,2.0,3.0,4.0,5.0,Coffee D,$20-$40,Male,Doctorate or professional degree,Employed full-time
rlGraX,25-34 years old,1,At home,"Pour over, Coffee extract (e.g. Cometeer)",,Pourover,Medium,Full Bodied,Somewhat strong,Full caffeine,5.0,4.0,3.0,3.0,5.0,Coffee D,$40-$60,Male,Master's degree,Employed full-time
KMvJZX,25-34 years old,1,At home,"Espresso, Pour over",,Espresso,Light,Fruity,Somewhat strong,Full caffeine,7.0,4.0,2.0,1.0,5.0,Coffee D,$20-$40,Male,Bachelor's degree,Employed full-time
BGADYN,35-44 years old,2,At home,"Pour over, Espresso",,Pourover,Light,Juicy,Somewhat strong,Full caffeine,8.0,4.0,2.0,2.0,4.0,Coffee A,$80-$100,Male,Bachelor's degree,Employed full-time
g5YNYd,25-34 years old,1,At home,"Pour over, French press",,Cappuccino,Medium,Nutty,Medium,Full caffeine,8.0,3.0,2.0,3.0,4.0,Coffee D,$40-$60,Male,Bachelor's degree,Employed full-time
YZpzy0,35-44 years old,2,"At the office, At home","Pour over, Espresso",,Latte,Light,Juicy,Somewhat strong,Full caffeine,6.0,2.0,4.0,3.0,5.0,Coffee D,$80-$100,Female,Bachelor's degree,Employed full-time
OAdBMa,35-44 years old,2,"At the office, On the go, At home, At a cafe","Pour over, Coffee brewing machine (e.g. Mr. Coffee), French press, Other","Specialty coffee shop, Local cafe, National chain (e.g. Starbucks, Dunkin)",Pourover,Light,Fruity,Medium,Full caffeine,6.0,3.0,3.0,4.0,5.0,Coffee D,$40-$60,Male,Some college or associate's degree,Employed full-time
dYK2oV,45-54 years old,1,At home,"Pour over, Other",,Pourover,Light,Fruity,Medium,Full caffeine,7.0,4.0,2.0,1.0,5.0,Coffee D,$40-$60,Male,Master's degree,Employed full-time
vNE0Dd,35-44 years old,2,"At the office, At home, On the go",Other,Other,Regular drip coffee,,Bright,Somewhat light,,,,,,,,,,,
J2XkXd,45-54 years old,2,At home,Espresso,,Cortado,Medium,Chocolatey,Somewhat strong,Full caffeine,6.0,3.0,2.0,3.0,4.0,Coffee D,$60-$80,Male,Bachelor's degree,Employed full-time
vNE0Y8,25-34 years old,2,At home,Pour over,,Pourover,Medium,Sweet,Somewhat strong,Full caffeine,9.0,1.0,2.0,3.0,2.0,Coffee C,$20-$40,Male,Master's degree,Employed full-time
DVAXPb,35-44 years old,1,"At home, At the office","French press, Cold brew",,Cold brew,Light,Bright,Medium,Half caff,4.0,3.0,2.0,4.0,4.0,Coffee D,$40-$60,Male,Bachelor's degree,Employed full-time
EPv8WN,35-44 years old,2,At home,"Pour over, Other, French press",,Espresso,Light,Bold,Somewhat strong,Full caffeine,4.0,2.0,4.0,3.0,1.0,Coffee B,$40-$60,Male,Master's degree,Employed full-time
YZpVlq,35-44 years old,2,At home,Coffee brewing machine (e.g. Mr. Coffee),,Latte,Dark,Full Bodied,Somewhat strong,Full caffeine,3.0,4.0,3.0,5.0,4.0,Coffee C,$40-$60,Male,Some college or associate's degree,Employed full-time
jB5MEY,25-34 years old,2,At home,"Pour over, Other",,Pourover,Light,Sweet,Somewhat strong,Full caffeine,7.0,4.0,3.0,3.0,5.0,Coffee D,$40-$60,Male,Bachelor's degree,Employed full-time
42AA2k,25-34 years old,3,"At the office, At home, At a cafe","Pour over, Coffee brewing machine (e.g. Mr. Coffee)",,Pourover,Light,Fruity,Medium,Full caffeine,6.0,4.0,2.0,1.0,4.0,Coffee D,$60-$80,Male,Master's degree,Employed full-time
DVAAYl,25-34 years old,1,"At the office, At home","Espresso, Other",,Latte,Medium,Chocolatey,,,7.0,,,,,,,,,
g5YW51,18-24 years old,1,At home,"Pour over, Other",,Pourover,Light,Fruity,Medium,Full caffeine,5.0,4.0,3.0,1.0,5.0,Coffee D,$20-$40,Male,Some college or associate's degree,Employed full-time
WADM8v,25-34 years old,2,"At home, At the office, At a cafe","Pour over, Coffee brewing machine (e.g. Mr. Coffee), Coffee extract (e.g. Cometeer), Cold brew, Other",,Cappuccino,Medium,Full Bodied,Very strong,Full caffeine,6.0,3.0,3.0,3.0,3.0,Coffee B,$20-$40,,,
NAMbXp,,,,,,,Light,,,Full caffeine,6.0,,,,,,,,,
1rDDZO,25-34 years old,1,At home,Pour over,,Pourover,Light,Fruity,Medium,Full caffeine,7.0,4.0,3.0,2.0,5.0,Coffee D,$40-$60,Male,Bachelor's degree,Employed full-time
qboJdg,25-34 years old,2,"At home, On the go",Pour over,"National chain (e.g. Starbucks, Dunkin)",Espresso,Light,Bright,Medium,Full caffeine,6.0,4.0,3.0,2.0,5.0,Coffee D,$20-$40,Male,Bachelor's degree,Employed full-time
0E11K6,>65 years old,1,At home,Coffee brewing machine (e.g. Mr. Coffee),,Regular drip coffee,Medium,Sweet,Medium,Full caffeine,2.0,4.0,4.0,3.0,1.0,Coffee A,$20-$40,Male,Some college or associate's degree,Employed full-time
pLRJ9y,35-44 years old,2,"At home, At a cafe, On the go","Pour over, French press, Coffee brewing machine (e.g. Mr. Coffee)","Local cafe, Specialty coffee shop",Regular drip coffee,Light,Sweet,Medium,Full caffeine,6.0,4.0,3.0,5.0,3.0,Coffee C,$60-$80,Male,Bachelor's degree,Employed full-time
QAvzjk,18-24 years old,2,At home,"Pour over, Other",,Cortado,Medium,Nutty,Somewhat strong,Full caffeine,4.0,5.0,3.0,4.0,2.0,Coffee A,$20-$40,Male,Master's degree,Student
EPvZjN,25-34 years old,3,"At the office, On the go, At home, At a cafe","Pour over, Espresso, Cold brew",Specialty coffee shop,Americano,Blonde,Juicy,Medium,Full caffeine,7.0,4.0,1.0,1.0,5.0,Coffee D,$20-$40,Male,Master's degree,Employed part-time
xd4RKr,18-24 years old,4,"At a cafe, At home","Pour over, Espresso, Other",,Cortado,Medium,Sweet,Medium,Full caffeine,7.0,3.0,4.0,5.0,3.0,Coffee C,$60-$80,Male,Some college or associate's degree,Employed full-time
42Ap4O,25-34 years old,1,"At the office, At home","Espresso, Other, Coffee brewing machine (e.g. Mr. Coffee)",,Mocha,Light,Fruity,Medium,Full caffeine,8.0,2.0,3.0,2.0,5.0,Coffee D,$40-$60,Male,Bachelor's degree,Employed full-time
0E1D5Z,25-34 years old,2,"At the office, At home",Pour over,,Pourover,Medium,Full Bodied,Medium,Full caffeine,5.0,4.0,1.0,3.0,5.0,Coffee D,<$20,Male,Bachelor's degree,Employed full-time
g5YkOd,18-24 years old,3,"At home, At the office, On the go","Pour over, Instant coffee",Local cafe,Latte,Dark,Caramalized,Very strong,Full caffeine,3.0,3.0,5.0,3.0,2.0,Coffee B,$20-$40,Male,Some college or associate's degree,Employed full-time
ZdvD8z,35-44 years old,2,"At home, On the go, At a cafe",Pour over,"Local cafe, National chain (e.g. Starbucks, Dunkin), Specialty coffee shop",Pourover,Light,Fruity,Medium,Full caffeine,7.0,4.0,2.0,3.0,5.0,Coffee D,$60-$80,Male,Bachelor's degree,Employed full-time
lNKMov,25-34 years old,2,"At the office, At home","Espresso, Pour over",,Espresso,Medium,Chocolatey,Medium,Full caffeine,8.0,3.0,3.0,1.0,5.0,Coffee D,$40-$60,Male,Bachelor's degree,Student
rlGJKR,25-34 years old,2,"At home, At the office","Espresso, Other",,Other,Light,Bright,Somewhat light,Full caffeine,4.0,5.0,3.0,2.0,4.0,Coffee A,$40-$60,Male,Master's degree,Employed full-time
RzvkQl,25-34 years old,2,"At home, At a cafe, At the office","Pour over, Cold brew",,Pourover,Light,Fruity,Medium,Full caffeine,8.0,4.0,3.0,3.0,5.0,Coffee D,$40-$60,Male,Bachelor's degree,Employed full-time
241oZD,35-44 years old,2,At home,Coffee brewing machine (e.g. Mr. Coffee),,Regular drip coffee,Blonde,Fruity,Somewhat light,Full caffeine,3.0,5.0,2.0,2.0,4.0,Coffee A,$40-$60,Male,Doctorate or professional degree,Employed full-time
aBKzLq,35-44 years old,3,"At home, At the office, On the go, At a cafe",Coffee brewing machine (e.g. Mr. Coffee),Specialty coffee shop,Latte,Blonde,Bright,Somewhat light,Full caffeine,5.0,2.0,2.0,5.0,4.0,Coffee C,,,,
Xe1QPj,35-44 years old,4,"At home, On the go, At the office","Coffee brewing machine (e.g. Mr. Coffee), French press","National chain (e.g. Starbucks, Dunkin)",Regular drip coffee,Medium,Full Bodied,Somewhat strong,Full caffeine,8.0,3.0,5.0,5.0,1.0,Coffee C,$20-$40,Male,Master's degree,Employed full-time
GrX79O,55-64 years old,4,At home,Coffee brewing machine (e.g. Mr. Coffee),,Regular drip coffee,Dark,Full Bodied,Somewhat strong,Full caffeine,5.0,2.0,3.0,4.0,1.0,Coffee C,,Male,Doctorate or professional degree,Employed full-time
DVAW05,18-24 years old,2,"At home, At the office",Coffee brewing machine (e.g. Mr. Coffee),,Americano,Medium,Bold,Somewhat strong,Full caffeine,2.0,,,,,,,,,
MAvG7g,25-34 years old,1,At home,"Pour over, Espresso",,Regular drip coffee,Light,Fruity,Somewhat strong,Full caffeine,9.0,4.0,3.0,2.0,5.0,Coffee D,<$20,Female,Some college or associate's degree,Employed part-time
QAv458,18-24 years old,1,"At a cafe, On the go",,"Local cafe, Specialty coffee shop",Espresso,Light,Juicy,Somewhat light,Full caffeine,5.0,3.0,3.0,4.0,3.0,Coffee C,$20-$40,Male,Some college or associate's degree,Employed full-time
KMvO2z,35-44 years old,2,"At home, At the office",Espresso,,Latte,Medium,Nutty,Somewhat light,Half caff,6.0,3.0,2.0,5.0,4.0,Coffee C,$20-$40,Male,Bachelor's degree,Employed full-time
8dAEWk,25-34 years old,2,"At the office, At home","Pour over, Espresso, Coffee extract (e.g. Cometeer)",,Pourover,Light,Fruity,Medium,Full caffeine,9.0,4.0,2.0,2.0,5.0,Coffee D,$40-$60,Male,Bachelor's degree,Employed full-time
VZvdYN,25-34 years old,1,"At home, On the go, At a cafe",Espresso,Local cafe,Americano,Medium,Fruity,Somewhat strong,Full caffeine,7.0,5.0,4.0,2.0,3.0,Coffee A,<$20,Male,Bachelor's degree,Employed full-time
BGADV5,25-34 years old,2,At home,"Pour over, Espresso, French press",,Pourover,Medium,Fruity,Medium,Full caffeine,7.0,1.0,3.0,1.0,4.0,Coffee D,$60-$80,Male,Bachelor's degree,Employed full-time
yljg5d,55-64 years old,4,At home,"Coffee brewing machine (e.g. Mr. Coffee), Pod/capsule machine (e.g. Keurig/Nespresso)",,Americano,Medium,Fruity,Somewhat strong,Full caffeine,5.0,2.0,2.0,2.0,2.0,Coffee A,$40-$60,Male,Bachelor's degree,Retired
pLR9Z1,35-44 years old,2,"At home, At a cafe","Pour over, French press",,Latte,Medium,Chocolatey,Somewhat strong,Full caffeine,6.0,4.0,2.0,2.0,3.0,Coffee A,$20-$40,Male,Doctorate or professional degree,Employed part-time
pLR1jb,25-34 years old,1,"At home, At a cafe",Pour over,,Pourover,Light,Fruity,Medium,Full caffeine,6.0,3.0,2.0,4.0,5.0,Coffee D,$40-$60,Male,Bachelor's degree,Employed full-time
g5YxdK,25-34 years old,2,"On the go, At the office, At home","Espresso, Coffee extract (e.g. Cometeer)",Specialty coffee shop,Cortado,Light,Caramalized,Somewhat strong,Full caffeine,4.0,4.0,3.0,5.0,4.0,Coffee C,$40-$60,Male,Bachelor's degree,Employed full-time
7d1ge9,25-34 years old,2,"At home, At the office",Espresso,,Cappuccino,Medium,Floral,Medium,Full caffeine,6.0,2.0,2.0,4.0,5.0,Coffee D,$20-$40,Male,Doctorate or professional degree,Employed full-time
oAKaVP,55-64 years old,4,At home,Coffee brewing machine (e.g. Mr. Coffee),,Regular drip coffee,Dark,Full Bodied,Somewhat strong,Full caffeine,4.0,3.0,2.0,4.0,4.0,Coffee D,<$20,Female,Some college or associate's degree,Employed part-time
ZdvLxe,25-34 years old,1,At home,Espresso,,Cappuccino,Medium,Fruity,Medium,Full caffeine,1.0,1.0,3.0,2.0,5.0,Coffee D,$20-$40,Prefer not to say,Bachelor's degree,Homemaker
lNK9jV,25-34 years old,1,At home,"Pour over, French press, Other",,Cortado,Medium,Full Bodied,Somewhat strong,Full caffeine,3.0,3.0,2.0,4.0,1.0,Coffee C,<$20,Male,Master's degree,Employed full-time
PAvLGe,25-34 years old,2,"At home, At the office","French press, Coffee brewing machine (e.g. Mr. Coffee)",,Espresso,Medium,Floral,Somewhat light,Full caffeine,4.0,2.0,3.0,4.0,3.0,Coffee C,,,,
Xe1dzY,35-44 years old,2,At home,"Pour over, French press, Espresso, Cold brew",,Pourover,Light,Fruity,Medium,Full caffeine,8.0,4.0,2.0,3.0,5.0,Coffee D,$60-$80,Male,Doctorate or professional degree,Unemployed
6dAGGe,35-44 years old,2,"At home, At a cafe","Pour over, French press, Coffee extract (e.g. Cometeer), Espresso",,Espresso,Medium,Full Bodied,Very strong,Half caff,10.0,,,,,,,,,
7d1YLZ,25-34 years old,1,At home,Pour over,,Espresso,Dark,Bold,Somewhat strong,Full caffeine,3.0,2.0,3.0,4.0,1.0,Coffee D,,,,
vNEaD0,25-34 years old,2,"At the office, At home",Cold brew,,Cold brew,Dark,Chocolatey,Very strong,Full caffeine,6.0,2.0,5.0,5.0,1.0,Coffee B,,,,
pLRNKb,25-34 years old,1,At the office,,,Espresso,Medium,Bold,Medium,Full caffeine,7.0,2.0,4.0,4.0,2.0,Coffee C,<$20,Male,Master's degree,Employed full-time
zK2AN0,25-34 years old,1,At home,Pour over,,Cold brew,Medium,Sweet,Somewhat strong,Full caffeine,3.0,5.0,2.0,2.0,3.0,Coffee A,$20-$40,Male,Doctorate or professional degree,Employed full-time
LdvjJ2,25-34 years old,2,"At home, At a cafe","Pour over, Cold brew, Other",,Pourover,Light,Floral,Medium,Full caffeine,9.0,4.0,1.0,3.0,5.0,Coffee D,>$100,Male,Bachelor's degree,Employed full-time
DVAoQj,25-34 years old,2,At home,Pour over,,Pourover,Light,Bright,Medium,Full caffeine,6.0,5.0,3.0,2.0,5.0,Coffee D,$40-$60,Male,Bachelor's degree,Employed full-time
xd4bKy,25-34 years old,2,At home,"Pour over, Coffee brewing machine (e.g. Mr. Coffee), Other, Instant coffee, Cold brew",,Regular drip coffee,Light,Fruity,Medium,Full caffeine,6.0,3.0,3.0,3.0,4.0,Coffee D,$20-$40,Male,Bachelor's degree,Employed full-time
blKRbo,35-44 years old,4,"At a cafe, At home, On the go, At the office",Espresso,Specialty coffee shop,Cortado,Blonde,Fruity,Somewhat strong,Full caffeine,8.0,3.0,1.0,2.0,5.0,Coffee D,$60-$80,Male,Bachelor's degree,Employed full-time
xd48r9,25-34 years old,2,"At home, At a cafe","Pour over, Espresso",,Espresso,Light,Juicy,Medium,Full caffeine,8.0,5.0,2.0,3.0,4.0,Coffee A,$40-$60,Male,Bachelor's degree,Employed full-time
9dp0bY,25-34 years old,1,"At home, At the office",Pour over,,Other,Medium,Chocolatey,Medium,Half caff,7.0,3.0,4.0,4.0,1.0,Coffee C,$20-$40,Male,Bachelor's degree,Employed full-time
Rzvqrp,25-34 years old,Less than 1,At a cafe,,,Latte,Medium,Chocolatey,Somewhat light,Half caff,3.0,3.0,5.0,3.0,1.0,Coffee B,<$20,Female,Bachelor's degree,Employed full-time
GrXOqp,25-34 years old,2,"At the office, At home, At a cafe","Pour over, Espresso, Coffee brewing machine (e.g. Mr. Coffee), Coffee extract (e.g. Cometeer), Cold brew, Other",,Cappuccino,Medium,Full Bodied,Very strong,Full caffeine,6.0,3.0,3.0,3.0,3.0,Coffee B,$20-$40,Female,Bachelor's degree,Employed full-time
0E1qKB,25-34 years old,1,At home,Pour over,,Pourover,Light,Fruity,Medium,Full caffeine,7.0,3.0,1.0,2.0,4.0,Coffee D,$20-$40,Male,Bachelor's degree,Employed full-time
GrXOXp,35-44 years old,2,,"Pour over, French press, Espresso",,Pourover,Nordic,Sweet,Medium,Full caffeine,7.0,3.0,3.0,1.0,4.0,Coffee D,,,,
7d1rKL,25-34 years old,1,"At home, At a cafe",Coffee brewing machine (e.g. Mr. Coffee),,Regular drip coffee,Medium,Chocolatey,Very strong,Full caffeine,5.0,3.0,2.0,1.0,5.0,Coffee A,$20-$40,Female,Bachelor's degree,Employed full-time
Zdvr9y,25-34 years old,1,At home,Pour over,,Pourover,Medium,Sweet,Medium,Full caffeine,5.0,3.0,4.0,4.0,3.0,Coffee C,$20-$40,Male,Some college or associate's degree,Employed full-time
vNE5Og,25-34 years old,2,"At home, At a cafe","Pour over, Espresso",,Cortado,Light,Floral,Very strong,Full caffeine,7.0,4.0,1.0,3.0,4.0,Coffee D,$40-$60,Male,Some college or associate's degree,Employed full-time
8dA45x,25-34 years old,Less than 1,At home,Coffee brewing machine (e.g. Mr. Coffee),,Mocha,Medium,Full Bodied,Medium,Full caffeine,1.0,3.0,1.0,1.0,2.0,Coffee A,<$20,Female,Bachelor's degree,Student
Xe1PKP,45-54 years old,2,At home,Other,,Pourover,Medium,Nutty,Somewhat strong,Full caffeine,4.0,4.0,2.0,3.0,4.0,Coffee A,$20-$40,Male,Some college or associate's degree,Employed full-time
g5Y6KP,25-34 years old,3,"At the office, At home","Pour over, Cold brew, Espresso",,Pourover,Light,Bright,Somewhat strong,Full caffeine,6.0,4.0,5.0,3.0,5.0,Coffee D,$80-$100,Male,Master's degree,Employed full-time
pLR20y,18-24 years old,1,At the office,,,Latte,Light,Juicy,Somewhat light,Decaf,4.0,2.0,4.0,3.0,2.0,Coffee B,$20-$40,Female,Bachelor's degree,Employed full-time
RzvqeQ,18-24 years old,1,"At a cafe, On the go, At home","Instant coffee, Coffee brewing machine (e.g. Mr. Coffee)","Local cafe, Specialty coffee shop, National chain (e.g. Starbucks, Dunkin)",Mocha,Medium,Chocolatey,Somewhat strong,Full caffeine,4.0,3.0,4.0,5.0,3.0,Coffee C,$40-$60,Male,Some college or associate's degree,Student
8dABok,45-54 years old,3,At home,Other,,Cappuccino,Medium,Chocolatey,Somewhat strong,Full caffeine,7.0,,,,,,,,,
8dAB1r,18-24 years old,1,At home,"Espresso, Pour over",,Cortado,Medium,Chocolatey,Medium,Full caffeine,6.0,4.0,2.0,3.0,5.0,Coffee D,$20-$40,Male,Bachelor's degree,Student
OAd2ZY,25-34 years old,1,At home,Pour over,,Pourover,Light,Juicy,Medium,Full caffeine,6.0,5.0,3.0,2.0,5.0,Coffee A,$20-$40,Male,Master's degree,Employed full-time
kYK2lj,25-34 years old,1,"At home, On the go, At a cafe",Pour over,"Specialty coffee shop, Local cafe, Deli or supermarket",Pourover,Medium,Chocolatey,Somewhat strong,Full caffeine,7.0,2.0,4.0,4.0,3.0,Coffee B,$20-$40,Non-binary,Bachelor's degree,Employed part-time
RzvADQ,35-44 years old,2,"At home, On the go, At the office, At a cafe",Coffee brewing machine (e.g. Mr. Coffee),"Specialty coffee shop, Local cafe",Pourover,Medium,Fruity,Medium,Full caffeine,7.0,4.0,3.0,1.0,5.0,Coffee D,$60-$80,Male,Master's degree,Employed full-time
9dp82p,25-34 years old,2,"At the office, At home","Pour over, Espresso",,Cappuccino,Medium,Chocolatey,Somewhat strong,Full caffeine,5.0,2.0,4.0,5.0,1.0,Coffee C,$60-$80,Male,Bachelor's degree,Employed full-time
NAMaMQ,55-64 years old,Less than 1,,,,Iced coffee,Light,Floral,Medium,Half caff,1.0,2.0,3.0,4.0,2.0,Coffee C,,,,
pLRElV,25-34 years old,Less than 1,At home,"Espresso, Pod/capsule machine (e.g. Keurig/Nespresso)",,Cappuccino,Medium,Chocolatey,Medium,Full caffeine,4.0,1.0,3.0,4.0,4.0,Coffee C,$20-$40,Male,Bachelor's degree,Employed full-time
241pJj,25-34 years old,2,At home,Pour over,,Pourover,Light,Juicy,Medium,Full caffeine,8.0,5.0,2.0,3.0,4.0,Coffee A,$60-$80,Male,Bachelor's degree,Employed full-time
jB5KdJ,25-34 years old,2,At home,Pour over,,Pourover,Medium,Fruity,Medium,Full caffeine,6.0,3.0,2.0,3.0,4.0,Coffee D,$60-$80,Male,Bachelor's degree,Employed full-time
eBKxvq,25-34 years old,2,"At home, At a cafe","Espresso, Cold brew",,Cappuccino,Medium,Chocolatey,Somewhat strong,Full caffeine,5.0,4.0,4.0,4.0,3.0,Coffee C,$40-$60,Male,Master's degree,Employed full-time
dYKPVN,55-64 years old,3,"At home, At the office","Pour over, Pod/capsule machine (e.g. Keurig/Nespresso)",,Pourover,Light,Fruity,Medium,Full caffeine,6.0,4.0,3.0,4.0,5.0,Coffee D,$60-$80,Male,Doctorate or professional degree,Employed full-time
GrYYvz,45-54 years old,1,At home,"Pour over, French press, Cold brew",,Regular drip coffee,Medium,Chocolatey,Medium,Full caffeine,4.0,3.0,5.0,4.0,4.0,Coffee B,$80-$100,Female,Doctorate or professional degree,Employed full-time
jB5Ne4,25-34 years old,2,"At home, On the go",Pour over,"Specialty coffee shop, Deli or supermarket",Latte,Medium,Fruity,Medium,Full caffeine,7.0,4.0,3.0,3.0,5.0,Coffee D,$40-$60,Male,Master's degree,Employed full-time
5d8Rbo,25-34 years old,2,At home,Pour over,,Pourover,Medium,Bright,Somewhat strong,Full caffeine,5.0,5.0,4.0,4.0,3.0,Coffee A,$40-$60,Female,Master's degree,Employed full-time
7d1GbZ,25-34 years old,2,At home,Pour over,,Pourover,Medium,Chocolatey,Medium,Half caff,6.0,2.0,3.0,4.0,5.0,Coffee C,$40-$60,,,
OAdOL8,25-34 years old,1,At home,"Espresso, Pour over",,Cappuccino,Light,Floral,Somewhat strong,Full caffeine,9.0,3.0,1.0,3.0,4.0,Coffee D,$20-$40,Male,Doctorate or professional degree,Employed full-time
blK0G0,35-44 years old,4,"At home, On the go",French press,"National chain (e.g. Starbucks, Dunkin), Specialty coffee shop",Regular drip coffee,Medium,Full Bodied,Very strong,Full caffeine,6.0,3.0,1.0,2.0,4.0,Coffee B,$80-$100,,,
xd4kxy,25-34 years old,3,"At home, At the office, At a cafe",Pour over,,Regular drip coffee,Light,Bright,Somewhat strong,Full caffeine,4.0,5.0,2.0,2.0,5.0,Coffee A,$20-$40,Male,Doctorate or professional degree,Student
g5YRyl,25-34 years old,2,At home,"Pour over, Espresso",,Pourover,Light,Juicy,Medium,Full caffeine,7.0,4.0,3.0,3.0,5.0,Coffee D,$20-$40,Male,Doctorate or professional degree,Employed full-time
Xe1KVj,25-34 years old,2,At home,"Pour over, Espresso",,Regular drip coffee,Light,Bright,Medium,Full caffeine,6.0,3.0,3.0,2.0,4.0,Coffee D,$20-$40,Female,Doctorate or professional degree,Employed full-time
VZvREv,18-24 years old,2,"At the office, At home, At a cafe","French press, Coffee brewing machine (e.g. Mr. Coffee), Espresso",,Espresso,Light,Fruity,Very strong,Full caffeine,3.0,4.0,3.0,4.0,5.0,Coffee D,$20-$40,Male,Bachelor's degree,Employed full-time
zK2p0M,25-34 years old,1,At home,"Cold brew, Espresso, Other",,Latte,Light,Fruity,Somewhat light,Full caffeine,8.0,3.0,2.0,2.0,4.0,Coffee D,$60-$80,Male,Bachelor's degree,Employed full-time
J2XaDr,25-34 years old,2,"At home, At a cafe","Pour over, Espresso",,Pourover,Light,Fruity,Somewhat strong,Full caffeine,7.0,4.0,2.0,1.0,5.0,Coffee C,$80-$100,Male,Bachelor's degree,Employed full-time
pLRj4B,55-64 years old,3,"At the office, At home, At a cafe",Other,,Pourover,Blonde,Chocolatey,Somewhat strong,Full caffeine,7.0,4.0,5.0,2.0,2.0,Coffee B,$20-$40,Male,Doctorate or professional degree,Employed full-time
yljKbW,35-44 years old,2,At home,"Espresso, Pour over",,Cortado,Medium,Chocolatey,Somewhat strong,Full caffeine,7.0,,,,,,,,,
VZvRWl,25-34 years old,1,At home,"Espresso, Other",,Latte,Medium,Bright,Medium,Full caffeine,5.0,3.0,3.0,4.0,3.0,Coffee C,$60-$80,Female,Bachelor's degree,Employed part-time
blY5eZ,25-34 years old,2,"At home, At the office","Pour over, Coffee brewing machine (e.g. Mr. Coffee)",,Pourover,Medium,Bright,Somewhat strong,Full caffeine,7.0,4.0,2.0,1.0,4.0,Coffee A,$40-$60,Male,Bachelor's degree,Employed full-time
Al47oW,25-34 years old,1,"At the office, At home","French press, Pour over",,Iced coffee,,Chocolatey,,,,,,,,,,,,
lNYaNN,25-34 years old,3,At home,"Espresso, Cold brew, Pour over, French press",,Espresso,Medium,Caramalized,Somewhat strong,Full caffeine,8.0,3.0,2.0,5.0,4.0,Coffee C,$40-$60,Male,Bachelor's degree,Employed full-time
WAKOvP,18-24 years old,Less than 1,"At home, At a cafe","Espresso, Pour over",,Latte,Light,Floral,Medium,Full caffeine,7.0,5.0,1.0,1.0,3.0,Coffee A,<$20,Female,Some college or associate's degree,Student
8d6Nxl,25-34 years old,2,At home,"Pour over, French press, Pod/capsule machine (e.g. Keurig/Nespresso), Other",,Iced coffee,Medium,Full Bodied,Somewhat strong,Full caffeine,8.0,5.0,4.0,2.0,4.0,Coffee A,$40-$60,Female,Bachelor's degree,Employed full-time
jBJeBJ,25-34 years old,1,At home,"Espresso, Instant coffee",,Cappuccino,Dark,Chocolatey,Medium,Half caff,1.0,3.0,1.0,4.0,2.0,Coffee C,,,,
QAz1z7,25-34 years old,1,"At home, At the office",Espresso,,Latte,Medium,Chocolatey,Medium,Full caffeine,4.0,3.0,2.0,3.0,4.0,Coffee C,$20-$40,Male,Bachelor's degree,Employed full-time
lNYBPN,>65 years old,2,At home,Coffee brewing machine (e.g. Mr. Coffee),,Regular drip coffee,Medium,Full Bodied,Somewhat strong,Full caffeine,7.0,2.0,5.0,4.0,2.0,Coffee B,,,,
PAbpo1,25-34 years old,1,At home,Pour over,,Cappuccino,Light,Floral,Somewhat strong,Full caffeine,6.0,2.0,5.0,3.0,4.0,Coffee B,$20-$40,Male,Master's degree,Employed full-time
1rNdW1,35-44 years old,2,At home,,,Cappuccino,,Caramalized,Somewhat strong,Full caffeine,,,,,,,,,,
oA5EQ1,25-34 years old,1,"At home, On the go, At the office","Pour over, Cold brew",Local cafe,Regular drip coffee,Dark,Full Bodied,Medium,Full caffeine,7.0,4.0,3.0,5.0,2.0,Coffee C,$20-$40,Male,High school graduate,Employed full-time
KMW55V,25-34 years old,2,"At home, At the office",Pour over,,Pourover,Light,Juicy,Medium,Full caffeine,10.0,4.0,1.0,3.0,5.0,Coffee D,$20-$40,Male,Bachelor's degree,Employed full-time
Zd1Eao,25-34 years old,1,"At the office, At home, On the go","Pour over, Cold brew",Local cafe,Mocha,Medium,Chocolatey,Medium,Full caffeine,3.0,4.0,4.0,4.0,3.0,Coffee A,$20-$40,Female,Bachelor's degree,Employed full-time
VZbQlv,>65 years old,4,On the go,,"National chain (e.g. Starbucks, Dunkin)",Pourover,Medium,Nutty,Medium,Full caffeine,7.0,4.0,4.0,4.0,4.0,Coffee B,$80-$100,Male,Doctorate or professional degree,Retired
rlJOM2,25-34 years old,1,At home,Pour over,,Pourover,Light,Fruity,Very strong,Full caffeine,6.0,5.0,3.0,2.0,5.0,Coffee A,$20-$40,Male,Bachelor's degree,Employed full-time
8d6ZNA,25-34 years old,,,,,,,,,,,,,,,,,,,
NAbX0l,25-34 years old,1,At home,Espresso,,Cortado,Medium,Caramalized,Somewhat strong,Full caffeine,7.0,3.0,2.0,2.0,4.0,Coffee D,$40-$60,Male,Bachelor's degree,Employed full-time
DVxplq,25-34 years old,1,"At home, At the office","Pour over, Other",,Pourover,Nordic,Floral,Medium,Full caffeine,7.0,4.0,5.0,3.0,2.0,Coffee D,$20-$40,Male,Bachelor's degree,Employed full-time
Xe84rd,25-34 years old,2,At home,Coffee brewing machine (e.g. Mr. Coffee),,Regular drip coffee,Dark,Bold,Somewhat strong,Full caffeine,3.0,4.0,5.0,2.0,2.0,Coffee B,,,,
blYW2Z,25-34 years old,1,"At home, At the office","Pour over, Other",,Pourover,Nordic,Floral,Medium,Full caffeine,7.0,4.0,2.0,2.0,5.0,Coffee C,$20-$40,Male,Bachelor's degree,Employed full-time
NAb78l,25-34 years old,2,"At the office, On the go",,Other,Latte,Medium,Chocolatey,Somewhat strong,Full caffeine,4.0,1.0,4.0,5.0,1.0,Coffee C,,,,
oA5285,25-34 years old,2,"At home, At the office",Coffee brewing machine (e.g. Mr. Coffee),,Cappuccino,Medium,Chocolatey,Medium,Full caffeine,4.0,2.0,3.0,2.0,2.0,Coffee C,,,,
eB0aEx,35-44 years old,Less than 1,At the office,,,Cappuccino,Blonde,Sweet,Very strong,Full caffeine,3.0,5.0,4.0,3.0,1.0,Coffee A,<$20,Male,Some college or associate's degree,Employed full-time
vNJP54,35-44 years old,2,"At the office, At a cafe, At home, On the go","Pour over, Espresso, Pod/capsule machine (e.g. Keurig/Nespresso), French press, Other","Local cafe, National chain (e.g. Starbucks, Dunkin), Specialty coffee shop",Cortado,Medium,Full Bodied,Somewhat strong,Full caffeine,7.0,3.0,3.0,4.0,1.0,Coffee C,$20-$40,Male,Doctorate or professional degree,Employed full-time
RzbPjj,45-54 years old,2,"At home, At a cafe","Espresso, Bean-to-cup machine",,Americano,Italian,Full Bodied,Medium,Full caffeine,5.0,3.0,4.0,3.0,1.0,Coffee B,$60-$80,Female,Bachelor's degree,Homemaker
oA5GOM,35-44 years old,1,"At home, On the go","Pod/capsule machine (e.g. Keurig/Nespresso), Cold brew","National chain (e.g. Starbucks, Dunkin)",Cold brew,Dark,Sweet,Medium,Full caffeine,3.0,3.0,2.0,1.0,2.0,Coffee A,$20-$40,Female,Master's degree,Employed full-time
Al4vRB,45-54 years old,3,"At the office, On the go, At a cafe",,"Specialty coffee shop, National chain (e.g. Starbucks, Dunkin), Local cafe",Americano,Italian,Full Bodied,Somewhat strong,Full caffeine,6.0,3.0,4.0,3.0,1.0,Coffee B,$80-$100,Male,Master's degree,Employed full-time
9dRQYG,25-34 years old,2,"At home, At the office","Pour over, Espresso",,Regular drip coffee,Light,Fruity,Somewhat strong,Full caffeine,6.0,4.0,2.0,3.0,5.0,Coffee D,$40-$60,Male,Master's degree,Employed full-time
24lNeL,35-44 years old,1,"On the go, At a cafe, At home, At the office","Pour over, Other","Specialty coffee shop, Local cafe",Other,Light,Nutty,Somewhat strong,Full caffeine,7.0,2.0,5.0,4.0,4.0,Coffee B,$40-$60,Male,Some college or associate's degree,Employed full-time
9dRDjY,45-54 years old,1,At the office,,,Pourover,Light,Juicy,Medium,Full caffeine,8.0,3.0,2.0,4.0,5.0,Coffee D,$20-$40,Male,Doctorate or professional degree,Employed full-time
NAb6Pb,25-34 years old,3,"At a cafe, At home, At the office","Pour over, French press, Espresso, Coffee extract (e.g. Cometeer), Cold brew",,Americano,Light,Nutty,Somewhat strong,Full caffeine,6.0,4.0,4.0,4.0,4.0,Coffee D,$60-$80,Male,Bachelor's degree,Employed full-time
dY86Dq,55-64 years old,2,At home,"French press, Espresso, Pour over",,Cappuccino,Medium,Full Bodied,Medium,Full caffeine,5.0,2.0,4.0,3.0,1.0,Coffee B,$20-$40,Male,Bachelor's degree,Employed full-time
vNJA6l,25-34 years old,3,"At home, At the office","Pour over, Espresso",,Americano,Light,Fruity,Somewhat strong,Full caffeine,6.0,4.0,3.0,2.0,5.0,Coffee D,$60-$80,Male,Bachelor's degree,Employed full-time
OAbzv7,25-34 years old,1,"At a cafe, On the go, At home, At the office","Pour over, Espresso, Cold brew",Specialty coffee shop,Latte,Light,Caramalized,Somewhat strong,Full caffeine,8.0,5.0,1.0,3.0,4.0,Coffee D,$40-$60,Prefer not to say,,
eB0BZq,25-34 years old,2,"At home, At the office, At a cafe","Pour over, Coffee brewing machine (e.g. Mr. Coffee)",,Pourover,Medium,Chocolatey,Very strong,Full caffeine,7.0,4.0,3.0,2.0,4.0,Coffee C,$20-$40,Male,Doctorate or professional degree,Student
BGjXPN,25-34 years old,Less than 1,At a cafe,,,Latte,Blonde,Sweet,Somewhat light,,1.0,3.0,2.0,2.0,2.0,Coffee A,<$20,Female,Bachelor's degree,Employed full-time
9dRdbV,25-34 years old,3,At home,Coffee brewing machine (e.g. Mr. Coffee),,Regular drip coffee,Medium,Chocolatey,Somewhat strong,Full caffeine,6.0,1.0,4.0,5.0,3.0,Coffee B,$40-$60,Female,Less than high school,Employed full-time
DVx1aR,35-44 years old,1,At home,Other,,Pourover,Light,Nutty,Somewhat strong,Full caffeine,6.0,3.0,3.0,4.0,2.0,Coffee C,$20-$40,Male,Bachelor's degree,Employed full-time
J2eDgY,35-44 years old,Less than 1,At home,Pour over,,Other,Light,Fruity,Somewhat strong,Full caffeine,5.0,3.0,3.0,4.0,5.0,Coffee D,<$20,Male,Bachelor's degree,Employed full-time
GrqJeo,,,At home,,,,,,,,,,,,,,,,,
Xe8YXY,25-34 years old,1,"On the go, At the office",,Specialty coffee shop,Pourover,Medium,Bright,Very strong,Full caffeine,8.0,2.0,3.0,4.0,5.0,Coffee D,$60-$80,Male,Master's degree,Employed full-time
VZbMby,25-34 years old,2,"At home, At a cafe",Pour over,,Pourover,Light,Floral,Medium,Full caffeine,3.0,4.0,3.0,2.0,4.0,Coffee A,$60-$80,Male,Bachelor's degree,Employed part-time
RzbJ9v,25-34 years old,1,At home,"Espresso, Pour over",,Cortado,Medium,Caramalized,Medium,Full caffeine,6.0,5.0,4.0,3.0,1.0,Coffee A,$20-$40,Male,Bachelor's degree,Employed full-time
VZb1Wv,35-44 years old,1,"At home, At a cafe",French press,,Cappuccino,Light,Caramalized,Somewhat strong,Full caffeine,3.0,4.0,4.0,3.0,4.0,Coffee B,$60-$80,Female,Master's degree,Employed full-time
qbJoAk,,,,,,,Medium,Fruity,Somewhat strong,Full caffeine,,,,,,,,,,
xdR4ro,18-24 years old,1,At home,Pour over,,Espresso,Light,Fruity,Medium,Half caff,6.0,2.0,5.0,1.0,1.0,Coffee B,$20-$40,Male,Some college or associate's degree,Employed full-time
PAbvbe,25-34 years old,1,At home,Espresso,,Latte,Light,Fruity,Somewhat strong,Full caffeine,5.0,4.0,3.0,1.0,5.0,Coffee D,$20-$40,Female,High school graduate,Employed full-time
rlJGpv,25-34 years old,1,"At home, On the go, At a cafe",Espresso,Specialty coffee shop,Latte,Light,Nutty,Somewhat strong,Full caffeine,6.0,3.0,2.0,4.0,5.0,Coffee D,$20-$40,Male,High school graduate,Employed part-time
VZbv6N,35-44 years old,Less than 1,"At home, At a cafe","Pod/capsule machine (e.g. Keurig/Nespresso), French press",,Latte,Light,Caramalized,Somewhat strong,Half caff,2.0,2.0,3.0,4.0,1.0,Coffee D,<$20,Female,,
24l1RL,55-64 years old,1,At home,"Espresso, Pour over",,Cappuccino,Light,Nutty,Somewhat strong,Full caffeine,5.0,2.0,5.0,5.0,2.0,Coffee C,$20-$40,Female,Bachelor's degree,Employed full-time
OAbV78,35-44 years old,3,At home,"Espresso, Coffee brewing machine (e.g. Mr. Coffee)",,Cappuccino,Medium,Full Bodied,Somewhat strong,Full caffeine,5.0,4.0,4.0,4.0,1.0,Coffee B,$80-$100,Female,Bachelor's degree,Employed full-time
xdRgQy,18-24 years old,1,"At a cafe, At home","Pour over, French press, Espresso, Coffee brewing machine (e.g. Mr. Coffee), Other",,Cappuccino,Light,Nutty,,Full caffeine,6.0,,,,,,,,,
5de0vv,25-34 years old,1,"On the go, At home, At a cafe","Coffee extract (e.g. Cometeer), Cold brew","National chain (e.g. Starbucks, Dunkin), Local cafe",Cappuccino,,Sweet,Medium,Half caff,1.0,,,,,,,,,
g5JybJ,25-34 years old,1,At home,Pour over,,Cappuccino,Medium,Caramalized,Medium,Full caffeine,5.0,4.0,4.0,3.0,2.0,Coffee B,$20-$40,Male,Bachelor's degree,Employed full-time
42p4kd,45-54 years old,4,"At home, At the office","Pour over, Coffee brewing machine (e.g. Mr. Coffee)",,Regular drip coffee,Medium,Sweet,Somewhat strong,Full caffeine,6.0,5.0,1.0,3.0,2.0,Coffee A,$20-$40,Male,Some college or associate's degree,Employed full-time
42paed,25-34 years old,2,At home,"Pour over, Cold brew",,Cortado,Light,Fruity,Somewhat strong,Full caffeine,4.0,4.0,1.0,2.0,5.0,Coffee D,<$20,Male,Some college or associate's degree,Student
eB0ezx,25-34 years old,2,"At home, At the office, On the go","Cold brew, Other","Local cafe, National chain (e.g. Starbucks, Dunkin)",Iced coffee,Light,Chocolatey,Medium,Full caffeine,7.0,1.0,3.0,4.0,3.0,Coffee C,$40-$60,Female,Bachelor's degree,Employed full-time
Ld69rj,25-34 years old,1,"At the office, At home","Cold brew, Other",,Iced coffee,Light,Caramalized,Somewhat strong,Full caffeine,8.0,4.0,2.0,3.0,4.0,Coffee A,$40-$60,Male,Master's degree,Employed full-time
aBaYav,25-34 years old,1,"At home, At the office",Coffee brewing machine (e.g. Mr. Coffee),,Cold brew,Light,Caramalized,Medium,Full caffeine,6.0,4.0,5.0,2.0,3.0,Coffee B,$20-$40,Male,,
DVZNMN,25-34 years old,1,At home,"Other, French press",,Espresso,Medium,Bold,Very strong,Full caffeine,5.0,2.0,3.0,5.0,4.0,Coffee C,<$20,Male,Some college or associate's degree,Employed full-time
eBYArx,25-34 years old,2,At home,"Pour over, Espresso",,Pourover,Light,Juicy,Very strong,Full caffeine,4.0,5.0,3.0,4.0,3.0,Coffee A,$20-$40,Male,Bachelor's degree,Employed full-time
AljJve,35-44 years old,2,"At home, At a cafe, At the office","Espresso, Pod/capsule machine (e.g. Keurig/Nespresso)",,Latte,Light,Caramalized,Medium,Full caffeine,6.0,5.0,1.0,3.0,4.0,Coffee A,>$100,Male,Master's degree,Employed full-time
J2WRlr,35-44 years old,More than 4,"At the office, At home, At a cafe, On the go","Espresso, Pour over, French press",Local cafe,Latte,Italian,Fruity,Somewhat strong,Full caffeine,9.0,2.0,3.0,5.0,4.0,Coffee C,$40-$60,Male,Master's degree,Student
7dpxRz,55-64 years old,3,At home,"Coffee brewing machine (e.g. Mr. Coffee), Pod/capsule machine (e.g. Keurig/Nespresso)",,Latte,Dark,Bold,Very strong,Full caffeine,8.0,3.0,2.0,3.0,3.0,Coffee C,$40-$60,Female,Bachelor's degree,Employed full-time
PAGExV,18-24 years old,1,At home,Pour over,,Regular drip coffee,Light,Bright,Medium,Full caffeine,4.0,4.0,1.0,2.0,5.0,Coffee D,$20-$40,Male,Some college or associate's degree,Employed part-time
PAG05P,18-24 years old,Less than 1,"At the office, At home","Instant coffee, Coffee brewing machine (e.g. Mr. Coffee)",,Blended drink (e.g. Frappuccino),Dark,Sweet,Weak,Half caff,8.0,1.0,4.0,3.0,1.0,Coffee B,<$20,Male,Master's degree,Student
8dRe5Y,35-44 years old,1,At home,Pour over,,Pourover,Medium,Bright,Somewhat strong,Full caffeine,6.0,4.0,3.0,3.0,2.0,Coffee A,>$100,Male,Bachelor's degree,Employed full-time
RzVLkd,25-34 years old,2,"At home, At a cafe, On the go","Pour over, Other","Specialty coffee shop, Local cafe",Pourover,Light,Floral,Very strong,Full caffeine,8.0,5.0,4.0,2.0,3.0,Coffee A,$40-$60,Female,Some college or associate's degree,Employed full-time
Xe2EGV,35-44 years old,2,"On the go, At a cafe, At home","Pour over, Coffee extract (e.g. Cometeer), Coffee brewing machine (e.g. Mr. Coffee)","Specialty coffee shop, Local cafe",Pourover,Medium,Caramalized,Somewhat strong,Full caffeine,7.0,5.0,5.0,4.0,1.0,Coffee A,>$100,Female,Bachelor's degree,Employed full-time
42pjyB,25-34 years old,4,"At home, On the go, At the office","Pour over, Coffee brewing machine (e.g. Mr. Coffee), Cold brew","National chain (e.g. Starbucks, Dunkin), Drive-thru",Latte,Light,Bright,Somewhat strong,Full caffeine,5.0,1.0,2.0,2.0,1.0,Coffee C,$40-$60,Male,Bachelor's degree,Employed full-time
1rpMZg,25-34 years old,1,At the office,,,Regular drip coffee,Light,Fruity,Medium,Full caffeine,3.0,,,,,,,,,
GrQL1z,>65 years old,2,At home,"Pour over, French press, Other",,Pourover,Nordic,Sweet,Medium,Full caffeine,9.0,5.0,5.0,3.0,4.0,Coffee A,$60-$80,Male,Doctorate or professional degree,Employed part-time
qbkKrG,25-34 years old,2,"At home, At a cafe",Espresso,,Espresso,Dark,Bright,Somewhat strong,Full caffeine,6.0,4.0,3.0,2.0,5.0,Coffee D,$60-$80,Male,Doctorate or professional degree,Employed full-time
rlkdNv,35-44 years old,1,"At home, At a cafe","French press, Pour over",,Latte,Dark,Nutty,Somewhat strong,Full caffeine,5.0,2.0,4.0,3.0,2.0,Coffee B,$20-$40,Male,Bachelor's degree,Employed full-time
OAoB5M,25-34 years old,Less than 1,"At home, At a cafe","Other, Coffee brewing machine (e.g. Mr. Coffee)",,Latte,Blonde,Caramalized,,Full caffeine,4.0,1.0,4.0,5.0,2.0,Coffee C,,,,
bl62ee,45-54 years old,1,"At home, At a cafe",Bean-to-cup machine,,Mocha,Medium,Full Bodied,Very strong,Half caff,6.0,4.0,5.0,2.0,3.0,Coffee C,$40-$60,,,
GrQYrj,35-44 years old,2,"At home, At the office",Espresso,,Latte,Medium,Bright,Somewhat strong,Full caffeine,7.0,5.0,2.0,4.0,4.0,Coffee A,$40-$60,,Master's degree,
bl6Nr2,55-64 years old,1,"At home, On the go",Espresso,Specialty coffee shop,Cappuccino,Medium,Chocolatey,Somewhat strong,Full caffeine,8.0,2.0,3.0,4.0,2.0,Coffee C,$20-$40,,,
YZxV75,55-64 years old,1,"At home, At a cafe",Espresso,,Cappuccino,Medium,Bold,Somewhat strong,Full caffeine,7.0,4.0,2.0,3.0,4.0,Coffee D,,,,
8dRAxz,25-34 years old,1,"On the go, At home","Pour over, Cold brew",Specialty coffee shop,Americano,Light,Fruity,Medium,Full caffeine,6.0,3.0,2.0,1.0,4.0,Coffee D,$40-$60,Female,Master's degree,Student
BG2jrR,35-44 years old,,At home,"French press, Coffee brewing machine (e.g. Mr. Coffee), Pour over",,Pourover,Dark,Full Bodied,Somewhat strong,Full caffeine,8.0,,,,,,,,,
BG2j71,25-34 years old,,"At home, At the office","Pour over, French press",,Pourover,Medium,Bold,Very strong,,6.0,4.0,,2.0,5.0,,,,,
lNMvqk,25-34 years old,Less than 1,None of these,,,Blended drink (e.g. Frappuccino),Light,Sweet,Weak,Full caffeine,1.0,3.0,1.0,2.0,4.0,Coffee D,<$20,Male,Some college or associate's degree,Employed part-time
5dpOVM,35-44 years old,2,At home,Espresso,,Espresso,Medium,Full Bodied,Medium,Full caffeine,4.0,4.0,5.0,2.0,1.0,Coffee B,,,,
jBkEvR,35-44 years old,1,"At home, At a cafe","Other, French press, Cold brew",,Other,Light,Fruity,Somewhat strong,Full caffeine,6.0,3.0,3.0,5.0,4.0,Coffee C,$40-$60,,,
ZdZWkv,18-24 years old,1,"At the office, At home","Pour over, French press",,Americano,Light,Juicy,Somewhat strong,Full caffeine,5.0,4.0,2.0,3.0,5.0,Coffee D,$20-$40,Male,Bachelor's degree,Employed full-time
dYkpxA,35-44 years old,3,At home,"Espresso, Pour over",,Americano,Medium,Bright,Medium,Full caffeine,5.0,4.0,3.0,2.0,4.0,Coffee D,$40-$60,Male,Some college or associate's degree,Employed full-time
0EDlP0,35-44 years old,1,At home,Espresso,,Cortado,Medium,Chocolatey,Medium,Full caffeine,5.0,2.0,3.0,3.0,5.0,Coffee D,$20-$40,Male,Doctorate or professional degree,Employed full-time
42pdPB,25-34 years old,1,"At the office, At home",Other,,Pourover,Medium,Full Bodied,Somewhat strong,Full caffeine,3.0,5.0,3.0,3.0,3.0,Coffee A,$20-$40,Male,Bachelor's degree,Student
zK1oKM,25-34 years old,2,"At the office, At home",Other,,Regular drip coffee,Medium,Full Bodied,Medium,Full caffeine,4.0,4.0,4.0,3.0,4.0,Coffee D,$20-$40,Male,,Employed full-time
24Dylp,18-24 years old,1,"At home, At a cafe",Pour over,,Cappuccino,Medium,Nutty,Medium,Full caffeine,7.0,5.0,2.0,4.0,4.0,Coffee A,<$20,Non-binary,High school graduate,Employed full-time
QAOaNl,25-34 years old,2,At home,"Pour over, Cold brew, Other",,Pourover,Light,Bright,Very strong,Full caffeine,8.0,5.0,2.0,3.0,5.0,Coffee A,$40-$60,Male,Bachelor's degree,Employed full-time
KMaZGk,45-54 years old,More than 4,At home,"Pour over, Coffee brewing machine (e.g. Mr. Coffee), Instant coffee, Cold brew",,Americano,Medium,Chocolatey,Somewhat strong,Full caffeine,7.0,3.0,4.0,5.0,2.0,Coffee C,$20-$40,Male,High school graduate,Employed full-time
24DYOb,25-34 years old,2,At home,Espresso,,Cortado,Light,Chocolatey,Somewhat strong,Full caffeine,7.0,3.0,5.0,4.0,1.0,Coffee B,$20-$40,Male,Some college or associate's degree,Employed full-time
24DYpV,>65 years old,3,,Coffee brewing machine (e.g. Mr. Coffee),,Regular drip coffee,Medium,Full Bodied,Somewhat strong,Half caff,3.0,4.0,2.0,3.0,1.0,Coffee D,,,,
KMa2YK,35-44 years old,2,"At the office, At home","Pour over, Espresso",,Pourover,Light,Fruity,Medium,Full caffeine,9.0,4.0,3.0,2.0,4.0,Coffee A,$20-$40,Male,Master's degree,Employed full-time
dYkJoN,25-34 years old,3,At home,"Pour over, Espresso",,Espresso,Light,Bright,Medium,Full caffeine,6.0,5.0,1.0,2.0,4.0,Coffee A,$60-$80,Male,Doctorate or professional degree,Student
Ld6L9j,35-44 years old,2,"At the office, At a cafe, On the go, At home","Pour over, Espresso, Coffee extract (e.g. Cometeer), Cold brew","National chain (e.g. Starbucks, Dunkin), Specialty coffee shop",Espresso,Medium,Fruity,Somewhat strong,Full caffeine,7.0,4.0,3.0,4.0,2.0,Coffee C,,,,
blYxP2,35-44 years old,2,"At home, On the go",Pour over,Specialty coffee shop,Pourover,Light,Fruity,Somewhat strong,Full caffeine,7.0,4.0,2.0,1.0,5.0,Coffee D,$40-$60,Male,Some college or associate's degree,Employed full-time
KMaj18,25-34 years old,3,"At home, At a cafe",Espresso,,Latte,Medium,Chocolatey,Somewhat strong,Full caffeine,6.0,3.0,5.0,3.0,4.0,Coffee B,,,,
24DOYj,25-34 years old,2,"At home, At a cafe, At the office","Espresso, Coffee brewing machine (e.g. Mr. Coffee), Pod/capsule machine (e.g. Keurig/Nespresso), Pour over",,Espresso,Light,Juicy,Medium,Full caffeine,6.0,4.0,3.0,4.0,4.0,Coffee C,$20-$40,Male,Bachelor's degree,Employed full-time
dYkydo,25-34 years old,1,"At home, At the office, On the go, At a cafe","Pour over, Coffee extract (e.g. Cometeer)",Specialty coffee shop,Pourover,Light,Fruity,Somewhat strong,Full caffeine,7.0,1.0,3.0,3.0,5.0,Coffee D,$40-$60,Female,Bachelor's degree,Employed full-time
Ld68Ay,>65 years old,,At home,"Pod/capsule machine (e.g. Keurig/Nespresso), French press, Espresso, Cold brew",,Regular drip coffee,Dark,Bold,Very strong,Full caffeine,6.0,,,,,,,,,
RzVOOv,35-44 years old,2,"At a cafe, At home",Pour over,,Regular drip coffee,Light,Fruity,Medium,Full caffeine,7.0,4.0,2.0,4.0,3.0,Coffee C,$20-$40,Male,Some college or associate's degree,Unemployed
yldOGB,25-34 years old,3,"At home, At the office, At a cafe","French press, Pour over",,Pourover,Medium,Caramalized,Somewhat strong,Full caffeine,7.0,2.0,4.0,5.0,1.0,Coffee C,$80-$100,Male,Doctorate or professional degree,Employed full-time
oAkX95,35-44 years old,More than 4,At home,"Pour over, Espresso, Cold brew",,Pourover,Light,Nutty,Somewhat strong,Full caffeine,3.0,2.0,5.0,3.0,5.0,Coffee B,$40-$60,Female,Some college or associate's degree,Employed full-time
Ld6lQ2,35-44 years old,More than 4,"At home, On the go, At the office, At a cafe","Pour over, Espresso, Bean-to-cup machine, Cold brew","Specialty coffee shop, Local cafe, National chain (e.g. Starbucks, Dunkin)",Pourover,Light,Fruity,Somewhat strong,Full caffeine,10.0,4.0,1.0,2.0,5.0,Coffee D,$20-$40,,,
oAkXAP,18-24 years old,2,"At home, At the office","Pour over, Pod/capsule machine (e.g. Keurig/Nespresso)",,Cortado,Medium,Bold,Somewhat strong,,,2.0,4.0,,,,,,,
aBa8l9,45-54 years old,1,"At home, At a cafe",Pour over,,Latte,Medium,Full Bodied,Somewhat light,Full caffeine,4.0,3.0,5.0,4.0,3.0,Coffee B,$20-$40,Female,Some college or associate's degree,Homemaker
qbkxdk,35-44 years old,2,"At the office, At home","Pour over, French press, Espresso, Cold brew",,Pourover,Light,Full Bodied,Somewhat strong,Full caffeine,5.0,3.0,2.0,3.0,4.0,Coffee D,<$20,Male,Doctorate or professional degree,Employed full-time
lNMoMv,35-44 years old,2,"At home, At the office",Pour over,,Regular drip coffee,Light,Fruity,,Full caffeine,7.0,3.0,2.0,1.0,4.0,Coffee D,$40-$60,Male,Bachelor's degree,Employed full-time
J2Wa7X,35-44 years old,1,At home,Pour over,,Pourover,Medium,Bright,Medium,Full caffeine,6.0,3.0,2.0,2.0,4.0,Coffee D,$40-$60,Female,Master's degree,Employed full-time
J2M1ko,18-24 years old,,"At home, On the go","Pour over, Coffee brewing machine (e.g. Mr. Coffee), Other",Other,Pourover,Medium,Chocolatey,Somewhat strong,Full caffeine,4.0,,,,,,,,,
7dMLqa,35-44 years old,1,"At home, At the office, On the go","Pour over, Espresso, Cold brew","Drive-thru, National chain (e.g. Starbucks, Dunkin), Local cafe",Pourover,Light,Fruity,Medium,,6.0,4.0,3.0,2.0,5.0,Coffee D,$40-$60,Female,Bachelor's degree,Employed full-time
42zJob,35-44 years old,2,At home,"Pour over, Espresso, French press",,Espresso,,Full Bodied,,,,,,,,,,,,
MAMNrY,35-44 years old,2,"At the office, At home",Pour over,,Regular drip coffee,Light,Floral,Medium,Full caffeine,7.0,3.0,2.0,2.0,5.0,Coffee D,$20-$40,Male,Bachelor's degree,Employed full-time
eBvrAl,25-34 years old,2,,,,,,,,,,,,,,,,,,
BG0pZK,25-34 years old,1,At home,Pour over,,Pourover,Light,Fruity,Somewhat strong,Full caffeine,7.0,4.0,1.0,3.0,5.0,Coffee D,$20-$40,Male,Bachelor's degree,Employed full-time
VZDzDg,35-44 years old,2,"At home, At the office",Pour over,,Pourover,Medium,Fruity,Somewhat strong,Full caffeine,7.0,2.0,2.0,4.0,3.0,Coffee C,$40-$60,Non-binary,Master's degree,Employed full-time
ZdDdjy,25-34 years old,2,"At a cafe, At the office, At home","French press, Coffee brewing machine (e.g. Mr. Coffee)",,Regular drip coffee,Medium,Nutty,Somewhat strong,Full caffeine,7.0,,,,,,,,,
pLvp8J,,,"At a cafe, At home",,,Cortado,,,,,,,,,,,,,,
J2M4vz,35-44 years old,2,"At home, On the go, At the office",Pour over,Local cafe,Pourover,Light,Bright,Medium,Full caffeine,7.0,5.0,3.0,3.0,4.0,Coffee A,$40-$60,Male,,
lNvxGB,25-34 years old,1,"At home, At the office",Coffee brewing machine (e.g. Mr. Coffee),,Cold brew,Medium,Nutty,Somewhat strong,Full caffeine,6.0,2.0,3.0,4.0,3.0,Coffee C,$40-$60,Male,Bachelor's degree,Employed full-time
jBv18R,18-24 years old,1,At home,"Pour over, French press",,Pourover,Light,Bright,Somewhat strong,Full caffeine,7.0,2.0,4.0,1.0,5.0,Coffee D,$20-$40,Prefer not to say,Bachelor's degree,Employed full-time
42zgZb,35-44 years old,3,"At home, At the office","Pour over, French press",,Pourover,Dark,Chocolatey,Somewhat strong,Full caffeine,7.0,3.0,2.0,5.0,4.0,Coffee C,$60-$80,Male,Some college or associate's degree,Employed full-time
BG0OK1,25-34 years old,2,"At home, On the go, At a cafe, At the office","Pour over, French press","Specialty coffee shop, Local cafe",Pourover,Light,Sweet,Medium,Full caffeine,8.0,5.0,3.0,4.0,4.0,Coffee D,$20-$40,Male,Bachelor's degree,Employed full-time
24o8aA,25-34 years old,,At home,"Pour over, Espresso",,Cortado,Medium,Bright,Medium,Full caffeine,6.0,,,,,,,,,
kYzalJ,18-24 years old,2,"At home, At a cafe","Pour over, Espresso, Other",,Pourover,Light,Fruity,Somewhat strong,Full caffeine,7.0,4.0,3.0,4.0,5.0,Coffee D,$40-$60,Male,Bachelor's degree,Employed full-time
42OQ7r,25-34 years old,4,At home,Coffee brewing machine (e.g. Mr. Coffee),,Regular drip coffee,Light,Chocolatey,Medium,Full caffeine,6.0,4.0,4.0,4.0,3.0,Coffee B,$80-$100,Male,Bachelor's degree,Employed full-time
NAPD6p,35-44 years old,1,At home,"Pour over, Espresso",,Pourover,Nordic,Sweet,Medium,Full caffeine,8.0,3.0,4.0,3.0,4.0,Coffee A,$40-$60,Male,Some college or associate's degree,Employed part-time
zKdykZ,35-44 years old,2,At home,"Pour over, French press, Espresso, Coffee brewing machine (e.g. Mr. Coffee), Coffee extract (e.g. Cometeer)",,Espresso,Medium,Fruity,Somewhat strong,Full caffeine,9.0,1.0,3.0,5.0,4.0,Coffee C,$60-$80,Male,Master's degree,Employed full-time
RzjoPd,18-24 years old,2,At home,Pod/capsule machine (e.g. Keurig/Nespresso),,Cappuccino,Medium,Bold,Medium,Full caffeine,6.0,3.0,5.0,4.0,2.0,Coffee B,$20-$40,Male,Bachelor's degree,Employed full-time
jBzo99,45-54 years old,1,At home,Coffee brewing machine (e.g. Mr. Coffee),,Iced coffee,Medium,Bright,Medium,Full caffeine,6.0,3.0,5.0,4.0,1.0,Coffee B,,,,
Grb9O2,18-24 years old,1,"At home, On the go, At the office, At a cafe","Pour over, Cold brew, Other","National chain (e.g. Starbucks, Dunkin)",Americano,Medium,Nutty,Medium,Full caffeine,4.0,2.0,5.0,4.0,3.0,Coffee B,$20-$40,Female,Some college or associate's degree,Student
g5z9gM,35-44 years old,2,At home,"Pour over, Espresso",,Pourover,Light,Fruity,Somewhat light,Full caffeine,7.0,5.0,3.0,1.0,4.0,Coffee A,$20-$40,Male,Bachelor's degree,Employed full-time
OAE5V7,25-34 years old,1,"At home, On the go",Coffee brewing machine (e.g. Mr. Coffee),"Drive-thru, National chain (e.g. Starbucks, Dunkin), Specialty coffee shop, Local cafe",Cortado,Dark,Bold,Medium,Full caffeine,3.0,2.0,4.0,3.0,3.0,Coffee C,$20-$40,Male,Bachelor's degree,Employed full-time
5dVzNP,25-34 years old,2,"At home, At a cafe",Pour over,,Regular drip coffee,Light,Fruity,Medium,Full caffeine,7.0,4.0,2.0,3.0,5.0,Coffee D,$40-$60,Male,Master's degree,Employed full-time
DVaVJ5,25-34 years old,Less than 1,"At home, At a cafe",Pour over,,Pourover,Medium,Chocolatey,Somewhat strong,Full caffeine,7.0,3.0,3.0,2.0,1.0,Coffee B,$20-$40,Male,Bachelor's degree,Employed full-time
7dEobZ,25-34 years old,3,"At home, At a cafe","Pour over, Other",,Regular drip coffee,Light,Fruity,Somewhat light,Full caffeine,7.0,4.0,2.0,2.0,4.0,Coffee D,$40-$60,Male,Bachelor's degree,Employed full-time
9d4vR4,25-34 years old,2,,"Pour over, Other",,Espresso,Medium,Caramalized,Very strong,Full caffeine,5.0,,,,,,,,,
vNzL7d,25-34 years old,Less than 1,At home,"Pour over, Espresso",,Pourover,Light,Juicy,Somewhat strong,Half caff,8.0,5.0,2.0,3.0,4.0,Coffee A,$20-$40,Male,Bachelor's degree,Unemployed
GrbJYp,18-24 years old,1,At home,Pour over,,Latte,Medium,Caramalized,Medium,Full caffeine,3.0,3.0,3.0,4.0,2.0,Coffee B,<$20,Female,Bachelor's degree,Employed full-time
Al96kN,18-24 years old,2,"At home, At a cafe","Pour over, Espresso",,Cortado,Medium,Chocolatey,Somewhat strong,Full caffeine,8.0,3.0,5.0,4.0,4.0,Coffee B,$40-$60,Male,Some college or associate's degree,Student
MAV78l,,More than 4,,,,,,,,,,,,,,,,,,
Al9jbl,25-34 years old,2,At home,Pour over,,Pourover,Light,Juicy,Somewhat strong,Full caffeine,8.0,5.0,3.0,3.0,4.0,Coffee A,$20-$40,Male,Bachelor's degree,Employed part-time
24oDgL,18-24 years old,1,At home,Other,,Espresso,Light,Chocolatey,Somewhat strong,Full caffeine,6.0,2.0,5.0,4.0,2.0,Coffee B,<$20,Male,Bachelor's degree,Employed full-time
blzzoL,45-54 years old,2,"At home, At the office","Coffee brewing machine (e.g. Mr. Coffee), Espresso",,Americano,Medium,Full Bodied,Somewhat strong,Full caffeine,6.0,3.0,4.0,5.0,1.0,Coffee C,$40-$60,Male,,Employed full-time
VZNxYM,45-54 years old,1,At home,Coffee brewing machine (e.g. Mr. Coffee),,Regular drip coffee,,,,,,,,,,,,,,
DVaWjl,45-54 years old,2,"At a cafe, At home, On the go","Pour over, French press, Espresso, Coffee brewing machine (e.g. Mr. Coffee)","Local cafe, Specialty coffee shop, Drive-thru, National chain (e.g. Starbucks, Dunkin)",Mocha,Dark,Bold,Very strong,Full caffeine,7.0,3.0,2.0,5.0,1.0,Coffee C,$60-$80,Female,Bachelor's degree,Employed full-time
KMGOe7,35-44 years old,Less than 1,"At home, At a cafe",Pour over,,Pourover,Light,Bright,Somewhat strong,Half caff,6.0,4.0,2.0,3.0,5.0,Coffee D,$40-$60,Male,Master's degree,Employed full-time
blzgY1,25-34 years old,1,"At home, At a cafe",Other,,Latte,Medium,Chocolatey,Very strong,Full caffeine,2.0,5.0,3.0,3.0,5.0,Coffee D,$40-$60,Female,Doctorate or professional degree,Employed full-time
KMGOjK,25-34 years old,Less than 1,"At home, At a cafe",French press,,Pourover,Medium,Fruity,Somewhat strong,Half caff,6.0,5.0,2.0,2.0,4.0,Coffee A,>$100,Male,Bachelor's degree,Employed full-time
LdOgG1,25-34 years old,1,At home,Espresso,,Espresso,Light,Juicy,Medium,Half caff,5.0,5.0,2.0,1.0,4.0,Coffee A,$40-$60,Male,Some college or associate's degree,Employed part-time
yl1GZ8,45-54 years old,1,At home,"French press, Espresso, Cold brew, Other",,Cortado,Light,Bright,Medium,Full caffeine,8.0,4.0,3.0,5.0,2.0,Coffee C,$20-$40,Male,Bachelor's degree,Employed full-time
Zdegkz,25-34 years old,2,"At home, On the go, At a cafe","Pour over, Cold brew, Instant coffee","Specialty coffee shop, Local cafe, Deli or supermarket",Pourover,Medium,Floral,Medium,Full caffeine,6.0,2.0,5.0,3.0,3.0,Coffee B,$40-$60,Non-binary,Bachelor's degree,Employed part-time
BGe5v5,25-34 years old,2,At home,"Espresso, Pour over",,Espresso,Light,Fruity,Medium,Full caffeine,7.0,4.0,2.0,3.0,5.0,Coffee D,$40-$60,Male,Master's degree,Employed full-time
eBz8bE,25-34 years old,Less than 1,"At home, At a cafe",Pour over,,Latte,Medium,Caramalized,Medium,Full caffeine,6.0,3.0,3.0,4.0,1.0,Coffee C,$20-$40,Non-binary,Bachelor's degree,Unemployed
xdz8yk,18-24 years old,1,"At home, At the office",Pour over,,Espresso,Medium,Juicy,Somewhat strong,Full caffeine,5.0,2.0,2.0,3.0,5.0,Coffee D,$20-$40,Male,Master's degree,Employed full-time
oAzL9x,,,At home,,,,,,,,,,,,,,,,,
0EkEeB,18-24 years old,2,"At home, At the office",Pour over,,Pourover,Light,Fruity,Medium,Full caffeine,6.0,5.0,3.0,3.0,5.0,Coffee D,$40-$60,Male,Some college or associate's degree,Student
QA4GOY,25-34 years old,1,"On the go, At home","Pour over, Espresso","Specialty coffee shop, National chain (e.g. Starbucks, Dunkin), Local cafe",Latte,Medium,Bright,Medium,Decaf,8.0,5.0,3.0,5.0,5.0,Coffee A,$40-$60,Male,Doctorate or professional degree,Student
9d4eBQ,45-54 years old,2,At the office,,,Regular drip coffee,Medium,Bright,Somewhat strong,Full caffeine,2.0,3.0,3.0,3.0,3.0,Coffee C,<$20,Male,Some college or associate's degree,Employed full-time
rlYNrp,25-34 years old,Less than 1,"At home, On the go, At the office","Pour over, Cold brew","Specialty coffee shop, Local cafe, Drive-thru",Pourover,Light,Bright,Somewhat light,Full caffeine,5.0,2.0,3.0,4.0,1.0,Coffee C,<$20,Male,Bachelor's degree,Employed full-time
rlqy52,>65 years old,1,At home,Coffee brewing machine (e.g. Mr. Coffee),,Regular drip coffee,Medium,Chocolatey,Medium,Half caff,4.0,2.0,3.0,4.0,4.0,Coffee C,,,,
qbN5N7,,,At home,Espresso,,Cortado,,,,,,,,,,,,,,
AlQKkB,25-34 years old,3,"At home, At the office","Pour over, Coffee brewing machine (e.g. Mr. Coffee), Cold brew",,Regular drip coffee,Light,Juicy,Somewhat strong,Full caffeine,6.0,3.0,2.0,4.0,5.0,Coffee D,,,,
8dEazr,25-34 years old,3,"At home, At the office","Pour over, Cold brew, Espresso",,Regular drip coffee,Light,Juicy,Somewhat strong,Full caffeine,6.0,3.0,2.0,4.0,5.0,Coffee B,$60-$80,Male,Master's degree,Employed full-time
DVWzjb,35-44 years old,Less than 1,None of these,,,Blended drink (e.g. Frappuccino),Medium,Sweet,Very strong,Full caffeine,7.0,4.0,3.0,3.0,3.0,Coffee A,$20-$40,Male,Some college or associate's degree,Employed full-time
oAxM95,25-34 years old,4,At the office,,,Cold brew,Medium,Full Bodied,Medium,Full caffeine,5.0,3.0,2.0,2.0,4.0,Coffee D,$40-$60,Female,Master's degree,Employed full-time
lN4RDV,25-34 years old,Less than 1,"At home, At the office","Coffee brewing machine (e.g. Mr. Coffee), Pod/capsule machine (e.g. Keurig/Nespresso), Instant coffee, Cold brew",,,,,,,,,,,,,,,,
jBEq21,35-44 years old,2,At home,"Espresso, Coffee brewing machine (e.g. Mr. Coffee)",,Cortado,Medium,Caramalized,Somewhat strong,Full caffeine,6.0,5.0,4.0,3.0,1.0,Coffee A,$80-$100,Female,Bachelor's degree,Employed full-time
QAEpMA,35-44 years old,More than 4,"At home, On the go","Coffee brewing machine (e.g. Mr. Coffee), Instant coffee, Espresso","National chain (e.g. Starbucks, Dunkin), Specialty coffee shop, Drive-thru",Regular drip coffee,Medium,Full Bodied,Somewhat strong,Full caffeine,6.0,3.0,4.0,2.0,2.0,Coffee B,$20-$40,Male,High school graduate,Employed full-time
xd67ZE,25-34 years old,1,At home,Pour over,,Pourover,Light,Juicy,Medium,Full caffeine,8.0,4.0,2.0,3.0,5.0,Coffee D,$20-$40,Male,Bachelor's degree,Employed full-time
WAZarR,25-34 years old,,,,,,,,,,,,,,,,,,,
OAVNZK,25-34 years old,1,"At home, At a cafe","Pour over, Coffee brewing machine (e.g. Mr. Coffee)",,Latte,Light,Caramalized,Medium,Full caffeine,5.0,4.0,3.0,2.0,4.0,Coffee A,$20-$40,Male,Doctorate or professional degree,Employed full-time
jBEVgx,18-24 years old,1,At home,"Pour over, French press, Espresso, Cold brew, Other",,Latte,Light,Sweet,Medium,Full caffeine,6.0,4.0,3.0,2.0,4.0,Coffee A,$20-$40,Male,Bachelor's degree,Employed part-time
aBlMgq,45-54 years old,2,"At home, At a cafe",Other,,Latte,Light,Full Bodied,Medium,Full caffeine,4.0,3.0,4.0,2.0,1.0,Coffee B,$20-$40,Male,Master's degree,Employed full-time
oAxPWX,35-44 years old,2,At home,Other,,Regular drip coffee,Dark,Full Bodied,Somewhat strong,Full caffeine,7.0,3.0,2.0,2.0,4.0,Coffee D,$40-$60,Male,Bachelor's degree,Employed part-time
qbN99Y,25-34 years old,1,At home,Pod/capsule machine (e.g. Keurig/Nespresso),,Latte,Medium,Caramalized,Medium,Full caffeine,2.0,2.0,4.0,3.0,3.0,Coffee A,$20-$40,Female,Master's degree,Employed full-time
Ldo8Pz,35-44 years old,3,"At home, At a cafe, At the office","Coffee brewing machine (e.g. Mr. Coffee), Pour over, French press, Instant coffee",,Regular drip coffee,Light,Bright,Somewhat strong,Full caffeine,8.0,5.0,3.0,5.0,4.0,Coffee A,$40-$60,Non-binary,Some college or associate's degree,Employed full-time
0EAKN6,25-34 years old,Less than 1,None of these,,,Other,Light,Floral,Medium,Decaf,1.0,3.0,2.0,1.0,3.0,Coffee A,<$20,Male,Master's degree,Employed full-time
J2BN4o,25-34 years old,1,"At the office, At home, At a cafe, On the go","Espresso, Pod/capsule machine (e.g. Keurig/Nespresso)","National chain (e.g. Starbucks, Dunkin), Local cafe",Mocha,Italian,Bold,Very strong,Half caff,5.0,4.0,3.0,3.0,5.0,Coffee D,$20-$40,Male,Doctorate or professional degree,Employed full-time
9dxN61,25-34 years old,2,"At home, At the office",Pour over,,Pourover,Light,Full Bodied,Somewhat strong,Full caffeine,4.0,,,,,,,,,
xdgr4o,55-64 years old,3,At home,"Pour over, French press, Pod/capsule machine (e.g. Keurig/Nespresso)",,Americano,Dark,Chocolatey,Very strong,Full caffeine,5.0,2.0,2.0,4.0,4.0,Coffee C,$20-$40,Male,Master's degree,Student
LdVpav,25-34 years old,3,"At home, At the office","Pour over, Coffee brewing machine (e.g. Mr. Coffee)",,Pourover,Medium,Full Bodied,Somewhat strong,Full caffeine,7.0,4.0,2.0,3.0,5.0,Coffee D,$20-$40,Male,Master's degree,Employed full-time
BG67VA,25-34 years old,2,"At home, At the office",Pour over,,Pourover,Medium,Bright,Somewhat strong,Full caffeine,5.0,4.0,2.0,2.0,3.0,Coffee A,<$20,Male,Master's degree,Employed full-time
Xe90az,25-34 years old,More than 4,"At home, At a cafe, On the go","Pour over, French press, Espresso, Coffee extract (e.g. Cometeer), Cold brew",Specialty coffee shop,Pourover,Light,Juicy,Somewhat strong,Full caffeine,7.0,4.0,2.0,1.0,3.0,Coffee A,>$100,Male,Bachelor's degree,Employed full-time
1rO7Wp,25-34 years old,1,At home,"Pour over, Espresso",,Pourover,Light,Fruity,Somewhat strong,Full caffeine,6.0,5.0,2.0,3.0,3.0,Coffee A,$20-$40,Male,Bachelor's degree,Employed full-time
dYzkGz,25-34 years old,1,At home,"Espresso, Pour over",,Espresso,Medium,Fruity,Medium,Full caffeine,7.0,4.0,,,4.0,,,,,
kYgAej,25-34 years old,2,At home,"Pour over, Espresso",,Cortado,Medium,Juicy,Somewhat strong,Full caffeine,7.0,4.0,4.0,2.0,5.0,Coffee D,$80-$100,Male,Bachelor's degree,Employed full-time
1rOvvQ,35-44 years old,3,"At the office, At home, At a cafe",Coffee brewing machine (e.g. Mr. Coffee),,Regular drip coffee,Medium,Caramalized,Somewhat strong,Full caffeine,7.0,2.0,5.0,4.0,3.0,Coffee B,$40-$60,Male,Master's degree,Employed full-time
1rOvMQ,25-34 years old,1,"At home, At the office","Other, Coffee brewing machine (e.g. Mr. Coffee)",,Americano,Medium,Caramalized,Somewhat strong,Full caffeine,6.0,2.0,4.0,3.0,5.0,Coffee D,$20-$40,Male,Bachelor's degree,Employed full-time
Rz2JQv,35-44 years old,3,At home,"Other, French press, Pour over",,Americano,Medium,Full Bodied,Somewhat strong,Full caffeine,6.0,1.0,3.0,4.0,3.0,Coffee C,$40-$60,Male,Some college or associate's degree,Employed full-time
ZdWzBV,25-34 years old,1,At home,Pour over,,Pourover,Light,Sweet,Somewhat strong,Full caffeine,7.0,5.0,4.0,2.0,3.0,Coffee A,$40-$60,Male,Bachelor's degree,Employed full-time
24VxvM,25-34 years old,Less than 1,"At home, At a cafe",Espresso,,Latte,Dark,Chocolatey,Somewhat strong,Full caffeine,4.0,3.0,2.0,4.0,1.0,Coffee C,,,,
pL54N8,18-24 years old,Less than 1,"At home, At the office, At a cafe","Pour over, Pod/capsule machine (e.g. Keurig/Nespresso)",,Espresso,Dark,Full Bodied,Medium,Half caff,4.0,5.0,2.0,1.0,1.0,Coffee A,$80-$100,Prefer not to say,Master's degree,Student
QAjOAg,25-34 years old,2,"At home, At the office",Espresso,,Cappuccino,Medium,Fruity,Somewhat strong,Full caffeine,7.0,2.0,1.0,2.0,4.0,Coffee D,<$20,Female,High school graduate,Unemployed
42EpEY,25-34 years old,More than 4,At home,"Espresso, Bean-to-cup machine, Cold brew, French press, Pour over",,Cortado,Light,Bright,Somewhat strong,Full caffeine,7.0,,,,,,,,,
PA44VP,>65 years old,2,At home,Coffee brewing machine (e.g. Mr. Coffee),,Regular drip coffee,Medium,Chocolatey,Medium,Full caffeine,2.0,5.0,3.0,4.0,1.0,Coffee A,$20-$40,Female,Master's degree,Retired
vNgpPD,>65 years old,2,At home,Coffee brewing machine (e.g. Mr. Coffee),,Regular drip coffee,Light,Nutty,Medium,Full caffeine,2.0,4.0,2.0,2.0,2.0,Coffee A,$20-$40,Male,Bachelor's degree,Retired
g5ggRM,18-24 years old,1,"At a cafe, At home, On the go, At the office","Espresso, Pod/capsule machine (e.g. Keurig/Nespresso), Instant coffee, Other","National chain (e.g. Starbucks, Dunkin), Drive-thru, Local cafe, Specialty coffee shop",Latte,Light,Sweet,Somewhat strong,Full caffeine,5.0,3.0,4.0,1.0,5.0,Coffee C,$40-$60,Male,Some college or associate's degree,Employed full-time
rlgbDN,25-34 years old,2,At home,Pour over,,Iced coffee,Medium,Nutty,Somewhat strong,Full caffeine,6.0,4.0,3.0,3.0,2.0,Coffee A,$20-$40,Male,Bachelor's degree,Unemployed
0EGYe9,25-34 years old,1,At home,"Pour over, French press, Espresso, Other",,Latte,Medium,Chocolatey,Medium,Full caffeine,6.0,5.0,3.0,3.0,4.0,Coffee A,$20-$40,Female,Doctorate or professional degree,Employed full-time
